local DATA = {
"P|Part|453.894,125.6424,117.0458,-1,0,0,0,-0.866,0.5,0,0.5,0.866|2.3055,4.3135,25.5838|0.9725,0.9725,0.9725|256|0|1|1|1|1|0|1",
"P|Part|456.5894,108.4576,43.106,0,0,-1,-0.999,0.0453,0,0.0453,0.999,0|1.2816,6.7849,4.5497|0.9725,0.9725,0.9725|256|0|1|1|1|1|0|1",
"P|Part|456.5894,149.5529,88.6896,0,0,-1,0.2141,-0.9768,0,-0.9768,-0.2141,0|1.2578,0.6176,7.1059|0.9725,0.9725,0.9725|256|0|1|1|1|1|0|1",
"P|Part|456.5892,90.2707,98.8401,0,0,-1,-0.6872,-0.7265,0,-0.7265,0.6872,0|0.8529,0.453,4.8188|0.9725,0.9725,0.9725|256|0|1|1|1|1|0|1",
"P|Part|-88.8882,82.5319,17.4738,1,0,0,0,1,0,0,0,1|14.6088,2.4348,14.6088|0.8745,0.8745,0.8706|256|0|1|1|1|1|0|1",
"P|Part|456.5892,131.6975,67.2442,0,0,-1,-0.5106,-0.8598,0,-0.8598,0.5106,0|0.8691,4.6011,3.0853|0.9725,0.9725,0.9725|256|0|1|1|1|1|0|1",
"P|Part|-154.9201,115.6452,165.7533,-1,0,0,0,1,0,0,0,-1|2.1426,51.6178,1.0713|0.8745,0.8745,0.8706|256|0|1|1|1|1|0|1",
"P|Part|24.8439,78.4455,82.6099,0,1,0,-1,0,0,0,0,1|0.2519,0.5775,3.6814|0.9373,0.7216,0.2196|256|0|1|1|1|1|0.1|1",
"P|Clock Aura|-72.9766,155.4334,88.8231,0,0,1,0,1,0,-1,0,0|65.0694,10.6308,8.1154|0.051,0.4118,0.6745|256|1|1|1|1|1|0|1|AT:start1:0,21.2617,12.1731,0,0,0|BM:watch:rbxassetid://8966783318:37.208:37.208|AT:middleB:0,-17.5353,12.1731,0,0,0|AT:end1:0,-15.9463,12.1731,0,0,0|AT:middle:0,2.6577,12.1569,0,0,0|BM:glow:rbxassetid://8920075832:37.208:37.208",
"P|Part|456.5892,115.8668,40.1348,0,0,-1,0.9899,0.1421,0,0.1421,-0.9899,0|1.2578,0.668,7.1059|0.9725,0.9725,0.9725|256|0|1|1|1|1|0|1",
"P|Part|336.2178,153.2417,22.1795,-0.7071,0,0.7071,0,1,0,-0.7071,0,-0.7071|0.0302,0.3862,1.0138|0.4196,0.1961,0.4863|256|0|1|1|1|1|0.1|1",
"P|Part|456.5894,108.8933,130.5898,0,0,-1,0.9997,0.0245,0,0.0245,-0.9997,0|0.8691,3.107,3.0853|0.9725,0.9725,0.9725|256|0|1|1|1|1|0.1|1",
"P|Part|170.7474,66.0812,21.4347,-0.7071,0,0.7071,0,-1,0,0.7071,0,0.7071|0.0302,0.3862,1.0138|0.4196,0.1961,0.4863|256|0|1|1|1|1|0.1|1",
"P|Part|456.5892,110.1341,43.0682,0,0,-1,-1,0,0,0,1,0|1.2816,6.7849,4.5497|0.9725,0.9725,0.9725|256|0|1|1|1|1|0|1",
"P|Part|256.7758,109.5029,20.9925,0,0.7071,-0.7071,-1,0,0,0,0.7071,0.7071|92.9901,2.157,4.3139|1,1,1|256|0|1|1|1|1|0|1",
"P|Part|456.5892,121.6192,130.8538,0,0,-1,0.2224,0.975,0,0.975,-0.2224,0|0.5199,0.8181,4.424|0.9373,0.7216,0.2196|256|0|1|1|1|1|0.1|1",
"P|Part|453.8936,134.8461,80.0426,0,0,-1,0,1,0,1,0,0|11.2678,1.7843,2.3048|0.9373,0.7216,0.2196|256|0|1|1|1|1|0.1|1",
"P|Object.cfaf|-186.5856,94.4704,74.1003,0,0,1,0,1,0,-1,0,0|0.1967,0.4945,17.2214|0.8353,0.451,0.2392|256|0|1|1|1|1|0|1",
"P|Part|456.5894,134.93,76.2529,0,0,-1,-0.1515,-0.9885,0,-0.9885,0.1515,0|0.8691,4.6011,3.0853|0.9725,0.9725,0.9725|256|0|1|1|1|1|0|1",
"P|Part|18.7773,82.6997,80.6996,0,-0.7071,0.7071,-1,0,0,0,-0.7071,-0.7071|0.1637,0.3754,2.3934|0.9373,0.7216,0.2196|256|0|1|1|1|1|0.1|1",
"P|Part|456.5893,116.8853,106.5637,0,0,-1,0.9691,-0.2466,0,-0.2467,-0.9691,0|0.8529,0.4188,4.8188|0.9725,0.9725,0.9725|256|0|1|1|1|1|0|1",
"P|Part|166.6273,82.1805,144.7148,0,-1,0,1,0,0,0,0,1|2.0061,3.0129,3.01|0.9373,0.7216,0.2196|256|0|1|1|1|1|0.1|1",
"P|Part|249.5734,65.9665,21.1813,-0.7071,0,0.7071,0,-1,0,0.7071,0,0.7071|0.0481,0.6156,1.616|0.9373,0.7216,0.2196|256|0|1|1|1|1|0.1|1",
"P|Part|332.0445,65.9665,139.4227,0,0,1,0,-1,0,1,0,0|0.0481,0.6156,1.616|0.9373,0.7216,0.2196|256|0|1|1|1|1|0.1|1",
"P|Part|456.5894,88.2741,63.6191,0,0,-1,0.6007,-0.7995,0,-0.7995,-0.6007,0|0.8529,0.453,4.8188|0.9725,0.9725,0.9725|256|0|1|1|1|1|0|1",
"P|Part|229.3425,152.0048,18.0568,0,0,1,0,-1,0,1,0,0|0.467,0.2547,0.9339|0.9373,0.7216,0.2196|256|0|1|1|1|1|0.1|1",
"P|Part|332.8539,62.7494,18.0541,0,1,0,1,0,0,0,0,-1|0.4577,13.5582,13.5582|0.9373,0.7216,0.2196|256|0|1|1|1|1|0.1|1",
"P|Part|456.5892,102.1701,119.6033,0,0,-1,0.9803,0.1974,0,0.1974,-0.9803,0|1.2578,0.6176,7.1059|0.9725,0.9725,0.9725|256|0|1|1|1|1|0|1",
"U|CorinthianCapital|77.9918,152.1356,140.0197,0.7071,-0.7071,0,0,0,-1,0.7071,0.7071,0|8.0252,2.6197,8.6911|0.9725,0.9725,0.9725|256|0|1|1|1|1|0|1",
"P|Part|-88.8882,86.7928,172.6925,1,0,0,0,1,0,0,0,1|2.4348,6.087,1.2174|0.8745,0.8745,0.8706|256|0|1|1|1|1|0|1",
"P|Part|-206.9762,147.1759,-9.7961,0,0,1,0,1,0,-1,0,0|2.9218,2.6783,1.4609|0.8745,0.8745,0.8706|256|0|1|1|1|1|0|1",
"P|Part|417.1078,66.5821,147.8672,0.7071,0,-0.7071,0,1,0,0.7071,0,0.7071|0.0481,0.6156,1.616|0.9373,0.7216,0.2196|256|0|1|1|1|1|0.1|1",
"P|Part|208.9618,118.1851,144.709,0,1,0,1,0,0,0,0,-1|2.0061,3.0129,3.01|0.9373,0.7216,0.2196|256|0|1|1|1|1|0.1|1",
"P|Part|156.0819,118.1851,18.0568,0,-1,0,1,0,0,0,0,1|2.0061,3.0129,3.01|0.9373,0.7216,0.2196|256|0|1|1|1|1|0.1|1",
"P|Part|456.5893,136.3094,88.0374,0,0,-1,0.2919,-0.9564,0,-0.9564,-0.2919,0|0.8529,0.4188,4.8188|0.9725,0.9725,0.9725|256|0|1|1|1|1|0|1",
"P|Part|230.2764,152.0048,18.0568,0,0,-1,0,-1,0,-1,0,0|0.467,0.2547,0.9339|0.9373,0.7216,0.2196|256|0|1|1|1|1|0.1|1",
"P|Part|456.5894,121.5111,102.4027,0,0,-1,-0.8912,0.4535,0,0.4535,0.8913,0|0.8691,4.6011,3.0853|0.9725,0.9725,0.9725|256|0|1|1|1|1|0|1",
"P|Part|16.6397,79.3056,78.5622,0,-0.7071,0.7071,-1,0,0,0,-0.7071,-0.7071|0.3469,0.7955,5.0713|0.9373,0.7216,0.2196|256|0|1|1|1|1|0.1|1",
"P|Part|456.5894,136.2997,123.3182,0,0,-1,-0.8557,0.5175,0,0.5175,0.8557,0|0.8691,3.107,3.0853|0.9725,0.9725,0.9725|256|0|1|1|1|1|0.1|1",
"P|Part|456.5893,85.5286,126.0258,0,0,-1,-0.4708,0.8822,0,0.8822,0.4708,0|0.5199,0.8181,4.424|0.9373,0.7216,0.2196|256|0|1|1|1|1|0.1|1",
"P|Part|224.0699,159.5042,18.0569,0,0,1,0,1,0,-1,0,0|0.467,5.7054,0.9339|0.9373,0.7216,0.2196|256|0|1|1|1|1|0.1|1",
"P|Part|456.5894,132.4641,64.2291,0,0,-1,-0.5781,-0.8159,0,-0.8159,0.5781,0|0.8529,0.4188,4.8188|0.9725,0.9725,0.9725|256|0|1|1|1|1|0|1",
"P|Part|328.7474,66.0812,21.4347,-0.7071,0,0.7071,0,-1,0,0.7071,0,0.7071|0.0302,0.3862,1.0138|0.4196,0.1961,0.4863|256|0|1|1|1|1|0.1|1",
"P|Part|456.5894,123.3691,130.4232,0,0,-1,0.256,0.9667,0,0.9667,-0.256,0|0.5199,0.8181,4.424|0.9373,0.7216,0.2196|256|0|1|1|1|1|0.1|1",
"P|Part|456.5889,146.9827,76.9293,0,0,-1,-0.0844,-0.9964,0,-0.9964,0.0844,0|1.2816,6.7849,4.5497|0.9725,0.9725,0.9725|256|0|1|1|1|1|0|1",
"P|Part|-108.3666,115.6452,-3.1247,1,0,0,0,1,0,0,0,1|2.1426,51.6178,1.0713|0.8745,0.8745,0.8706|256|0|1|1|1|1|0|1",
"P|Part|254.8192,123.5212,18.0501,0,0,-1,0,1,0,1,0,0|3.0129,4.7177,3.0129|0.9373,0.7216,0.2196|256|0|1|1|1|1|0.1|1",
"P|Part|456.5896,115.6249,120.02,0,0,-1,0.9907,-0.136,0,-0.136,-0.9907,0|1.2578,0.6176,7.1059|0.9725,0.9725,0.9725|256|0|1|1|1|1|0|1",
"P|Part|367.9618,118.1851,144.709,0,1,0,1,0,0,0,0,-1|2.0061,3.0129,3.01|0.9373,0.7216,0.2196|256|0|1|1|1|1|0.1|1",
"P|Part|456.589,91.3302,33.1294,0,0,-1,0.9282,-0.372,0,-0.372,-0.9282,0|0.8691,3.107,3.0853|0.9725,0.9725,0.9725|256|0|1|1|1|1|0.1|1",
"P|Part|456.5892,160.2518,66.3174,0,0,-1,-0.9644,0.2645,0,0.2645,0.9644,0|0.5199,0.8181,4.424|0.9373,0.7216,0.2196|256|0|1|1|1|1|0.1|1",
"P|Part|257.9515,66.0812,14.6652,0.7071,0,-0.7071,0,-1,0,-0.7071,0,-0.7071|0.0302,0.3862,1.0138|0.4196,0.1961,0.4863|256|0|1|1|1|1|0.1|1",
"P|Part.48a2|-186.5856,94.4704,80.9697,0,0,1,0,1,0,-1,0,0|0.1967,0.4945,17.2214|0.8353,0.451,0.2392|256|0|1|1|1|1|0|1",
"P|Part|412.8501,109.5029,148.8639,0,0,-1,-1,0,0,0,1,0|92.9901,2.157,4.3139|1,1,1|256|0|1|1|1|1|0|1",
"P|Part|456.5892,94.1061,60.7617,0,0,-1,-0.7692,0.6391,0,0.6391,0.7692,0|0.8691,4.6011,3.0853|0.9725,0.9725,0.9725|256|0|1|1|1|1|0|1",
"P|Part|-129.6711,143.402,170.8664,0,0,1,0,1,0,-1,0,0|2.4348,4.8696,1.2174|0.8745,0.8745,0.8706|256|0|1|1|1|1|0|1",
"P|Part|456.5892,154.569,55.933,0,0,-1,0.477,0.8789,0,0.8789,-0.477,0|0.8691,3.107,3.0853|0.9725,0.9725,0.9725|256|0|1|1|1|1|0.1|1",
"P|Part|456.5892,153.4953,106.0597,0,0,-1,-0.5143,0.8576,0,0.8576,0.5143,0|0.8691,3.107,3.0853|0.9725,0.9725,0.9725|256|0|1|1|1|1|0.1|1",
"P|Part|456.5893,122.2347,118.541,0,0,-1,0.954,-0.2998,0,-0.2998,-0.954,0|1.2578,0.6176,7.1059|0.9725,0.9725,0.9725|256|0|1|1|1|1|0|1",
"P|Part|408.7296,66.4674,141.3489,-0.7071,0,0.7071,0,1,0,-0.7071,0,-0.7071|0.0302,0.3862,1.0138|0.4196,0.1961,0.4863|256|0|1|1|1|1|0.1|1",
"P|Part|-235.2199,147.1759,168.4316,0,0,-1,0,1,0,1,0,0|2.9218,2.6783,1.4609|0.8745,0.8745,0.8706|256|0|1|1|1|1|0|1",
"P|Part|175.6606,65.9665,12.7649,0,0,-1,0,-1,0,-1,0,0|0.0481,0.6156,1.616|0.9373,0.7216,0.2196|256|0|1|1|1|1|0.1|1",
"P|Part|-227.9642,115.6452,-9.5526,-1,0,0,0,1,0,0,0,-1|2.1426,51.6178,1.0713|0.8745,0.8745,0.8706|256|0|1|1|1|1|0|1",
"P|Part|177.7743,109.5029,15.1457,0,0.7071,0.7071,-1,0,0,0,-0.7071,0.7071|92.9901,2.157,4.3139|1,1,1|256|0|1|1|1|1|0|1",
"P|Part|262.0652,143.0838,144.7091,0,0,-1,0,1,0,1,0,0|0.467,5.7054,0.9339|0.9373,0.7216,0.2196|256|0|1|1|1|1|0.1|1",
"P|Part|409.716,66.5821,22.3241,-0.7071,0,-0.7071,0,1,0,0.7071,0,-0.7071|0.0481,0.6156,1.616|0.9373,0.7216,0.2196|256|0|1|1|1|1|0.1|1",
"P|Part|456.5889,154.9931,106.3614,0,0,-1,-0.8634,-0.5046,0,-0.5046,0.8634,0|0.5199,0.8181,4.424|0.9373,0.7216,0.2196|256|0|1|1|1|1|0.1|1",
"P|Part|456.5894,119.2063,54.25,0,0,-1,0.9434,0.3316,0,0.3316,-0.9434,0|0.8529,0.453,4.8188|0.9725,0.9725,0.9725|256|0|1|1|1|1|0|1",
"P|Part|330.6896,109.5029,12.8628,0,0.7071,0.7071,1,0,0,0,0.7071,-0.7071|92.9902,0.6058,0.6058|0.9373,0.7216,0.2196|256|0|1|1|1|1|0.1|1",
"P|Part|456.5893,103.8639,131.7895,0,0,-1,-0.1187,0.9929,0,0.9929,0.1187,0|0.5199,0.8181,4.424|0.9373,0.7216,0.2196|256|0|1|1|1|1|0.1|1",
"P|Part|150.8093,82.1805,18.0568,0,0,-1,0,1,0,1,0,0|3.0129,1.4035,31.6359|0.9373,0.7216,0.2196|256|0|1|1|1|1|0.1|1",
"P|Part|171.6982,66.5821,140.4574,0.7071,0,-0.7071,0,1,0,0.7071,0,0.7071|0.0481,0.6156,1.616|0.9373,0.7216,0.2196|256|0|1|1|1|1|0.1|1",
"P|Part|-105.9318,143.402,-3.8308,1,0,0,0,1,0,0,0,1|2.4348,4.8696,1.2174|0.8745,0.8745,0.8706|256|0|1|1|1|1|0|1",
"P|Part|-86.2099,115.6452,146.2262,0,0,1,0,1,0,-1,0,0|2.1426,51.6178,1.0713|0.8745,0.8745,0.8706|256|0|1|1|1|1|0|1",
"P|Part|456.5893,108.2088,39.7429,0,0,-1,-0.9989,0.0478,0,0.0478,0.9989,0|1.2578,0.6176,7.1059|0.9725,0.9725,0.9725|256|0|1|1|1|1|0|1",
"P|Part|456.5896,105.5006,116.7441,0,0,-1,-0.9921,-0.1253,0,-0.1253,0.9921,0|1.2816,6.7849,4.5497|0.9725,0.9725,0.9725|256|0|1|1|1|1|0|1",
"P|Part|-130.2798,86.7928,165.3881,-1,0,0,0,1,0,0,0,-1|2.4348,6.087,1.2174|0.8745,0.8745,0.8706|256|0|1|1|1|1|0|1",
"P|Part|456.5889,154.9931,106.3614,0,0,-1,-0.8634,-0.5046,0,-0.5046,0.8634,0|0.5199,0.8181,4.424|0.9373,0.7216,0.2196|256|0|1|1|1|1|0.1|1",
"P|Part|-86.4534,143.402,141.04,-1,0,0,0,1,0,0,0,-1|2.4348,4.8696,1.2174|0.8745,0.8745,0.8706|256|0|1|1|1|1|0|1",
"P|Part|-232.5416,143.402,14.4303,-1,0,0,0,1,0,0,0,-1|2.4348,4.8696,1.2174|0.8745,0.8745,0.8706|256|0|1|1|1|1|0|1",
"P|Part|456.5893,100.1447,119.1416,0,0,-1,0.9689,0.2476,0,0.2476,-0.9689,0|1.2578,0.6176,7.1059|0.9725,0.9725,0.9725|256|0|1|1|1|1|0|1",
"P|Part|253.0445,153.3564,12.765,0,0,1,0,1,0,-1,0,0|0.0481,0.6156,1.616|0.9373,0.7216,0.2196|256|0|1|1|1|1|0.1|1",
"P|Part|324.6273,82.1805,144.7148,0,-1,0,1,0,0,0,0,1|2.0061,3.0129,3.01|0.9373,0.7216,0.2196|256|0|1|1|1|1|0.1|1",
"P|Part|253.0438,65.9665,149.9476,0,0,1,0,-1,0,1,0,0|0.0481,0.6156,1.616|0.9373,0.7216,0.2196|256|0|1|1|1|1|0.1|1",
"P|Part|456.589,144.6605,43.1248,0,0,-1,0.7304,0.683,0,0.683,-0.7304,0|0.8691,3.107,3.0853|0.9725,0.9725,0.9725|256|0|1|1|1|1|0.1|1",
"P|Part|456.5893,137.1816,84.218,0,0,-1,0.1523,-0.9883,0,-0.9883,-0.1523,0|0.8529,0.4188,4.8188|0.9725,0.9725,0.9725|256|0|1|1|1|1|0|1",
"P|Part|193.1438,118.1851,144.7091,0,0,1,0,1,0,-1,0,0|3.0129,1.4035,31.6359|0.9373,0.7216,0.2196|256|0|1|1|1|1|0.1|1",
"P|Part|253.0438,66.5821,149.9476,0,0,1,0,1,0,-1,0,0|0.0481,0.6156,1.616|0.9373,0.7216,0.2196|256|0|1|1|1|1|0.1|1",
"P|Part|-129.7929,147.1759,164.7794,-1,0,0,0,1,0,0,0,-1|2.9218,2.6783,1.4609|0.8745,0.8745,0.8706|256|0|1|1|1|1|0|1",
"P|Part|338.1486,66.0812,17.5663,-1,0,0,0,-1,0,0,0,1|0.0302,0.3862,1.0138|0.4196,0.1961,0.4863|256|0|1|1|1|1|0.1|1",
"P|Part|170.5552,152.7408,141.6,0.7071,0,0.7071,0,-1,0,0.7071,0,-0.7071|0.0481,0.6156,1.616|0.9373,0.7216,0.2196|256|0|1|1|1|1|0.1|1",
"P|Part|456.5892,135.5258,69.8401,0,0,-1,-0.3731,-0.9278,0,-0.9278,0.3731,0|0.8529,0.4188,4.8188|0.9725,0.9725,0.9725|256|0|1|1|1|1|0|1",
"P|Part|418.0926,65.9665,18.88,1,0,0,0,-1,0,0,0,-1|0.0481,0.6156,1.616|0.9373,0.7216,0.2196|256|0|1|1|1|1|0.1|1",
"P|Part|456.5896,109.3755,29.5049,0,0,-1,0.9999,-0.015,0,-0.015,-0.9999,0|0.8691,3.107,3.0853|0.9725,0.9725,0.9725|256|0|1|1|1|1|0.1|1",
"P|Part|456.589,87.2267,34.9761,0,0,-1,-0.8915,0.453,0,0.453,0.8915,0|0.8691,3.107,3.0853|0.9725,0.9725,0.9725|256|0|1|1|1|1|0.1|1",
"P|Part|-94.0013,147.1759,-6.8743,0,0,-1,0,1,0,1,0,0|2.9218,2.6783,1.4609|0.8745,0.8745,0.8706|256|0|1|1|1|1|0|1",
"P|Part|-88.8882,86.7928,115.4746,-1,0,0,0,1,0,0,0,-1|2.4348,6.087,1.2174|0.8745,0.8745,0.8706|256|0|1|1|1|1|0|1",
"P|Part|456.5892,132.2598,109.6864,0,0,-1,-0.8013,0.5982,0,0.5982,0.8014,0|1.2816,6.7849,4.5497|0.9725,0.9725,0.9725|256|0|1|1|1|1|0|1",
"P|Part|254.6599,153.3564,23.2896,0,0,-1,0,1,0,1,0,0|0.0481,0.6156,1.616|0.9373,0.7216,0.2196|256|0|1|1|1|1|0.1|1",
"P|Part|456.5894,135.1233,77.9333,0,0,-1,-0.0844,-0.9964,0,-0.9964,0.0844,0|0.8691,4.6011,3.0853|0.9725,0.9725,0.9725|256|0|1|1|1|1|0|1",
"P|Part|456.5893,134.5551,34.1555,0,0,-1,-0.4708,0.8822,0,0.8822,0.4708,0|0.5199,0.8181,4.424|0.9373,0.7216,0.2196|256|0|1|1|1|1|0.1|1",
"P|Part|178.2178,152.8554,22.1795,0.7071,0,0.7071,0,-1,0,0.7071,0,-0.7071|0.0302,0.3862,1.0138|0.4196,0.1961,0.4863|256|0|1|1|1|1|0.1|1",
"P|Part|456.589,150.2263,84.6668,0,0,-1,0.1144,-0.9934,0,-0.9934,-0.1144,0|1.2578,0.6176,7.1059|0.9725,0.9725,0.9725|256|0|1|1|1|1|0|1",
"P|Part|-130.0364,115.6452,-9.0169,0,0,1,0,1,0,-1,0,0|2.1426,51.6178,1.0713|0.8745,0.8745,0.8706|256|0|1|1|1|1|0|1",
"P|Part|179.1078,66.5821,147.8672,0.7071,0,-0.7071,0,1,0,0.7071,0,0.7071|0.0481,0.6156,1.616|0.9373,0.7216,0.2196|256|0|1|1|1|1|0.1|1",
"U|CorinthianCapital|89.7643,149.3139,18.9422,-0.8365,0.2241,0.5,0.2588,0.9659,0,-0.483,0.1294,-0.866|2.0992,5.5728,2.2216|0.9725,0.9725,0.9725|256|0|1|1|1|1|0|1",
"P|Part|-227.1851,147.1759,147.7357,1,0,0,0,1,0,0,0,1|2.9218,2.6783,1.4609|0.8745,0.8745,0.8706|256|0|1|1|1|1|0|1",
"P|Part|-84.6273,86.7928,119.7355,0,0,1,0,1,0,-1,0,0|2.4348,6.087,1.2174|0.8745,0.8745,0.8706|256|0|1|1|1|1|0|1",
"P|Part|456.5893,107.3074,132.0885,0,0,-1,0.0525,-0.9986,0,-0.9986,-0.0525,0|0.5199,0.8181,4.424|0.9373,0.7216,0.2196|256|0|1|1|1|1|0.1|1",
"P|Part|453.8948,136.3015,110.8232,0,0,-1,0.637,0.7709,0,0.7709,-0.637,0|32.3246,1.7843,2.3048|0.9373,0.7216,0.2196|256|0|1|1|1|1|0.1|1",
"P|Part|456.591,74.2303,92.1059,-1,0,0,0,1,0,0,0,-1|17.089,0.8534,0.9479|0.9373,0.7216,0.2196|256|0|1|1|1|1|0.1|1",
"P|Part|456.589,84.6373,123.7067,0,0,-1,0.8635,0.5043,0,0.5044,-0.8635,0|0.8691,3.107,3.0853|0.9725,0.9725,0.9725|256|0|1|1|1|1|0.1|1",
"P|Part|18.7477,77.6461,84.5504,0,-0.7071,-0.7071,-1,0,0,0,0.7071,-0.7071|0.1663,0.3813,2.4307|0.9373,0.7216,0.2196|256|0|1|1|1|1|0.1|1",
"P|Part|-207.5849,143.402,-9.3091,0,0,1,0,1,0,-1,0,0|2.4348,4.8696,1.2174|0.8745,0.8745,0.8706|256|0|1|1|1|1|0|1",
"P|Part|456.5893,87.5195,69.2191,0,0,-1,0.432,-0.9019,0,-0.9019,-0.432,0|0.8691,4.6011,3.0853|0.9725,0.9725,0.9725|256|0|1|1|1|1|0|1",
"P|Part|453.8948,150.0493,72.5995,0,0,-1,0.9861,-0.1663,0,-0.1663,-0.9861,0|32.3246,1.7843,2.3048|0.9373,0.7216,0.2196|256|0|1|1|1|1|0.1|1",
"P|Part|308.8093,118.1851,144.7148,0,-1,0,1,0,0,0,0,1|2.0061,3.0129,3.01|0.9373,0.7216,0.2196|256|0|1|1|1|1|0.1|1",
"P|Part|328.7474,66.4674,21.4347,0.7071,0,0.7071,0,1,0,-0.7071,0,0.7071|0.0302,0.3862,1.0138|0.4196,0.1961,0.4863|256|0|1|1|1|1|0.1|1",
"P|Part|318.8878,143.0838,18.0569,0,0,1,0,1,0,-1,0,0|0.467,5.7054,0.9339|0.9373,0.7216,0.2196|256|0|1|1|1|1|0.1|1",
"P|Part|254.3592,66.4674,150.0043,0,0,-1,0,1,0,1,0,0|0.0302,0.3862,1.0138|0.4196,0.1961,0.4863|256|0|1|1|1|1|0.1|1",
"P|Part|418.1486,153.2417,144.2242,1,0,0,0,1,0,0,0,1|0.0302,0.3862,1.0138|0.4196,0.1961,0.4863|256|0|1|1|1|1|0.1|1",
"P|Part|456.589,104.403,119.9862,0,0,-1,0.9899,0.1421,0,0.1421,-0.9899,0|1.2578,0.6176,7.1059|0.9725,0.9725,0.9725|256|0|1|1|1|1|0|1",
"P|Part|456.5894,97.4571,104.294,0,0,-1,0.8861,0.4634,0,0.4634,-0.8861,0|0.8529,0.4188,4.8188|0.9725,0.9725,0.9725|256|0|1|1|1|1|0|1",
"P|Part|456.589,114.7678,43.3598,0,0,-1,-0.9921,-0.1254,0,-0.1254,0.9921,0|1.2816,6.7849,4.5497|0.9725,0.9725,0.9725|256|0|1|1|1|1|0|1",
"P|Part|456.5893,103.6171,40.2587,0,0,-1,0.9868,-0.1617,0,-0.1617,-0.9868,0|1.2578,0.668,7.1059|0.9725,0.9725,0.9725|256|0|1|1|1|1|0|1",
"P|Part|197.9493,156.5242,144.709,0,0,1,0,-1,0,1,0,0|0.467,0.2547,0.9339|0.9373,0.7216,0.2196|256|0|1|1|1|1|0.1|1",
"P|Part|456.5892,134.1529,35.5623,0,0,-1,0.8799,0.4751,0,0.4751,-0.88,0|0.8691,3.107,3.0853|0.9725,0.9725,0.9725|256|0|1|1|1|1|0.1|1",
"P|Part|18.3815,83.0167,84.9162,0,-0.7071,-0.7071,-1,0,0,0,0.7071,-0.7071|0.1977,0.4532,2.8894|0.9373,0.7216,0.2196|256|0|1|1|1|1|0.1|1",
"P|Part|456.5893,160.0559,72.0703,0,0,-1,0.1579,0.9875,0,0.9875,-0.1579,0|0.8691,3.107,3.0853|0.9725,0.9725,0.9725|256|0|1|1|1|1|0.1|1",
"P|Part|-108.3666,143.402,164.1707,-1,0,0,0,1,0,0,0,-1|2.4348,4.8696,1.2174|0.8745,0.8745,0.8706|256|0|1|1|1|1|0|1",
"M|Part.3126|-184.5303,95.7765,79.5263,-1,0,0,0,1,0,0,0,-1|12.766,1.8884,11.6122|1,0,0|256|0|0|1|1|1|0|1|rbxassetid://1619383600|",
"P|Part|-189.2021,147.1759,-10.5265,-1,0,0,0,1,0,0,0,-1|2.9218,2.6783,1.4609|0.8745,0.8745,0.8706|256|0|1|1|1|1|0|1",
"P|Part|256.9651,65.9665,149.0098,0.7071,0,0.7071,0,-1,0,0.7071,0,-0.7071|0.0481,0.6156,1.616|0.9373,0.7216,0.2196|256|0|1|1|1|1|0.1|1",
"P|Part|262.0652,140.1037,144.7091,0,0,-1,0,-1,0,-1,0,0|0.467,0.2547,0.9339|0.9373,0.7216,0.2196|256|0|1|1|1|1|0.1|1",
"P|Part|-227.0633,143.402,170.8664,0,0,1,0,1,0,-1,0,0|2.4348,4.8696,1.2174|0.8745,0.8745,0.8706|256|0|1|1|1|1|0|1",
"U|CorinthianCapital|81.8752,152.3697,137.9184,0.25,-0.067,-0.9659,0.2588,0.9659,0,0.933,-0.25,0.2588|2.0992,5.5728,2.2216|0.9725,0.9725,0.9725|256|0|1|1|1|1|0|1",
"P|Part|452.4378,126.7262,111.9812,-1,0,0,0,-0.866,0.5,0,0.5,0.866|0.2283,2.9223,7.6709|0.9373,0.7216,0.2196|256|0|1|1|1|1|0.1|1",
"P|Part|234.6152,146.4309,144.7148,0,0,1,0,-1,0,1,0,0|0.467,0.2547,0.9339|0.9373,0.7216,0.2196|256|0|1|1|1|1|0.1|1",
"P|Part|456.5894,108.9335,107.3823,0,0,-1,0.999,0.044,0,0.044,-0.999,0|0.8529,0.4188,4.8188|0.9725,0.9725,0.9725|256|0|1|1|1|1|0|1",
"P|Part|20.6877,83.4571,86.6492,0,0,-1,-1,0,0,0,1,0|0.2448,0.5613,3.5786|0.9373,0.7216,0.2196|256|0|1|1|1|1|0.1|1",
"P|Part|329.4468,66.0812,140.632,-0.7071,0,-0.7071,0,-1,0,-0.7071,0,0.7071|0.0302,0.3862,1.0138|0.4196,0.1961,0.4863|256|0|1|1|1|1|0.1|1",
"P|Part|456.5892,97.9309,41.6162,0,0,-1,0.9531,-0.3027,0,-0.3027,-0.9531,0|1.2578,0.668,7.1059|0.9725,0.9725,0.9725|256|0|1|1|1|1|0|1",
"P|Part|332.8501,109.5029,148.8639,0,0,-1,-1,0,0,0,1,0|92.9901,2.157,4.3139|1,1,1|256|0|1|1|1|1|0|1",
"P|Part|456.5894,94.4109,113.5265,0,0,-1,-0.9051,-0.4252,0,-0.4252,0.9051,0|1.2816,6.7849,4.5497|0.9725,0.9725,0.9725|256|0|1|1|1|1|0|1",
"P|Part|23.7048,77.8007,82.6101,0,1,0,-1,0,0,0,0,1|0.1828,0.4192,2.6724|0.9373,0.7216,0.2196|256|0|1|1|1|1|0.1|1",
"P|Part|166.6273,77.2092,18.0569,0,1,0,1,0,0,0,0,-1|5.3203,3.0129,3.01|0.9373,0.7216,0.2196|256|0|1|1|1|1|0.1|1",
"P|Part|129.9618,82.1805,18.0511,0,1,0,1,0,0,0,0,-1|2.0061,3.0129,3.01|0.9373,0.7216,0.2196|256|0|1|1|1|1|0.1|1",
"P|Part|456.5894,109.4869,43.0794,0,0,-1,-0.9998,0.0175,0,0.0175,0.9998,0|1.2816,6.7849,4.5497|0.9725,0.9725,0.9725|256|0|1|1|1|1|0|1",
"P|Part|337.1078,66.5821,21.2092,0.7071,0,-0.7071,0,1,0,0.7071,0,0.7071|0.0481,0.6156,1.616|0.9373,0.7216,0.2196|256|0|1|1|1|1|0.1|1",
"P|Part|-233.759,147.1759,38.9,0,0,-1,0,1,0,1,0,0|2.9218,2.6783,1.4609|0.8745,0.8745,0.8706|256|0|1|1|1|1|0|1",
"P|Part|456.5892,92.7698,98.1444,0,0,-1,-0.7215,-0.6925,0,-0.6925,0.7215,0|0.8691,4.6011,3.0853|0.9725,0.9725,0.9725|256|0|1|1|1|1|0|1",
"P|Part|-108.3666,86.7928,-11.1352,-1,0,0,0,1,0,0,0,-1|2.4348,6.087,1.2174|0.8745,0.8745,0.8706|256|0|1|1|1|1|0|1",
"P|Part|456.5894,162.0104,83.4642,0,0,-1,0.9979,0.0648,0,0.0648,-0.9979,0|0.5199,0.8181,4.424|0.9373,0.7216,0.2196|256|0|1|1|1|1|0.1|1",
"P|Part|333.6606,65.9665,12.7649,0,0,-1,0,-1,0,-1,0,0|0.0481,0.6156,1.616|0.9373,0.7216,0.2196|256|0|1|1|1|1|0.1|1",
"M|Cloud|665.3997,282.1442,-52.4045,1,0,0,0,-1,0,0,0,-1|51.8872,26.887,72.9216|1,1,1|256|0|1|1|1|1|0|1|rbxassetid://4862430258|",
"P|Part|254.6599,66.5821,23.2899,0,0,-1,0,1,0,1,0,0|0.0481,0.6156,1.616|0.9373,0.7216,0.2196|256|0|1|1|1|1|0.1|1",
"P|Part|456.5894,111.4131,28.0417,0,0,-1,-0.0263,0.9997,0,0.9997,0.0263,0|0.5199,0.8181,4.424|0.9373,0.7216,0.2196|256|0|1|1|1|1|0.1|1",
"P|Part|257.9881,109.5029,144.7287,0,1,0,-1,0,0,0,0,1|92.9901,2.157,4.3139|1,1,1|256|0|1|1|1|1|0|1",
"P|Part|218.7972,163.1198,144.7148,0,0,1,0,1,0,-1,0,0|0.467,5.7054,0.9339|0.9373,0.7216,0.2196|256|0|1|1|1|1|0.1|1",
"P|Part|456.5892,122.3768,41.6287,0,0,-1,0.9528,0.3036,0,0.3036,-0.9528,0|1.2578,0.668,7.1059|0.9725,0.9725,0.9725|256|0|1|1|1|1|0|1",
"P|Part|254.6606,65.9665,139.4228,0,0,-1,0,-1,0,-1,0,0|0.0481,0.6156,1.616|0.9373,0.7216,0.2196|256|0|1|1|1|1|0.1|1",
"P|Part|-128.4538,143.402,168.4316,0,0,1,0,1,0,-1,0,0|2.4348,4.8696,1.2174|0.8745,0.8745,0.8706|256|0|1|1|1|1|0|1",
"P|Part|-85.9664,147.1759,116.0833,-1,0,0,0,1,0,0,0,-1|2.9218,2.6783,1.4609|0.8745,0.8745,0.8706|256|0|1|1|1|1|0|1",
"P|Part|337.1243,65.9665,14.9162,0.7071,0,-0.7071,0,-1,0,-0.7071,0,-0.7071|0.0481,0.6156,1.616|0.9373,0.7216,0.2196|256|0|1|1|1|1|0.1|1",
"P|Part|256.7743,109.5029,15.1457,0,0.7071,0.7071,-1,0,0,0,-0.7071,0.7071|92.9901,2.157,4.3139|1,1,1|256|0|1|1|1|1|0|1",
"P|Part|456.5892,106.7143,28.1286,0,0,-1,-0.0639,-0.998,0,-0.998,0.0639,0|0.5199,0.8181,4.424|0.9373,0.7216,0.2196|256|0|1|1|1|1|0.1|1",
"P|Part|456.589,74.3411,61.4758,0,0,-1,0.4605,-0.8877,0,-0.8877,-0.4605,0|1.2578,0.668,7.1059|0.9725,0.9725,0.9725|256|0|1|1|1|1|0|1",
"P|Part|408.5734,65.9665,147.8392,-0.7071,0,0.7071,0,-1,0,0.7071,0,0.7071|0.0481,0.6156,1.616|0.9373,0.7216,0.2196|256|0|1|1|1|1|0.1|1",
"P|Part|261.5985,82.1805,18.0511,0,1,0,1,0,0,0,0,-1|2.0061,3.0129,3.01|0.9373,0.7216,0.2196|256|0|1|1|1|1|0.1|1",
"P|Object.f8da|-186.5856,94.4704,77.2459,0,0,1,0,1,0,-1,0,0|0.1967,0.4945,17.2214|0.8353,0.451,0.2392|256|0|1|1|1|1|0|1",
"P|Part|456.5892,156.5678,56.7,0,0,-1,0.8934,-0.4492,0,-0.4492,-0.8935,0|0.5199,0.8181,4.424|0.9373,0.7216,0.2196|256|0|1|1|1|1|0.1|1",
"P|Part|456.5892,73.5239,96.952,0,0,-1,-0.4192,-0.9079,0,-0.9079,0.4192,0|1.2578,0.668,7.1059|0.9725,0.9725,0.9725|256|0|1|1|1|1|0|1",
"P|Part|18.3217,77.987,80.244,0,-0.7071,0.7071,-1,0,0,0,-0.7071,-0.7071|0.2028,0.4649,2.9641|0.9373,0.7216,0.2196|256|0|1|1|1|1|0.1|1",
"P|Part|218.7972,160.1397,144.7148,0,0,1,0,-1,0,1,0,0|0.467,0.2547,0.9339|0.9373,0.7216,0.2196|256|0|1|1|1|1|0.1|1",
"P|Part|415.9814,152.7408,140.4316,-0.7071,0,0.7071,0,-1,0,0.7071,0,0.7071|0.0481,0.6156,1.616|0.9373,0.7216,0.2196|256|0|1|1|1|1|0.1|1",
"P|Part|456.589,150.3267,83.6562,0,0,-1,0.0894,-0.996,0,-0.996,-0.0894,0|1.2578,0.6176,7.1059|0.9725,0.9725,0.9725|256|0|1|1|1|1|0|1",
"P|Part|456.5896,101.0975,54.2436,0,0,-1,0.9438,-0.3306,0,-0.3306,-0.9438,0|0.8529,0.453,4.8188|0.9725,0.9725,0.9725|256|0|1|1|1|1|0|1",
"P|Part|324.6273,118.1851,18.0569,0,-1,0,1,0,0,0,0,1|2.0061,3.0129,3.01|0.9373,0.7216,0.2196|256|0|1|1|1|1|0.1|1",
"P|Part|253.3455,66.4674,23.3463,0,0,1,0,1,0,-1,0,0|0.0302,0.3862,1.0138|0.4196,0.1961,0.4863|256|0|1|1|1|1|0.1|1",
"P|Part|456.5892,77.5661,103.8237,0,0,-1,-0.5896,-0.8077,0,-0.8077,0.5896,0|1.2578,0.668,7.1059|0.9725,0.9725,0.9725|256|0|1|1|1|1|0|1",
"P|Part|16.5323,78.4455,82.6099,0,-1,0,-1,0,0,0,0,-1|0.2519,0.5775,3.6814|0.9373,0.7216,0.2196|256|0|1|1|1|1|0.1|1",
"P|Part|-232.5416,86.7928,141.04,-1,0,0,0,1,0,0,0,-1|2.4348,6.087,1.2174|0.8745,0.8745,0.8706|256|0|1|1|1|1|0|1",
"P|Part|-230.1068,149.002,119.7355,-1,0,0,0,-1,0,0,0,1|12.174,2.4348,12.174|0.8745,0.8745,0.8706|256|0|1|1|1|1|0|1",
"U|CorinthianCapital|90.5936,152.3697,146.8459,-0.933,0.25,0.2588,0.2588,0.9659,0,-0.25,0.067,-0.9659|2.0992,5.5728,2.2216|0.9725,0.9725,0.9725|256|0|1|1|1|1|0|1",
"P|Part|253.0438,66.5821,23.2897,0,0,1,0,1,0,-1,0,0|0.0481,0.6156,1.616|0.9373,0.7216,0.2196|256|0|1|1|1|1|0.1|1",
"P|Part|-88.8882,149.002,17.4738,-1,0,0,0,-1,0,0,0,1|12.174,2.4348,12.174|0.8745,0.8745,0.8706|256|0|1|1|1|1|0|1",
"P|Part|-86.4534,143.402,-3.8308,1,0,0,0,1,0,0,0,1|2.4348,4.8696,1.2174|0.8745,0.8745,0.8706|256|0|1|1|1|1|0|1",
"P|Part|456.5893,122.6338,58.3112,0,0,-1,0.8669,0.4984,0,0.4984,-0.8669,0|0.8691,4.6011,3.0853|0.9725,0.9725,0.9725|256|0|1|1|1|1|0|1",
"P|Part|453.8931,166.0311,90.9474,0,0,-1,0,1,0,1,0,0|0.2446,0.4306,2.3048|0.9373,0.7216,0.2196|256|0|1|1|1|1|0|1",
"P|Part|456.5893,88.8787,34.1876,0,0,-1,0.9073,-0.4205,0,-0.4205,-0.9073,0|0.8691,3.107,3.0853|0.9725,0.9725,0.9725|256|0|1|1|1|1|0.1|1",
"P|Part|456.5894,160.516,75.8469,0,0,-1,0.0832,0.9965,0,0.9965,-0.0832,0|0.8691,3.107,3.0853|0.9725,0.9725,0.9725|256|0|1|1|1|1|0.1|1",
"P|Part|456.5892,162.1127,79.2475,0,0,-1,0.9999,-0.0162,0,-0.0162,-0.9999,0|0.5199,0.8181,4.424|0.9373,0.7216,0.2196|256|0|1|1|1|1|0.1|1",
"P|Part|328.7147,109.5029,18.0719,0,-1,0,-1,0,0,0,0,-1|92.9901,2.157,4.3139|1,1,1|256|0|1|1|1|1|0|1",
"P|Part|456.5894,112.3577,52.7949,0,0,-1,0.9967,0.0812,0,0.0812,-0.9967,0|0.8529,0.453,4.8188|0.9725,0.9725,0.9725|256|0|1|1|1|1|0|1",
"P|Part|208.3438,163.1526,18.0511,0,0,1,0,-1,0,1,0,0|0.467,0.2547,0.9339|0.9373,0.7216,0.2196|256|0|1|1|1|1|0.1|1",
"P|Part|456.5893,130.6951,45.3563,0,0,-1,0.8603,0.5098,0,0.5098,-0.8603,0|1.2578,0.668,7.1059|0.9725,0.9725,0.9725|256|0|1|1|1|1|0|1",
"P|Part|456.5893,100.3293,131.2461,0,0,-1,0.1865,-0.9824,0,-0.9824,-0.1865,0|0.5199,0.8181,4.424|0.9373,0.7216,0.2196|256|0|1|1|1|1|0.1|1",
"P|Part|412.8546,150.5255,18.0554,0,1,0,1,0,0,0,0,-1|0.4577,12.0518,12.0518|0.9373,0.7216,0.2196|256|0|1|1|1|1|0.1|1",
"P|Part|456.5892,146.548,97.4411,0,0,-1,0.431,-0.9024,0,-0.9024,-0.431,0|1.2578,0.6176,7.1059|0.9725,0.9725,0.9725|256|0|1|1|1|1|0|1",
"P|Part|-213.0632,86.7928,-9.9178,-1,0,0,0,1,0,0,0,-1|2.4348,6.087,1.2174|0.8745,0.8745,0.8706|256|0|1|1|1|1|0|1",
"P|Part|328.7474,66.0812,148.0926,-0.7071,0,0.7071,0,-1,0,0.7071,0,0.7071|0.0302,0.3862,1.0138|0.4196,0.1961,0.4863|256|0|1|1|1|1|0.1|1",
"P|Part|456.5892,74.749,99.3848,0,0,-1,-0.4795,-0.8775,0,-0.8775,0.4795,0|1.2578,0.668,7.1059|0.9725,0.9725,0.9725|256|0|1|1|1|1|0|1",
"P|Part|416.9881,109.5029,144.7287,0,1,0,-1,0,0,0,0,1|92.9901,2.157,4.3139|1,1,1|256|0|1|1|1|1|0|1",
"P|Part|456.589,123.7763,130.3136,0,0,-1,0.2638,0.9646,0,0.9646,-0.2638,0|0.5199,0.8181,4.424|0.9373,0.7216,0.2196|256|0|1|1|1|1|0.1|1",
"P|Part|-189.3239,143.402,170.8664,0,0,-1,0,1,0,1,0,0|2.4348,4.8696,1.2174|0.8745,0.8745,0.8706|256|0|1|1|1|1|0|1",
"P|Part|456.5894,125.5075,57.4328,0,0,-1,0.8271,0.5621,0,0.5621,-0.8271,0|0.8529,0.453,4.8188|0.9725,0.9725,0.9725|256|0|1|1|1|1|0|1",
"P|Part|456.5893,124.5495,103.3113,0,0,-1,0.8501,-0.5267,0,-0.5267,-0.8501,0|0.8529,0.4188,4.8188|0.9725,0.9725,0.9725|256|0|1|1|1|1|0|1",
"P|Part|456.5894,150.1923,84.9258,0,0,-1,0.1208,-0.9927,0,-0.9927,-0.1208,0|1.2578,0.6176,7.1059|0.9725,0.9725,0.9725|256|0|1|1|1|1|0|1",
"P|Part|456.5896,160.3914,74.5552,0,0,-1,0.1087,0.9941,0,0.9941,-0.1087,0|0.8691,3.107,3.0853|0.9725,0.9725,0.9725|256|0|1|1|1|1|0.1|1",
"P|Part|456.5893,128.3969,62.8617,0,0,-1,-0.6854,-0.7282,0,-0.7282,0.6854,0|0.8691,4.6011,3.0853|0.9725,0.9725,0.9725|256|0|1|1|1|1|0|1",
"P|Part|415.7743,109.5029,141.8037,0,0.7071,0.7071,-1,0,0,0,-0.7071,0.7071|92.9901,2.157,4.3139|1,1,1|256|0|1|1|1|1|0|1",
"P|Part|412.8542,69.9577,144.7128,0,1,0,1,0,0,0,0,-1|0.4577,13.5582,13.5582|0.9373,0.7216,0.2196|256|0|1|1|1|1|0.1|1",
"P|Part|329.6982,66.5821,140.4574,0.7071,0,-0.7071,0,1,0,0.7071,0,0.7071|0.0481,0.6156,1.616|0.9373,0.7216,0.2196|256|0|1|1|1|1|0.1|1",
"P|Part|174.8539,63.2071,18.0541,0,1,0,1,0,0,0,0,-1|0.4577,12.0518,12.0518|0.9373,0.7216,0.2196|256|0|1|1|1|1|0.1|1",
"P|Part|456.5894,160.6502,78.0497,0,0,-1,0.0396,0.9992,0,0.9992,-0.0396,0|0.8691,3.107,3.0853|0.9725,0.9725,0.9725|256|0|1|1|1|1|0.1|1",
"P|Part|170.7296,66.0812,141.3488,0.7071,0,0.7071,0,-1,0,0.7071,0,-0.7071|0.0302,0.3862,1.0138|0.4196,0.1961,0.4863|256|0|1|1|1|1|0.1|1",
"P|Part|456.5894,125.2249,100.0799,0,0,-1,0.7987,-0.6017,0,-0.6017,-0.7987,0|0.8691,4.6011,3.0853|0.9725,0.9725,0.9725|256|0|1|1|1|1|0|1",
"P|Part|453.8936,122.6669,58.9744,0,0,-1,0.866,0.5,0,0.5,-0.866,0|11.2678,1.7843,2.3048|0.9373,0.7216,0.2196|256|0|1|1|1|1|0.1|1",
"P|Part|456.5894,106.6963,120.2511,0,0,-1,0.9964,0.0853,0,0.0853,-0.9964,0|1.2578,0.6176,7.1059|0.9725,0.9725,0.9725|256|0|1|1|1|1|0|1",
"P|Part|-233.759,147.1759,165.5098,0,0,-1,0,1,0,1,0,0|2.9218,2.6783,1.4609|0.8745,0.8745,0.8706|256|0|1|1|1|1|0|1",
"P|Part|456.5894,134.6737,67.9371,0,0,-1,-0.4426,-0.8967,0,-0.8967,0.4426,0|0.8529,0.4188,4.8188|0.9725,0.9725,0.9725|256|0|1|1|1|1|0|1",
"P|Part|330.6938,109.5029,149.9385,0,0.7071,0.7071,1,0,0,0,0.7071,-0.7071|92.9902,0.6058,0.6058|0.9373,0.7216,0.2196|256|0|1|1|1|1|0.1|1",
"P|Object.f633|-193.3425,106.2607,78.5516,0,0,1,0,1,0,-1,0,0|0.7746,0.7746,0.7746|0.9373,0.7216,0.2196|256|0|1|1|1|1|0|1",
"P|Part|135.6089,163.1526,144.7148,0,0,-1,0,-1,0,-1,0,0|0.467,0.2547,0.9339|0.9373,0.7216,0.2196|256|0|1|1|1|1|0.1|1",
"P|Part|229.8093,118.1851,18.0568,0,0,-1,0,1,0,1,0,0|3.0129,1.4035,31.6359|0.9373,0.7216,0.2196|256|0|1|1|1|1|0.1|1",
"P|Part|456.5893,157.3851,98.0355,0,0,-1,-0.3557,0.9346,0,0.9346,0.3557,0|0.8691,3.107,3.0853|0.9725,0.9725,0.9725|256|0|1|1|1|1|0.1|1",
"P|Part|-93.1491,143.402,41.8218,0,0,-1,0,1,0,1,0,0|2.4348,4.8696,1.2174|0.8745,0.8745,0.8706|256|0|1|1|1|1|0|1",
"P|Part|-232.5416,86.7928,122.779,1,0,0,0,1,0,0,0,1|2.4348,6.087,1.2174|0.8745,0.8745,0.8706|256|0|1|1|1|1|0|1",
"P|Part|456.5893,149.3669,70.6045,0,0,-1,-0.234,-0.9722,0,-0.9722,0.234,0|1.2578,0.6176,7.1059|0.9725,0.9725,0.9725|256|0|1|1|1|1|0|1",
"P|Part|-213.6719,143.402,-4.4395,0,0,-1,0,1,0,1,0,0|2.4348,4.8696,1.2174|0.8745,0.8745,0.8706|256|0|1|1|1|1|0|1",
"P|Part|456.5892,114.9644,53.1337,0,0,-1,0.9843,0.1765,0,0.1765,-0.9843,0|0.8529,0.453,4.8188|0.9725,0.9725,0.9725|256|0|1|1|1|1|0|1",
"P|Part|113.6767,154.9849,18.0511,0,0,1,0,1,0,-1,0,0|0.467,5.7054,0.9339|0.9373,0.7216,0.2196|256|0|1|1|1|1|0.1|1",
"P|Part|456.5892,112.5298,132.1005,0,0,-1,-0.0478,-0.9989,0,-0.9989,0.0478,0|0.5199,0.8181,4.424|0.9373,0.7216,0.2196|256|0|1|1|1|1|0.1|1",
"P|Part|257.2346,153.2417,140.6062,0.7071,0,0.7071,0,1,0,-0.7071,0,0.7071|0.0302,0.3862,1.0138|0.4196,0.1961,0.4863|256|0|1|1|1|1|0.1|1",
"P|Part|177.9651,152.7408,22.3513,0.7071,0,0.7071,0,-1,0,0.7071,0,-0.7071|0.0481,0.6156,1.616|0.9373,0.7216,0.2196|256|0|1|1|1|1|0.1|1",
"P|Part|23.6266,78.4455,79.6712,0,0.7071,0.7071,-1,0,0,0,-0.7071,0.7071|0.2519,0.5775,3.6814|0.9373,0.7216,0.2196|256|0|1|1|1|1|0.1|1",
"P|Part|-135.7581,86.7928,-9.3091,0,0,-1,0,1,0,1,0,0|2.4348,6.087,1.2174|0.8745,0.8745,0.8706|256|0|1|1|1|1|0|1",
"P|Part|98.3258,118.1851,18.0511,0,1,0,1,0,0,0,0,-1|2.0061,3.0129,3.01|0.9373,0.7216,0.2196|256|0|1|1|1|1|0.1|1",
"P|Part|456.5894,91.3175,99.889,0,0,-1,-0.7255,-0.6882,0,-0.6882,0.7255,0|0.8529,0.453,4.8188|0.9725,0.9725,0.9725|256|0|1|1|1|1|0|1",
"P|Part|456.5893,105.9288,104.7714,0,0,-1,-0.9858,-0.1678,0,-0.1678,0.9858,0|0.8691,4.6011,3.0853|0.9725,0.9725,0.9725|256|0|1|1|1|1|0|1",
"P|Part|409.4643,66.0812,22.1516,0.7071,0,-0.7071,0,-1,0,-0.7071,0,-0.7071|0.0302,0.3862,1.0138|0.4196,0.1961,0.4863|256|0|1|1|1|1|0.1|1",
"P|Part|-103.2535,147.1759,-6.8743,0,0,1,0,1,0,-1,0,0|2.9218,2.6783,1.4609|0.8745,0.8745,0.8706|256|0|1|1|1|1|0|1",
"P|Part|417.1243,65.9665,141.5742,0.7071,0,-0.7071,0,-1,0,-0.7071,0,-0.7071|0.0481,0.6156,1.616|0.9373,0.7216,0.2196|256|0|1|1|1|1|0.1|1",
"P|Part|-157.0627,147.1759,163.3185,-1,0,0,0,1,0,0,0,-1|2.9218,2.6783,1.4609|0.8745,0.8745,0.8706|256|0|1|1|1|1|0|1",
"P|Part|333.3592,66.0812,23.3463,0,0,-1,0,-1,0,-1,0,0|0.0302,0.3862,1.0138|0.4196,0.1961,0.4863|256|0|1|1|1|1|0.1|1",
"P|Part|174.3458,66.0812,139.3673,0,0,1,0,-1,0,1,0,0|0.0302,0.3862,1.0138|0.4196,0.1961,0.4863|256|0|1|1|1|1|0.1|1",
"P|Part|304.0037,156.5242,18.0569,0,0,-1,0,-1,0,-1,0,0|0.467,0.2547,0.9339|0.9373,0.7216,0.2196|256|0|1|1|1|1|0.1|1",
"P|Part|378.264,118.1851,18.0568,0,-1,0,1,0,0,0,0,1|2.0061,3.0129,3.01|0.9373,0.7216,0.2196|256|0|1|1|1|1|0.1|1",
"P|Part|18.226,77.4864,82.6099,0,-1,0,-1,0,0,0,0,-1|0.1492,0.3421,2.1808|0.9373,0.7216,0.2196|256|0|1|1|1|1|0.1|1",
"P|Part|456.589,99.376,131.0566,0,0,-1,0.2048,-0.9788,0,-0.9788,-0.2048,0|0.5199,0.8181,4.424|0.9373,0.7216,0.2196|256|0|1|1|1|1|0.1|1",
"P|Part|332.3452,66.0812,150.0043,0,0,1,0,-1,0,1,0,0|0.0302,0.3862,1.0138|0.4196,0.1961,0.4863|256|0|1|1|1|1|0.1|1",
"P|Part|17.7495,78.4455,85.5485,0,-0.7071,-0.7071,-1,0,0,0,0.7071,-0.7071|0.2519,0.5775,3.6814|0.9373,0.7216,0.2196|256|0|1|1|1|1|0.1|1",
"P|Part|170.5552,66.5821,141.6,-0.7071,0,0.7071,0,1,0,-0.7071,0,-0.7071|0.0481,0.6156,1.616|0.9373,0.7216,0.2196|256|0|1|1|1|1|0.1|1",
"P|Object.0358|-186.5856,94.4704,88.5043,0,0,1,0,1,0,-1,0,0|0.1967,0.4945,17.2214|0.8353,0.451,0.2392|256|0|1|1|1|1|0|1",
"P|Part|456.5897,101.2406,103.4969,0,0,-1,0.935,0.3547,0,0.3547,-0.935,0|0.8691,4.6011,3.0853|0.9725,0.9725,0.9725|256|0|1|1|1|1|0|1",
"P|Part|180.0926,66.5821,17.264,1,0,0,0,1,0,0,0,1|0.0481,0.6156,1.616|0.9373,0.7216,0.2196|256|0|1|1|1|1|0.1|1",
"P|Part|161.3546,102.0025,18.0569,0,1,0,1,0,0,0,0,-1|71.8586,1.5065,1.5065|0.9373,0.7216,0.2196|256|0|1|1|1|1|0.1|1",
"P|Part|-213.5501,147.1759,164.7794,-1,0,0,0,1,0,0,0,-1|2.9218,2.6783,1.4609|0.8745,0.8745,0.8706|256|0|1|1|1|1|0|1",
"P|Part|456.5894,86.2794,66.6806,0,0,-1,0.4888,-0.8724,0,-0.8724,-0.4888,0|0.8529,0.453,4.8188|0.9725,0.9725,0.9725|256|0|1|1|1|1|0|1",
"P|Part|-88.8882,82.5319,168.4316,1,0,0,0,1,0,0,0,1|14.6088,2.4348,14.6088|0.8745,0.8745,0.8706|256|0|1|1|1|1|0|1",
"P|Part|456.5892,160.5504,83.8174,0,0,-1,-0.0745,0.9972,0,0.9972,0.0745,0|0.8691,3.107,3.0853|0.9725,0.9725,0.9725|256|0|1|1|1|1|0.1|1",
"P|Part|456.589,86.4133,124.7042,0,0,-1,0.8831,0.4692,0,0.4692,-0.8831,0|0.8691,3.107,3.0853|0.9725,0.9725,0.9725|256|0|1|1|1|1|0.1|1",
"P|Part|456.5893,87.1508,90.0824,0,0,-1,-0.4,-0.9165,0,-0.9165,0.4,0|0.8691,4.6011,3.0853|0.9725,0.9725,0.9725|256|0|1|1|1|1|0|1",
"P|Part|456.5893,111.3741,29.5164,0,0,-1,0.9997,0.0245,0,0.0245,-0.9997,0|0.8691,3.107,3.0853|0.9725,0.9725,0.9725|256|0|1|1|1|1|0.1|1",
"P|EP1|20.6936,79.8766,88.5587,0,-1,0,0,0,-1,1,0,0|0.8123,5.1126,0.8123|0.9725,0.9725,0.9725|256|1|0|1|1|1|0|0|AT:Attachment:0,0,0,0,0,0",
"P|Part|-91.323,86.7928,14.4303,-1,0,0,0,1,0,0,0,-1|2.4348,6.087,1.2174|0.8745,0.8745,0.8706|256|0|1|1|1|1|0|1",
"P|Part|456.5894,135.7708,89.6299,0,0,-1,0.3501,-0.9367,0,-0.9367,-0.3501,0|0.8529,0.4188,4.8188|0.9725,0.9725,0.9725|256|0|1|1|1|1|0|1",
"P|Part|456.5892,96.7793,128.8114,0,0,-1,0.9645,0.2642,0,0.2642,-0.9645,0|0.8691,3.107,3.0853|0.9725,0.9725,0.9725|256|0|1|1|1|1|0.1|1",
"P|Part|398.8878,143.0838,18.0569,0,0,1,0,1,0,-1,0,0|0.467,5.7054,0.9339|0.9373,0.7216,0.2196|256|0|1|1|1|1|0.1|1",
"P|Part.702e|-186.5856,94.4704,86.2443,0,0,1,0,1,0,-1,0,0|0.1967,0.4945,17.2214|0.8353,0.451,0.2392|256|0|1|1|1|1|0|1",
"P|Part|456.5892,105.7832,28.1987,0,0,-1,0.0818,0.9966,0,0.9966,-0.0818,0|0.5199,0.8181,4.424|0.9373,0.7216,0.2196|256|0|1|1|1|1|0.1|1",
"P|Part|456.5896,130.7651,62.07,0,0,-1,-0.6571,-0.7538,0,-0.7538,0.6571,0|0.8529,0.4188,4.8188|0.9725,0.9725,0.9725|256|0|1|1|1|1|0|1",
"P|Part|178.9881,109.5029,18.0707,0,1,0,-1,0,0,0,0,1|92.9901,2.157,4.3139|1,1,1|256|0|1|1|1|1|0|1",
"P|Part|174.3458,66.4674,139.3673,0,0,1,0,1,0,-1,0,0|0.0302,0.3862,1.0138|0.4196,0.1961,0.4863|256|0|1|1|1|1|0.1|1",
"P|Part|456.5894,81.3151,80.0106,0,0,-1,0,1,0,1,0,0|15.9899,15.023,1.216|0.9725,0.851,0.4275|256|0|1|1|1|1|0|1",
"P|Part|456.589,84.9792,36.1906,0,0,-1,-0.8675,0.4975,0,0.4975,0.8675,0|0.8691,3.107,3.0853|0.9725,0.9725,0.9725|256|0|1|1|1|1|0.1|1",
"P|Part|193.1438,107.9531,144.7091,0,-1,0,1,0,0,0,0,1|83.7597,1.5065,1.5065|0.9373,0.7216,0.2196|256|0|1|1|1|1|0.1|1",
"P|Part|456.5892,158.1253,60.0933,0,0,-1,0.9233,-0.384,0,-0.384,-0.9233,0|0.5199,0.8181,4.424|0.9373,0.7216,0.2196|256|0|1|1|1|1|0.1|1",
"P|Part|256.7743,109.5029,141.8037,0,0.7071,0.7071,-1,0,0,0,-0.7071,0.7071|92.9901,2.157,4.3139|1,1,1|256|0|1|1|1|1|0|1",
"P|Part|426.6722,70.8666,121.5843,0,0,-1,0,1,0,1,0,0|17.9235,5.8741,8.7886|0.9725,0.9725,0.9725|256|0|1|1|1|1|0|1",
"P|Part|-85.9664,147.1759,13.8216,-1,0,0,0,1,0,0,0,-1|2.9218,2.6783,1.4609|0.8745,0.8745,0.8706|256|0|1|1|1|1|0|1",
"P|Part|327.6153,66.5821,17.2638,1,0,0,0,1,0,0,0,1|0.0481,0.6156,1.616|0.9373,0.7216,0.2196|256|0|1|1|1|1|0.1|1",
"P|Part|456.5892,99.8229,129.5423,0,0,-1,0.979,0.204,0,0.204,-0.979,0|0.8691,3.107,3.0853|0.9725,0.9725,0.9725|256|0|1|1|1|1|0.1|1",
"P|Part|-234.3677,86.7928,144.0835,0,0,-1,0,1,0,1,0,0|2.4348,6.087,1.2174|0.8745,0.8745,0.8706|256|0|1|1|1|1|0|1",
"P|Part|456.5893,127.9103,43.854,0,0,-1,0.8976,0.4408,0,0.4408,-0.8976,0|1.2578,0.668,7.1059|0.9725,0.9725,0.9725|256|0|1|1|1|1|0|1",
"P|Part|456.5894,129.1145,33.1907,0,0,-1,0.9269,0.3754,0,0.3754,-0.9269,0|0.8691,3.107,3.0853|0.9725,0.9725,0.9725|256|0|1|1|1|1|0.1|1",
"P|EP1|16.398,79.8766,78.3763,-0.7071,0.7071,0,0,0,-1,-0.7071,-0.7071,0|0.8123,5.1126,0.8123|0.9725,0.9725,0.9725|256|1|0|1|1|1|0|0|AT:Attachment:0,0,0,0,0,0",
"P|Part|-91.0308,115.6452,122.4138,1,0,0,0,1,0,0,0,1|2.1426,51.6178,1.0713|0.8745,0.8745,0.8706|256|0|1|1|1|1|0|1",
"P|EP1|14.6737,79.8766,82.6168,-1,0,0,0,0,-1,0,-1,0|0.8123,5.1126,0.8123|0.9725,0.9725,0.9725|256|1|0|1|1|1|0|0|AT:Attachment:0,0,0,0,0,0",
"P|Part|456.5893,97.0178,114.626,0,0,-1,0.935,0.3547,0,0.3547,-0.935,0|1.2816,6.7849,4.5497|0.9725,0.9725,0.9725|256|0|1|1|1|1|0|1",
"P|Part|-91.81,147.1759,123.3877,1,0,0,0,1,0,0,0,1|2.9218,2.6783,1.4609|0.8745,0.8745,0.8706|256|0|1|1|1|1|0|1",
"P|Part|218.7972,160.1397,18.0568,0,0,1,0,-1,0,1,0,0|0.467,0.2547,0.9339|0.9373,0.7216,0.2196|256|0|1|1|1|1|0.1|1",
"P|Part|456.5893,121.4052,41.331,0,0,-1,0.9602,0.2794,0,0.2794,-0.9602,0|1.2578,0.668,7.1059|0.9725,0.9725,0.9725|256|0|1|1|1|1|0|1",
"P|Part|456.589,84.7895,34.5568,0,0,-1,-0.485,-0.8745,0,-0.8745,0.485,0|0.5199,0.8181,4.424|0.9373,0.7216,0.2196|256|0|1|1|1|1|0.1|1",
"P|Part|257.9347,66.0812,148.1206,-0.7071,0,-0.7071,0,-1,0,-0.7071,0,0.7071|0.0302,0.3862,1.0138|0.4196,0.1961,0.4863|256|0|1|1|1|1|0.1|1",
"P|Part|456.5893,152.3876,52.2887,0,0,-1,0.5491,0.8357,0,0.8357,-0.5491,0|0.8691,3.107,3.0853|0.9725,0.9725,0.9725|256|0|1|1|1|1|0.1|1",
"P|Part|-91.81,147.1759,21.126,1,0,0,0,1,0,0,0,1|2.9218,2.6783,1.4609|0.8745,0.8745,0.8706|256|0|1|1|1|1|0|1",
"P|Part|456.5892,82.3852,109.3067,0,0,-1,-0.7255,-0.6882,0,-0.6882,0.7255,0|1.2578,0.668,7.1059|0.9725,0.9725,0.9725|256|0|1|1|1|1|0|1",
"P|Part|329.9269,109.5029,15.1498,0,-0.7071,0.7071,-1,0,0,0,-0.7071,-0.7071|92.9901,2.157,4.3139|1,1,1|256|0|1|1|1|1|0|1",
"P|Part|20.688,78.4455,78.4542,0,0,1,-1,0,0,0,-1,0|0.2519,0.5775,3.6814|0.9373,0.7216,0.2196|256|0|1|1|1|1|0.1|1",
"P|Part|456.5893,94.5634,30.3766,0,0,-1,-0.2973,-0.9548,0,-0.9548,0.2973,0|0.5199,0.8181,4.424|0.9373,0.7216,0.2196|256|0|1|1|1|1|0.1|1",
"P|Part|-230.1068,86.7928,-11.1352,-1,0,0,0,1,0,0,0,-1|2.4348,6.087,1.2174|0.8745,0.8745,0.8706|256|0|1|1|1|1|0|1",
"P|Part|-92.5404,147.1759,38.9,0,0,-1,0,1,0,1,0,0|2.9218,2.6783,1.4609|0.8745,0.8745,0.8706|256|0|1|1|1|1|0|1",
"P|Part|174.0438,152.7408,149.9476,0,0,1,0,-1,0,1,0,0|0.0481,0.6156,1.616|0.9373,0.7216,0.2196|256|0|1|1|1|1|0.1|1",
"P|Part|456.5892,115.4894,29.7858,0,0,-1,0.9944,0.106,0,0.106,-0.9944,0|0.8691,3.107,3.0853|0.9725,0.9725,0.9725|256|0|1|1|1|1|0.1|1",
"P|Part|456.5893,85.6857,35.7907,0,0,-1,-0.8753,0.4835,0,0.4835,0.8753,0|0.8691,3.107,3.0853|0.9725,0.9725,0.9725|256|0|1|1|1|1|0.1|1",
"P|Part|224.0699,159.5042,144.7148,0,0,1,0,1,0,-1,0,0|0.467,5.7054,0.9339|0.9373,0.7216,0.2196|256|0|1|1|1|1|0.1|1",
"P|Part|413.6599,66.5821,149.9478,0,0,-1,0,1,0,1,0,0|0.0481,0.6156,1.616|0.9373,0.7216,0.2196|256|0|1|1|1|1|0.1|1",
"M|Object.3c6c|-184.7697,98.02,79.7589,0,0,-1,0,1,0,1,0,0|20.4392,6.8874,17.7902|0.9373,0.7216,0.2196|256|0|0|1|1|1|0|1|rbxassetid://1619385500|",
"P|Part|456.5894,141.1367,105.8819,0,0,-1,0.6401,-0.7683,0,-0.7683,-0.6401,0|1.2578,0.6176,7.1059|0.9725,0.9725,0.9725|256|0|1|1|1|1|0|1",
"P|Part|456.5892,122.7268,29.5902,0,0,-1,0.2436,-0.9699,0,-0.9699,-0.2436,0|0.5199,0.8181,4.424|0.9373,0.7216,0.2196|256|0|1|1|1|1|0.1|1",
"U|CorinthianCapital|88.6424,152.1356,150.5395,-0.7071,0.7071,0,0,0,-1,-0.7071,-0.7071,0|8.0252,2.6197,8.6911|0.9725,0.9725,0.9725|256|0|1|1|1|1|0|1",
"P|Part|209.2777,166.1327,18.0511,0,0,-1,0,1,0,1,0,0|0.467,5.7054,0.9339|0.9373,0.7216,0.2196|256|0|1|1|1|1|0.1|1",
"P|Part|456.5893,149.9248,73.3345,0,0,-1,-0.1664,-0.9861,0,-0.9861,0.1664,0|1.2578,0.6176,7.1059|0.9725,0.9725,0.9725|256|0|1|1|1|1|0|1",
"P|Part|-232.7851,115.6452,166.289,0,0,-1,0,1,0,1,0,0|2.1426,51.6178,1.0713|0.8745,0.8745,0.8706|256|0|1|1|1|1|0|1",
"P|Part|412.3458,66.0812,139.3673,0,0,1,0,-1,0,1,0,0|0.0302,0.3862,1.0138|0.4196,0.1961,0.4863|256|0|1|1|1|1|0.1|1",
"P|Part|456.5893,116.3373,43.5972,0,0,-1,-0.9858,-0.1678,0,-0.1678,0.9858,0|1.2816,6.7849,4.5497|0.9725,0.9725,0.9725|256|0|1|1|1|1|0|1",
"P|Part|-153.3131,115.6452,-6.8743,0,0,1,0,1,0,-1,0,0|2.1426,51.6178,1.0713|0.8745,0.8745,0.8706|256|0|1|1|1|1|0|1",
"P|Part|179.1078,65.9665,21.2092,-0.7071,0,-0.7071,0,-1,0,-0.7071,0,0.7071|0.0481,0.6156,1.616|0.9373,0.7216,0.2196|256|0|1|1|1|1|0.1|1",
"P|Part|20.688,78.4455,86.7655,0,0,-1,-1,0,0,0,1,0|0.2519,0.5775,3.6814|0.9373,0.7216,0.2196|256|0|1|1|1|1|0.1|1",
"P|Part|456.5892,146.2594,72.144,0,0,-1,-0.2138,-0.9769,0,-0.9769,0.2138,0|1.2816,6.7849,4.5497|0.9725,0.9725,0.9725|256|0|1|1|1|1|0|1",
"P|Part|456.5894,161.1386,70.1043,0,0,-1,-0.9814,0.1918,0,0.1918,0.9814,0|0.5199,0.8181,4.424|0.9373,0.7216,0.2196|256|0|1|1|1|1|0.1|1",
"P|Part|-213.0632,143.402,-9.9178,-1,0,0,0,1,0,0,0,-1|2.4348,4.8696,1.2174|0.8745,0.8745,0.8706|256|0|1|1|1|1|0|1",
"P|Part|456.5893,90.2637,111.2436,0,0,-1,-0.8434,-0.5373,0,-0.5373,0.8434,0|1.2816,6.7849,4.5497|0.9725,0.9725,0.9725|256|0|1|1|1|1|0|1",
"P|Part|456.5892,113.0932,130.5175,0,0,-1,0.9983,-0.0585,0,-0.0585,-0.9983,0|0.8691,3.107,3.0853|0.9725,0.9725,0.9725|256|0|1|1|1|1|0.1|1",
"P|Part|456.589,110.6483,29.5026,0,0,-1,0.9999,0.0102,0,0.0102,-1,0|0.8691,3.107,3.0853|0.9725,0.9725,0.9725|256|0|1|1|1|1|0.1|1",
"P|Part|-226.3572,115.6452,144.0835,0,0,1,0,1,0,-1,0,0|2.1426,51.6178,1.0713|0.8745,0.8745,0.8706|256|0|1|1|1|1|0|1",
"P|Part|336.2178,152.8554,22.1795,0.7071,0,0.7071,0,-1,0,0.7071,0,-0.7071|0.0302,0.3862,1.0138|0.4196,0.1961,0.4863|256|0|1|1|1|1|0.1|1",
"P|Part|456.5893,143.3176,40.0466,0,0,-1,-0.6391,0.7691,0,0.7691,0.6391,0|0.5199,0.8181,4.424|0.9373,0.7216,0.2196|256|0|1|1|1|1|0.1|1",
"P|Part|-186.2803,86.7928,164.1707,-1,0,0,0,1,0,0,0,-1|2.4348,6.087,1.2174|0.8745,0.8745,0.8706|256|0|1|1|1|1|0|1",
"P|Part|257.2178,66.0812,148.8376,0.7071,0,0.7071,0,-1,0,0.7071,0,-0.7071|0.0302,0.3862,1.0138|0.4196,0.1961,0.4863|256|0|1|1|1|1|0.1|1",
"P|Part|456.5893,116.7399,131.7264,0,0,-1,-0.1286,-0.9917,0,-0.9917,0.1286,0|0.5199,0.8181,4.424|0.9373,0.7216,0.2196|256|0|1|1|1|1|0.1|1",
"P|Part|456.5896,115.9275,106.788,0,0,-1,0.9773,-0.2116,0,-0.2116,-0.9774,0|0.8529,0.4188,4.8188|0.9725,0.9725,0.9725|256|0|1|1|1|1|0|1",
"P|Part|456.589,155.8367,104.862,0,0,-1,-0.8796,-0.4758,0,-0.4758,0.8796,0|0.5199,0.8181,4.424|0.9373,0.7216,0.2196|256|0|1|1|1|1|0.1|1",
"P|Part|332.8539,63.2071,144.7121,0,1,0,1,0,0,0,0,-1|0.4577,12.0518,12.0518|0.9373,0.7216,0.2196|256|0|1|1|1|1|0.1|1",
"P|Part|253.8539,63.2071,144.7121,0,1,0,1,0,0,0,0,-1|0.4577,12.0518,12.0518|0.9373,0.7216,0.2196|256|0|1|1|1|1|0.1|1",
"P|Part|456.5896,85.6377,48.0136,0,0,-1,0.7943,-0.6075,0,-0.6075,-0.7943,0|1.2578,0.668,7.1059|0.9725,0.9725,0.9725|256|0|1|1|1|1|0|1",
"P|Part|415.7806,61.529,117.9029,0,0,-1,0,1,0,1,0,0|3.7186,2.2166,9.7626|0.9725,0.9725,0.9725|256|0|1|1|1|1|0|1",
"P|Part|-128.9651,115.6452,-6.8743,0,0,1,0,1,0,-1,0,0|2.1426,51.6178,1.0713|0.8745,0.8745,0.8706|256|0|1|1|1|1|0|1",
"P|Part|398.8878,140.1037,144.7148,0,0,1,0,-1,0,1,0,0|0.467,0.2547,0.9339|0.9373,0.7216,0.2196|256|0|1|1|1|1|0.1|1",
"P|Part|303.0699,156.5242,144.7148,0,0,1,0,-1,0,1,0,0|0.467,0.2547,0.9339|0.9373,0.7216,0.2196|256|0|1|1|1|1|0.1|1",
"P|Part|248.5606,66.0812,144.224,-1,0,0,0,-1,0,0,0,1|0.0302,0.3862,1.0138|0.4196,0.1961,0.4863|256|0|1|1|1|1|0.1|1",
"P|Part|456.5892,127.1819,129.2701,0,0,-1,0.3291,0.9443,0,0.9443,-0.3291,0|0.5199,0.8181,4.424|0.9373,0.7216,0.2196|256|0|1|1|1|1|0.1|1",
"P|Part|452.4376,146.2647,78.5489,1,0,0,0,0,1,0,-1,0|0.2283,2.9223,7.6709|0.9373,0.7216,0.2196|256|0|1|1|1|1|0.1|1",
"P|Part|338.0926,66.5821,18.88,-1,0,0,0,1,0,0,0,-1|0.0481,0.6156,1.616|0.9373,0.7216,0.2196|256|0|1|1|1|1|0.1|1",
"P|Part|335.9651,65.9665,149.0098,0.7071,0,0.7071,0,-1,0,0.7071,0,-0.7071|0.0481,0.6156,1.616|0.9373,0.7216,0.2196|256|0|1|1|1|1|0.1|1",
"P|Part|-183.8456,86.7928,165.3881,-1,0,0,0,1,0,0,0,-1|2.4348,6.087,1.2174|0.8745,0.8745,0.8706|256|0|1|1|1|1|0|1",
"P|Part|-213.6719,86.7928,170.8664,0,0,-1,0,1,0,1,0,0|2.4348,6.087,1.2174|0.8745,0.8745,0.8706|256|0|1|1|1|1|0|1",
"P|Part|456.589,83.7877,49.5166,0,0,-1,0.757,-0.6534,0,-0.6534,-0.757,0|1.2578,0.668,7.1059|0.9725,0.9725,0.9725|256|0|1|1|1|1|0|1",
"P|Part|456.5892,93.333,30.7763,0,0,-1,-0.3209,-0.9471,0,-0.9471,0.3209,0|0.5199,0.8181,4.424|0.9373,0.7216,0.2196|256|0|1|1|1|1|0.1|1",
"P|Part|-129.6711,86.7928,170.8664,0,0,1,0,1,0,-1,0,0|2.4348,6.087,1.2174|0.8745,0.8745,0.8706|256|0|1|1|1|1|0|1",
"P|Part|456.5896,112.3917,107.3155,0,0,-1,0.9966,-0.0824,0,-0.0824,-0.9966,0|0.8529,0.4188,4.8188|0.9725,0.9725,0.9725|256|0|1|1|1|1|0|1",
"P|Part|456.5892,86.8628,65.6875,0,0,-1,0.5251,-0.851,0,-0.851,-0.5251,0|0.8529,0.453,4.8188|0.9725,0.9725,0.9725|256|0|1|1|1|1|0|1",
"P|Part|-91.9317,143.402,117.3007,0,0,-1,0,1,0,1,0,0|2.4348,4.8696,1.2174|0.8745,0.8745,0.8706|256|0|1|1|1|1|0|1",
"P|Part|169.6153,65.9665,18.8798,1,0,0,0,-1,0,0,0,-1|0.0481,0.6156,1.616|0.9373,0.7216,0.2196|256|0|1|1|1|1|0.1|1",
"P|Part|453.8939,150.1081,75.0781,1,0,0,0,0,1,0,-1,0|2.3055,4.3135,25.5838|0.9725,0.9725,0.9725|256|0|1|1|1|1|0|1",
"P|Part|456.5894,119.4816,54.3486,0,0,-1,0.9398,0.3417,0,0.3417,-0.9398,0|0.8529,0.453,4.8188|0.9725,0.9725,0.9725|256|0|1|1|1|1|0|1",
"P|Part|-233.0286,147.1759,140.4313,-1,0,0,0,1,0,0,0,-1|2.9218,2.6783,1.4609|0.8745,0.8745,0.8706|256|0|1|1|1|1|0|1",
"P|Part|456.589,134.6248,126.0037,0,0,-1,0.472,0.8816,0,0.8816,-0.472,0|0.5199,0.8181,4.424|0.9373,0.7216,0.2196|256|0|1|1|1|1|0.1|1",
"P|Part|150.3425,154.9849,18.0568,0,0,1,0,1,0,-1,0,0|0.467,5.7054,0.9339|0.9373,0.7216,0.2196|256|0|1|1|1|1|0.1|1",
"P|Part|412.8546,150.0677,144.7133,0,1,0,1,0,0,0,0,-1|0.4577,13.5582,13.5582|0.9373,0.7216,0.2196|256|0|1|1|1|1|0.1|1",
"P|Part|140.264,112.0205,144.7148,0,1,0,1,0,0,0,0,-1|91.8946,1.5065,1.5065|0.9373,0.7216,0.2196|256|0|1|1|1|1|0.1|1",
"P|Part|-132.7147,82.5319,-6.8743,1,0,0,0,1,0,0,0,1|14.6088,2.4348,14.6088|0.8745,0.8745,0.8706|256|0|1|1|1|1|0|1",
"P|Part|250.4643,153.2417,22.1516,-0.7071,0,-0.7071,0,1,0,0.7071,0,-0.7071|0.0302,0.3862,1.0138|0.4196,0.1961,0.4863|256|0|1|1|1|1|0.1|1",
"P|Part|-92.5404,147.1759,141.1618,0,0,-1,0,1,0,1,0,0|2.9218,2.6783,1.4609|0.8745,0.8745,0.8706|256|0|1|1|1|1|0|1",
"P|Part|456.5893,128.7126,128.6954,0,0,-1,-0.3586,-0.9335,0,-0.9335,0.3586,0|0.5199,0.8181,4.424|0.9373,0.7216,0.2196|256|0|1|1|1|1|0.1|1",
"P|Part|456.5896,109.2656,52.7161,0,0,-1,0.9995,-0.0319,0,-0.0319,-0.9995,0|0.8529,0.453,4.8188|0.9725,0.9725,0.9725|256|0|1|1|1|1|0|1",
"P|Part|22.6284,77.6461,80.6697,0,0.7071,0.7071,-1,0,0,0,-0.7071,0.7071|0.1663,0.3813,2.4307|0.9373,0.7216,0.2196|256|0|1|1|1|1|0.1|1",
"U|CorinthianCapital|90.2413,149.3139,16.3189,-0.9659,0.2588,0,0.2588,0.9659,0,0,0,-1|2.0992,5.5728,2.2216|0.9725,0.9725,0.9725|256|0|1|1|1|1|0|1",
"P|Part|20.6879,77.987,79.264,0,0,1,-1,0,0,0,-1,0|0.2028,0.4649,2.9641|0.9373,0.7216,0.2196|256|0|1|1|1|1|0.1|1",
"P|Part|456.589,137.2308,37.375,0,0,-1,0.8442,0.536,0,0.536,-0.8442,0|0.8691,3.107,3.0853|0.9725,0.9725,0.9725|256|0|1|1|1|1|0.1|1",
"P|Part|412.8546,150.5255,144.7133,0,1,0,1,0,0,0,0,-1|0.4577,12.0518,12.0518|0.9373,0.7216,0.2196|256|0|1|1|1|1|0.1|1",
"P|Part|456.5894,127.501,61.9555,0,0,-1,-0.7214,-0.6925,0,-0.6925,0.7214,0|0.8691,4.6011,3.0853|0.9725,0.9725,0.9725|256|0|1|1|1|1|0|1",
"P|Part|453.894,150.0899,87.5034,0,0,-1,0.9861,0.1663,0,0.1663,-0.9861,0|32.4331,1.7843,2.3048|0.9373,0.7216,0.2196|256|0|1|1|1|1|0.1|1",
"P|Part|412.8539,62.7494,144.7121,0,1,0,1,0,0,0,0,-1|0.4577,13.5582,13.5582|0.9373,0.7216,0.2196|256|0|1|1|1|1|0.1|1",
"U|CorinthianCapital|88.642,152.1356,21.5395,-0.7071,0.7071,0,0,0,-1,-0.7071,-0.7071,0|8.0252,2.6197,8.6911|0.9725,0.9725,0.9725|256|0|1|1|1|1|0|1",
"P|Part|332.8546,150.0677,18.0554,0,1,0,1,0,0,0,0,-1|0.4577,13.5582,13.5582|0.9373,0.7216,0.2196|256|0|1|1|1|1|0.1|1",
"P|Part|456.5893,92.4176,31.0917,0,0,-1,-0.3385,-0.941,0,-0.941,0.3385,0|0.5199,0.8181,4.424|0.9373,0.7216,0.2196|256|0|1|1|1|1|0.1|1",
"P|Part|413.3592,153.2417,23.3463,0,0,-1,0,1,0,1,0,0|0.0302,0.3862,1.0138|0.4196,0.1961,0.4863|256|0|1|1|1|1|0.1|1",
"P|Part|-157.0627,115.6452,-10.6239,-1,0,0,0,1,0,0,0,-1|2.1426,51.6178,1.0713|0.8745,0.8745,0.8706|256|0|1|1|1|1|0|1",
"P|Part|-110.5092,115.6452,-4.196,1,0,0,0,1,0,0,0,1|2.1426,51.6178,1.0713|0.8745,0.8745,0.8706|256|0|1|1|1|1|0|1",
"P|Part|-233.1503,143.402,19.9086,0,0,-1,0,1,0,1,0,0|2.4348,4.8696,1.2174|0.8745,0.8745,0.8706|256|0|1|1|1|1|0|1",
"P|Part|456.5894,92.2042,62.5203,0,0,-1,0.6991,-0.715,0,-0.715,-0.6991,0|0.8691,4.6011,3.0853|0.9725,0.9725,0.9725|256|0|1|1|1|1|0|1",
"P|Part|453.8937,130.2655,45.7487,0,0,-1,0.866,0.5,0,0.5,-0.866,0|5.5505,25.6003,2.3055|0.9725,0.9725,0.9725|256|0|1|1|1|1|0|1",
"M|Object.3e3f|-194.9527,88.0105,73.087,0.766,0,-0.6428,0,1,0,0.6428,0,0.766|5.2728,12.8396,4.3535|0.9373,0.7216,0.2196|256|0|0|1|1|1|0|1|rbxassetid://1619401979|",
"P|Part|412.3455,152.8554,23.3463,0,0,1,0,-1,0,1,0,0|0.0302,0.3862,1.0138|0.4196,0.1961,0.4863|256|0|1|1|1|1|0.1|1",
"P|Part|456.5894,119.1773,54.2392,0,0,-1,0.9438,0.3306,0,0.3306,-0.9438,0|0.8529,0.453,4.8188|0.9725,0.9725,0.9725|256|0|1|1|1|1|0|1",
"P|Part|456.5892,145.3394,99.7739,0,0,-1,0.4888,-0.8724,0,-0.8724,-0.4888,0|1.2578,0.6176,7.1059|0.9725,0.9725,0.9725|256|0|1|1|1|1|0|1",
"P|Part|338.0926,65.9665,17.264,-1,0,0,0,-1,0,0,0,1|0.0481,0.6156,1.616|0.9373,0.7216,0.2196|256|0|1|1|1|1|0.1|1",
"P|Part|249.5734,66.5821,147.8392,0.7071,0,0.7071,0,1,0,-0.7071,0,0.7071|0.0481,0.6156,1.616|0.9373,0.7216,0.2196|256|0|1|1|1|1|0.1|1",
"P|Part|-88.8882,147.1759,114.6224,-1,0,0,0,1,0,0,0,-1|2.9218,2.6783,1.4609|0.8745,0.8745,0.8706|256|0|1|1|1|1|0|1",
"P|Part|-230.1068,115.6452,13.7241,-1,0,0,0,1,0,0,0,-1|2.1426,51.6178,1.0713|0.8745,0.8745,0.8706|256|0|1|1|1|1|0|1",
"P|Part|456.5892,87.7554,33.0298,0,0,-1,-0.428,-0.9038,0,-0.9038,0.428,0|0.5199,0.8181,4.424|0.9373,0.7216,0.2196|256|0|1|1|1|1|0.1|1",
"P|Part|179.1078,152.7408,147.8668,-0.7071,0,-0.7071,0,-1,0,-0.7071,0,0.7071|0.0481,0.6156,1.616|0.9373,0.7216,0.2196|256|0|1|1|1|1|0.1|1",
"P|Part|456.5894,96.2008,59.1978,0,0,-1,-0.8315,0.5555,0,0.5555,0.8315,0|0.8691,4.6011,3.0853|0.9725,0.9725,0.9725|256|0|1|1|1|1|0|1",
"P|Part|-154.6279,143.402,-3.8308,1,0,0,0,1,0,0,0,1|2.4348,4.8696,1.2174|0.8745,0.8745,0.8706|256|0|1|1|1|1|0|1",
"U|CorinthianCapital|86.0193,149.3139,138.7405,-0.483,0.1294,-0.866,0.2588,0.9659,0,0.8365,-0.2241,-0.5|2.0992,5.5728,2.2216|0.9725,0.9725,0.9725|256|0|1|1|1|1|0|1",
"P|Part|335.9651,65.9665,22.3518,0.7071,0,0.7071,0,-1,0,0.7071,0,-0.7071|0.0481,0.6156,1.616|0.9373,0.7216,0.2196|256|0|1|1|1|1|0.1|1",
"P|Part|170.5734,66.5821,21.1813,0.7071,0,0.7071,0,1,0,-0.7071,0,0.7071|0.0481,0.6156,1.616|0.9373,0.7216,0.2196|256|0|1|1|1|1|0.1|1",
"P|Part|166.6273,118.1851,18.0569,0,-1,0,1,0,0,0,0,1|2.0061,3.0129,3.01|0.9373,0.7216,0.2196|256|0|1|1|1|1|0.1|1",
"P|Part|456.5894,87.365,90.5583,0,0,-1,-0.419,-0.908,0,-0.908,0.419,0|0.8691,4.6011,3.0853|0.9725,0.9725,0.9725|256|0|1|1|1|1|0|1",
"P|Part|456.5894,123.6105,58.8979,0,0,-1,-0.8434,-0.5373,0,-0.5373,0.8434,0|0.8691,4.6011,3.0853|0.9725,0.9725,0.9725|256|0|1|1|1|1|0|1",
"P|Part|456.5893,115.3465,40.0641,0,0,-1,0.9916,0.1292,0,0.1292,-0.9916,0|1.2578,0.668,7.1059|0.9725,0.9725,0.9725|256|0|1|1|1|1|0|1",
"P|Part|150.8093,107.9531,18.0568,0,1,0,1,0,0,0,0,-1|83.7597,1.5065,1.5065|0.9373,0.7216,0.2196|256|0|1|1|1|1|0.1|1",
"P|Part|259.0926,65.9665,145.538,1,0,0,0,-1,0,0,0,-1|0.0481,0.6156,1.616|0.9373,0.7216,0.2196|256|0|1|1|1|1|0.1|1",
"P|Part|456.5893,137.3987,82.4964,0,0,-1,0.0893,-0.996,0,-0.996,-0.0893,0|0.8529,0.4188,4.8188|0.9725,0.9725,0.9725|256|0|1|1|1|1|0|1",
"P|Part|177.7758,109.5029,20.9925,0,0.7071,-0.7071,-1,0,0,0,0.7071,0.7071|92.9901,2.157,4.3139|1,1,1|256|0|1|1|1|1|0|1",
"P|Part|-230.1068,86.7928,46.0827,1,0,0,0,1,0,0,0,1|2.4348,6.087,1.2174|0.8745,0.8745,0.8706|256|0|1|1|1|1|0|1",
"P|Part|169.6153,65.9665,145.5377,1,0,0,0,-1,0,0,0,-1|0.0481,0.6156,1.616|0.9373,0.7216,0.2196|256|0|1|1|1|1|0.1|1",
"P|Part|456.5894,150.4972,47.3001,0,0,-1,0.7769,-0.6297,0,-0.6297,-0.7769,0|0.5199,0.8181,4.424|0.9373,0.7216,0.2196|256|0|1|1|1|1|0.1|1",
"P|Part|406.1335,77.2092,18.0557,0,0,1,0,1,0,-1,0,0|3.0129,4.7177,3.0129|0.9373,0.7216,0.2196|256|0|1|1|1|1|0.1|1",
"P|Part|456.5893,116.3602,104.347,0,0,-1,-0.9688,0.248,0,0.248,0.9688,0|0.8691,4.6011,3.0853|0.9725,0.9725,0.9725|256|0|1|1|1|1|0|1",
"P|Part|-85.8447,143.402,19.9086,0,0,1,0,1,0,-1,0,0|2.4348,4.8696,1.2174|0.8745,0.8745,0.8706|256|0|1|1|1|1|0|1",
"P|Part|456.5892,90.7346,128.4459,0,0,-1,-0.3708,0.9287,0,0.9287,0.3708,0|0.5199,0.8181,4.424|0.9373,0.7216,0.2196|256|0|1|1|1|1|0.1|1",
"P|Part|456.5893,149.6302,46.2587,0,0,-1,0.7602,-0.6497,0,-0.6497,-0.7602,0|0.5199,0.8181,4.424|0.9373,0.7216,0.2196|256|0|1|1|1|1|0.1|1",
"P|Part|24.3113,78.966,86.2335,0,0.7071,-0.7071,-1,0,0,0,0.7071,0.7071|0.3106,0.7121,4.5399|0.9373,0.7216,0.2196|256|0|1|1|1|1|0.1|1",
"P|Part|377.7972,160.1397,144.7148,0,0,1,0,-1,0,1,0,0|0.467,0.2547,0.9339|0.9373,0.7216,0.2196|256|0|1|1|1|1|0.1|1",
"P|Part|-85.8447,143.402,39.387,0,0,1,0,1,0,-1,0,0|2.4348,4.8696,1.2174|0.8745,0.8745,0.8706|256|0|1|1|1|1|0|1",
"P|Part|456.5896,90.143,115.0969,0,0,-1,0.8686,0.4955,0,0.4955,-0.8686,0|1.2578,0.6176,7.1059|0.9725,0.9725,0.9725|256|0|1|1|1|1|0|1",
"P|Part|-135.6364,147.1759,-3.2221,1,0,0,0,1,0,0,0,1|2.9218,2.6783,1.4609|0.8745,0.8745,0.8706|256|0|1|1|1|1|0|1",
"P|Part|253.3458,66.0812,12.7094,0,0,1,0,-1,0,1,0,0|0.0302,0.3862,1.0138|0.4196,0.1961,0.4863|256|0|1|1|1|1|0.1|1",
"P|Part|453.8941,136.7492,49.5039,0,0,-1,0.637,-0.7708,0,-0.7708,-0.637,0|32.4331,1.7843,2.3048|0.9373,0.7216,0.2196|256|0|1|1|1|1|0.1|1",
"P|Part|336.3258,123.5212,18.0511,0,-1,0,1,0,0,0,0,1|5.3203,3.0129,3.01|0.9373,0.7216,0.2196|256|0|1|1|1|1|0.1|1",
"P|Part|-153.4105,147.1759,-9.7961,0,0,1,0,1,0,-1,0,0|2.9218,2.6783,1.4609|0.8745,0.8745,0.8706|256|0|1|1|1|1|0|1",
"P|Part|456.5892,84.2691,49.1079,0,0,-1,0.7672,-0.6414,0,-0.6414,-0.7672,0|1.2578,0.668,7.1059|0.9725,0.9725,0.9725|256|0|1|1|1|1|0|1",
"P|Part|412.8539,63.2071,144.7121,0,1,0,1,0,0,0,0,-1|0.4577,12.0518,12.0518|0.9373,0.7216,0.2196|256|0|1|1|1|1|0.1|1",
"P|Part|336.9515,66.0812,141.3231,0.7071,0,-0.7071,0,-1,0,-0.7071,0,-0.7071|0.0302,0.3862,1.0138|0.4196,0.1961,0.4863|256|0|1|1|1|1|0.1|1",
"P|Part|23.6198,82.8303,82.61,0,1,0,-1,0,0,0,0,1|0.1777,0.4075,2.5978|0.9373,0.7216,0.2196|256|0|1|1|1|1|0.1|1",
"P|Part|-86.4534,86.7928,122.779,1,0,0,0,1,0,0,0,1|2.4348,6.087,1.2174|0.8745,0.8745,0.8706|256|0|1|1|1|1|0|1",
"P|Part|150.8096,150.9791,144.7148,0,-1,0,1,0,0,0,0,1|2.2924,0.5094,0.467|0.9373,0.7216,0.2196|256|0|1|1|1|1|0.1|1",
"P|Part|119.4161,155.4984,18.0511,0,1,0,1,0,0,0,0,-1|2.2924,0.5094,0.467|0.9373,0.7216,0.2196|256|0|1|1|1|1|0.1|1",
"P|Part|456.5894,84.5267,106.7346,0,0,-1,-0.7214,-0.6925,0,-0.6925,0.7214,0|1.2816,6.7849,4.5497|0.9725,0.9725,0.9725|256|0|1|1|1|1|0|1",
"P|Part|182.5985,82.1805,144.709,0,1,0,1,0,0,0,0,-1|2.0061,3.0129,3.01|0.9373,0.7216,0.2196|256|0|1|1|1|1|0.1|1",
"P|Part|-108.3666,82.5319,168.4316,1,0,0,0,1,0,0,0,1|14.6088,2.4348,14.6088|0.8745,0.8745,0.8706|256|0|1|1|1|1|0|1",
"P|Part|456.5892,87.0034,125.0058,0,0,-1,0.8892,0.4576,0,0.4576,-0.8892,0|0.8691,3.107,3.0853|0.9725,0.9725,0.9725|256|0|1|1|1|1|0.1|1",
"P|Part|456.5894,131.2392,110.4169,0,0,-1,0.8212,-0.5707,0,-0.5707,-0.8212,0|1.2816,6.7849,4.5497|0.9725,0.9725,0.9725|256|0|1|1|1|1|0|1",
"P|Part|254.6599,152.7408,23.2896,0,0,-1,0,-1,0,-1,0,0|0.0481,0.6156,1.616|0.9373,0.7216,0.2196|256|0|1|1|1|1|0.1|1",
"P|Part|456.5892,110.6889,132.156,0,0,-1,-0.0124,-0.9999,0,-0.9999,0.0124,0|0.5199,0.8181,4.424|0.9373,0.7216,0.2196|256|0|1|1|1|1|0.1|1",
"P|Part|-91.5665,115.6452,-9.0169,0,0,-1,0,1,0,1,0,0|2.1426,51.6178,1.0713|0.8745,0.8745,0.8706|256|0|1|1|1|1|0|1",
"M|Cloud|472.5997,164.1442,-178.0045,1,0,0,0,-1,0,0,0,-1|51.8872,26.887,72.9216|1,1,1|256|0|1|1|1|1|0|1|rbxassetid://4862430258|",
"P|Part|456.5893,129.8437,31.9323,0,0,-1,0.3803,-0.9249,0,-0.9249,-0.3803,0|0.5199,0.8181,4.424|0.9373,0.7216,0.2196|256|0|1|1|1|1|0.1|1",
"P|Part|456.5896,145.2508,118.4654,0,0,-1,0.6761,0.7368,0,0.7368,-0.6761,0|0.5199,0.8181,4.424|0.9373,0.7216,0.2196|256|0|1|1|1|1|0.1|1",
"P|Part|-206.3675,86.7928,168.4315,0,0,1,0,1,0,-1,0,0|2.4348,6.087,1.2174|0.8745,0.8745,0.8706|256|0|1|1|1|1|0|1",
"P|Part|256.9817,66.5821,140.4314,0.7071,0,0.7071,0,1,0,-0.7071,0,0.7071|0.0481,0.6156,1.616|0.9373,0.7216,0.2196|256|0|1|1|1|1|0.1|1",
"P|Part|456.589,146.1058,115.5864,0,0,-1,-0.7027,0.7114,0,0.7114,0.7027,0|0.8691,3.107,3.0853|0.9725,0.9725,0.9725|256|0|1|1|1|1|0.1|1",
"P|Part|456.5892,110.3282,105.1297,0,0,-1,-1,0.0076,0,0.0076,1,0|0.8691,4.6011,3.0853|0.9725,0.9725,0.9725|256|0|1|1|1|1|0|1",
"P|Object.ca77|-186.5856,94.4704,83.6227,0,0,1,0,1,0,-1,0,0|0.1967,0.4945,17.2214|0.8353,0.451,0.2392|256|0|1|1|1|1|0|1",
"P|Part|179.1243,66.5821,141.5742,-0.7071,0,-0.7071,0,1,0,0.7071,0,-0.7071|0.0481,0.6156,1.616|0.9373,0.7216,0.2196|256|0|1|1|1|1|0.1|1",
"P|Part|-210.6284,147.1759,-1.7612,1,0,0,0,1,0,0,0,1|2.9218,2.6783,1.4609|0.8745,0.8745,0.8706|256|0|1|1|1|1|0|1",
"P|Part|412.8539,156.6846,144.7121,0,1,0,1,0,0,0,0,-1|0.4577,12.0518,12.0518|0.9373,0.7216,0.2196|256|0|1|1|1|1|0.1|1",
"P|Part|456.5892,146.3634,97.8284,0,0,-1,0.4406,-0.8977,0,-0.8977,-0.4406,0|1.2578,0.6176,7.1059|0.9725,0.9725,0.9725|256|0|1|1|1|1|0|1",
"P|Part|456.589,97.7869,129.0746,0,0,-1,0.9697,0.2443,0,0.2443,-0.9697,0|0.8691,3.107,3.0853|0.9725,0.9725,0.9725|256|0|1|1|1|1|0.1|1",
"P|Part|170.7474,66.4674,148.0926,0.7071,0,0.7071,0,1,0,-0.7071,0,0.7071|0.0302,0.3862,1.0138|0.4196,0.1961,0.4863|256|0|1|1|1|1|0.1|1",
"P|Part|456.5889,154.7191,103.8868,0,0,-1,-0.4714,0.8819,0,0.8819,0.4714,0|0.8691,3.107,3.0853|0.9725,0.9725,0.9725|256|0|1|1|1|1|0.1|1",
"P|Part|456.5892,107.9531,132.1182,0,0,-1,0.0401,-0.9992,0,-0.9992,-0.0401,0|0.5199,0.8181,4.424|0.9373,0.7216,0.2196|256|0|1|1|1|1|0.1|1",
"P|Part|412.8527,109.5029,140.5949,0,0,1,-1,0,0,0,-1,0|92.9901,2.157,4.3139|1,1,1|256|0|1|1|1|1|0|1",
"P|Part.3bc4|-186.5856,94.4704,88.7917,0,0,1,0,1,0,-1,0,0|0.1967,0.4945,17.2214|0.8353,0.451,0.2392|256|0|1|1|1|1|0|1",
"P|Part|327.5606,66.4674,18.5798,-1,0,0,0,1,0,0,0,-1|0.0302,0.3862,1.0138|0.4196,0.1961,0.4863|256|0|1|1|1|1|0.1|1",
"P|Part|324.6273,123.5212,18.0569,0,1,0,1,0,0,0,0,-1|5.3203,3.0129,3.01|0.9373,0.7216,0.2196|256|0|1|1|1|1|0.1|1",
"P|Part|456.5894,108.0842,52.7829,0,0,-1,0.9972,-0.0751,0,-0.0751,-0.9972,0|0.8529,0.453,4.8188|0.9725,0.9725,0.9725|256|0|1|1|1|1|0|1",
"P|Part|456.5892,120.6717,131.061,0,0,-1,0.2042,0.9789,0,0.9789,-0.2042,0|0.5199,0.8181,4.424|0.9373,0.7216,0.2196|256|0|1|1|1|1|0.1|1",
"P|Part|250.4643,152.8554,148.8095,0.7071,0,-0.7071,0,-1,0,-0.7071,0,-0.7071|0.0302,0.3862,1.0138|0.4196,0.1961,0.4863|256|0|1|1|1|1|0.1|1",
"P|Part|332.8539,62.7494,144.7121,0,1,0,1,0,0,0,0,-1|0.4577,13.5582,13.5582|0.9373,0.7216,0.2196|256|0|1|1|1|1|0.1|1",
"P|Part|-84.6273,143.402,168.4316,0,0,1,0,1,0,-1,0,0|2.4348,4.8696,1.2174|0.8745,0.8745,0.8706|256|0|1|1|1|1|0|1",
"P|Part|453.8937,122.2546,101.3785,0,0,-1,-0.866,0.5,0,0.5,0.866,0|11.2678,1.7843,2.3048|0.9373,0.7216,0.2196|256|0|1|1|1|1|0.1|1",
"P|Part|456.589,136.0634,71.297,0,0,-1,-0.3198,-0.9475,0,-0.9475,0.3198,0|0.8529,0.4188,4.8188|0.9725,0.9725,0.9725|256|0|1|1|1|1|0|1",
"P|Part|456.5894,103.579,119.8621,0,0,-1,0.9867,0.1625,0,0.1625,-0.9867,0|1.2578,0.6176,7.1059|0.9725,0.9725,0.9725|256|0|1|1|1|1|0|1",
"P|Part|-154.6279,86.7928,-3.8308,1,0,0,0,1,0,0,0,1|2.4348,6.087,1.2174|0.8745,0.8745,0.8706|256|0|1|1|1|1|0|1",
"P|Part|161.8217,140.1037,144.7148,0,0,-1,0,-1,0,-1,0,0|0.467,0.2547,0.9339|0.9373,0.7216,0.2196|256|0|1|1|1|1|0.1|1",
"P|Part|277.4164,110.2127,144.7091,0,-1,0,1,0,0,0,0,1|88.2791,1.5065,1.5065|0.9373,0.7216,0.2196|256|0|1|1|1|1|0.1|1",
"P|Part|456.5893,137.0635,37.2603,0,0,-1,0.8463,0.5326,0,0.5326,-0.8463,0|0.8691,3.107,3.0853|0.9725,0.9725,0.9725|256|0|1|1|1|1|0.1|1",
"P|Part|-129.6711,86.7928,165.9968,0,0,1,0,1,0,-1,0,0|2.4348,6.087,1.2174|0.8745,0.8745,0.8706|256|0|1|1|1|1|0|1",
"P|Part|453.8939,150.0999,80.0102,0,0,-1,0,1,0,1,0,0|5.5505,25.6003,2.3055|0.9725,0.9725,0.9725|256|0|1|1|1|1|0|1",
"P|Part|456.5892,131.3882,125.9174,0,0,-1,0.9073,-0.4205,0,-0.4205,-0.9073,0|0.8691,3.107,3.0853|0.9725,0.9725,0.9725|256|0|1|1|1|1|0.1|1",
"P|Part|213.675,166.1327,18.0569,0,0,1,0,1,0,-1,0,0|0.467,5.7054,0.9339|0.9373,0.7216,0.2196|256|0|1|1|1|1|0.1|1",
"P|Part|333.3592,152.8554,150.0042,0,0,-1,0,-1,0,-1,0,0|0.0302,0.3862,1.0138|0.4196,0.1961,0.4863|256|0|1|1|1|1|0.1|1",
"P|Part|171.9269,109.5029,141.8077,0,-0.7071,0.7071,-1,0,0,0,-0.7071,-0.7071|92.9901,2.157,4.3139|1,1,1|256|0|1|1|1|1|0|1",
"P|Part|456.5894,113.8496,116.8492,0,0,-1,-0.9949,0.1004,0,0.1004,0.9949,0|1.2816,6.7849,4.5497|0.9725,0.9725,0.9725|256|0|1|1|1|1|0|1",
"P|Part|453.8939,129.9093,114.5717,0,0,-1,-0.866,0.5,0,0.5,0.866,0|5.5505,25.6003,2.3055|0.9725,0.9725,0.9725|256|0|1|1|1|1|0|1",
"P|Part|335.7743,109.5029,15.1457,0,0.7071,0.7071,-1,0,0,0,-0.7071,0.7071|92.9901,2.157,4.3139|1,1,1|256|0|1|1|1|1|0|1",
"P|Part|17.7553,82.8303,82.6099,0,-1,0,-1,0,0,0,0,-1|0.1777,0.4075,2.5978|0.9373,0.7216,0.2196|256|0|1|1|1|1|0.1|1",
"P|Part|-135.7581,86.7928,165.9968,0,0,-1,0,1,0,1,0,0|2.4348,6.087,1.2174|0.8745,0.8745,0.8706|256|0|1|1|1|1|0|1",
"P|Part|313.6152,146.4309,18.0569,0,0,1,0,-1,0,1,0,0|0.467,0.2547,0.9339|0.9373,0.7216,0.2196|256|0|1|1|1|1|0.1|1",
"P|Part|20.688,77.987,85.9557,0,0,-1,-1,0,0,0,1,0|0.2028,0.4649,2.9641|0.9373,0.7216,0.2196|256|0|1|1|1|1|0.1|1",
"P|Part|-85.1386,115.6452,119.7355,0,0,1,0,1,0,-1,0,0|2.1426,51.6178,1.0713|0.8745,0.8745,0.8706|256|0|1|1|1|1|0|1",
"P|Part|-232.7851,115.6452,39.6792,0,0,-1,0,1,0,1,0,0|2.1426,51.6178,1.0713|0.8745,0.8745,0.8706|256|0|1|1|1|1|0|1",
"P|Part|456.5892,149.6577,71.9091,0,0,-1,-0.2017,-0.9794,0,-0.9794,0.2017,0|1.2578,0.6176,7.1059|0.9725,0.9725,0.9725|256|0|1|1|1|1|0|1",
"P|Part|456.5893,135.1963,80.9589,0,0,-1,0.0363,-0.9993,0,-0.9993,-0.0363,0|0.8691,4.6011,3.0853|0.9725,0.9725,0.9725|256|0|1|1|1|1|0|1",
"P|Part|335.7743,109.5029,141.8037,0,0.7071,0.7071,-1,0,0,0,-0.7071,0.7071|92.9901,2.157,4.3139|1,1,1|256|0|1|1|1|1|0|1",
"P|Part|456.589,96.1469,100.8664,0,0,-1,-0.83,-0.5578,0,-0.5578,0.83,0|0.8691,4.6011,3.0853|0.9725,0.9725,0.9725|256|0|1|1|1|1|0|1",
"P|Part|416.9347,66.0812,148.1206,-0.7071,0,-0.7071,0,-1,0,-0.7071,0,0.7071|0.0302,0.3862,1.0138|0.4196,0.1961,0.4863|256|0|1|1|1|1|0.1|1",
"P|Part|456.5892,134.9807,76.6578,0,0,-1,-0.1353,-0.9908,0,-0.9908,0.1353,0|0.8691,4.6011,3.0853|0.9725,0.9725,0.9725|256|0|1|1|1|1|0|1",
"P|Part|161.3546,102.0025,144.7148,0,1,0,1,0,0,0,0,-1|71.8586,1.5065,1.5065|0.9373,0.7216,0.2196|256|0|1|1|1|1|0.1|1",
"P|Part|272.6106,152.0048,144.7091,0,0,-1,0,-1,0,-1,0,0|0.467,0.2547,0.9339|0.9373,0.7216,0.2196|256|0|1|1|1|1|0.1|1",
"P|Part|456.5893,155.3361,57.4127,0,0,-1,0.4478,0.8941,0,0.8941,-0.4478,0|0.8691,3.107,3.0853|0.9725,0.9725,0.9725|256|0|1|1|1|1|0.1|1",
"P|Part|456.589,97.7617,29.4861,0,0,-1,-0.2358,-0.9718,0,-0.9718,0.2358,0|0.5199,0.8181,4.424|0.9373,0.7216,0.2196|256|0|1|1|1|1|0.1|1",
"P|Part|378.7311,160.1397,144.7148,0,0,-1,0,-1,0,-1,0,0|0.467,0.2547,0.9339|0.9373,0.7216,0.2196|256|0|1|1|1|1|0.1|1",
"P|Part|456.5892,93.8473,43.1559,0,0,-1,0.9148,-0.4039,0,-0.4039,-0.9148,0|1.2578,0.668,7.1059|0.9725,0.9725,0.9725|256|0|1|1|1|1|0|1",
"P|Part|171.4465,153.2417,13.9742,0.7071,0,-0.7071,0,1,0,0.7071,0,0.7071|0.0302,0.3862,1.0138|0.4196,0.1961,0.4863|256|0|1|1|1|1|0.1|1",
"P|Part|456.5893,84.7179,125.5887,0,0,-1,0.4863,-0.8738,0,-0.8738,-0.4863,0|0.5199,0.8181,4.424|0.9373,0.7216,0.2196|256|0|1|1|1|1|0.1|1",
"P|Object.1c4d|-193.8147,128.1673,88.0774,0,0,1,0,1,0,-1,0,0|3.4154,3.4154,3.4154|0.9373,0.7216,0.2196|256|0|1|1|1|1|0|1",
"P|Part|456.5892,76.4715,95.3628,0,0,-1,-0.414,-0.9103,0,-0.9103,0.414,0|1.2816,6.7849,4.5497|0.9725,0.9725,0.9725|256|0|1|1|1|1|0|1",
"P|Part|18.9405,81.3159,84.3571,0,-0.7071,0.7071,1,0,0,0,0.7071,0.7071|0.1498,0.3434,2.189|0.9373,0.7216,0.2196|256|0|1|1|1|1|0.1|1",
"P|Part|253.8542,69.5,144.7128,0,1,0,1,0,0,0,0,-1|0.4577,12.0518,12.0518|0.9373,0.7216,0.2196|256|0|1|1|1|1|0.1|1",
"P|Part|456.5896,151.8657,111.1256,0,0,-1,0.8031,0.5959,0,0.5959,-0.8031,0|0.5199,0.8181,4.424|0.9373,0.7216,0.2196|256|0|1|1|1|1|0.1|1",
"P|Part|329.4468,66.0812,13.9741,-0.7071,0,-0.7071,0,-1,0,-0.7071,0,0.7071|0.0302,0.3862,1.0138|0.4196,0.1961,0.4863|256|0|1|1|1|1|0.1|1",
"P|Part|456.5896,87.771,95.8107,0,0,-1,0.5761,0.8174,0,0.8174,-0.5761,0|0.8529,0.4188,4.8188|0.9725,0.9725,0.9725|256|0|1|1|1|1|0|1",
"P|Part|-227.0633,143.402,15.039,0,0,1,0,1,0,-1,0,0|2.4348,4.8696,1.2174|0.8745,0.8745,0.8706|256|0|1|1|1|1|0|1",
"P|Part|456.5892,154.8048,56.3727,0,0,-1,0.4683,0.8835,0,0.8835,-0.4683,0|0.8691,3.107,3.0853|0.9725,0.9725,0.9725|256|0|1|1|1|1|0.1|1",
"P|Part|456.5893,74.9584,99.762,0,0,-1,-0.4889,-0.8724,0,-0.8724,0.4889,0|1.2578,0.668,7.1059|0.9725,0.9725,0.9725|256|0|1|1|1|1|0|1",
"P|Part|453.894,134.5406,48.2069,-1,0,0,0,0.866,0.5,0,0.5,-0.866|2.3055,4.3135,25.5838|0.9725,0.9725,0.9725|256|0|1|1|1|1|0|1",
"P|Part|235.0819,105.1661,18.0568,0,1,0,1,0,0,0,0,-1|78.1858,1.5065,1.5065|0.9373,0.7216,0.2196|256|0|1|1|1|1|0.1|1",
"P|Part|456.5892,136.9285,35.5044,0,0,-1,-0.5164,0.8563,0,0.8563,0.5164,0|0.5199,0.8181,4.424|0.9373,0.7216,0.2196|256|0|1|1|1|1|0.1|1",
"P|Part|-85.236,147.1759,14.552,0,0,1,0,1,0,-1,0,0|2.9218,2.6783,1.4609|0.8745,0.8745,0.8706|256|0|1|1|1|1|0|1",
"P|Part|456.589,147.9491,46.5005,0,0,-1,0.6637,0.748,0,0.748,-0.6637,0|0.8691,3.107,3.0853|0.9725,0.9725,0.9725|256|0|1|1|1|1|0.1|1",
"P|Part|-160.1062,143.402,-9.3091,0,0,-1,0,1,0,1,0,0|2.4348,4.8696,1.2174|0.8745,0.8745,0.8706|256|0|1|1|1|1|0|1",
"P|Part|456.5889,147.0734,78.3044,0,0,-1,-0.0472,-0.9989,0,-0.9989,0.0472,0|1.2816,6.7849,4.5497|0.9725,0.9725,0.9725|256|0|1|1|1|1|0|1",
"P|Part|453.8937,128.4028,133.8372,0,0,-1,-0.866,0.5,0,0.5,0.866,0|0.2446,0.4306,2.3048|0.9373,0.7216,0.2196|256|0|1|1|1|1|0|1",
"U|CorinthianCapital|88.6223,152.1356,10.8629,-0.7071,-0.7071,0,0,0,-1,0.7071,-0.7071,0|8.0252,2.6197,8.6911|0.9725,0.9725,0.9725|256|0|1|1|1|1|0|1",
"P|Part|456.589,144.5988,59.0574,0,0,-1,-0.5202,-0.854,0,-0.854,0.5202,0|1.2578,0.6176,7.1059|0.9725,0.9725,0.9725|256|0|1|1|1|1|0|1",
"P|Part|23.4319,77.6461,82.6101,0,1,0,-1,0,0,0,0,1|0.1663,0.3813,2.4307|0.9373,0.7216,0.2196|256|0|1|1|1|1|0.1|1",
"P|Part|456.5892,94.6539,60.323,0,0,-1,0.7867,-0.6173,0,-0.6173,-0.7867,0|0.8691,4.6011,3.0853|0.9725,0.9725,0.9725|256|0|1|1|1|1|0|1",
"P|Part|178.9515,66.4674,141.3231,-0.7071,0,-0.7071,0,1,0,0.7071,0,-0.7071|0.0302,0.3862,1.0138|0.4196,0.1961,0.4863|256|0|1|1|1|1|0.1|1",
"P|Part|209.2777,166.1327,144.7091,0,0,-1,0,1,0,1,0,0|0.467,5.7054,0.9339|0.9373,0.7216,0.2196|256|0|1|1|1|1|0.1|1",
"P|Part|272.1438,82.1805,18.0511,0,0,1,0,1,0,-1,0,0|3.0129,1.4035,31.6359|0.9373,0.7216,0.2196|256|0|1|1|1|1|0.1|1",
"P|Part|456.5894,99.8383,105.3977,0,0,-1,0.9265,0.3764,0,0.3764,-0.9265,0|0.8529,0.4188,4.8188|0.9725,0.9725,0.9725|256|0|1|1|1|1|0|1",
"P|Part|415.7807,61.529,42.1176,0,0,-1,0,1,0,1,0,0|3.7186,2.2166,9.7626|0.9725,0.9725,0.9725|256|0|1|1|1|1|0|1",
"P|Part|303.0699,159.5042,144.7148,0,0,1,0,1,0,-1,0,0|0.467,5.7054,0.9339|0.9373,0.7216,0.2196|256|0|1|1|1|1|0.1|1",
"P|Part|326.1335,77.2092,144.7136,0,0,1,0,1,0,-1,0,0|3.0129,4.7177,3.0129|0.9373,0.7216,0.2196|256|0|1|1|1|1|0.1|1",
"P|Part|-84.6273,86.7928,-6.8743,0,0,1,0,1,0,-1,0,0|2.4348,6.087,1.2174|0.8745,0.8745,0.8706|256|0|1|1|1|1|0|1",
"P|Part|169.5603,152.8554,18.5797,1,0,0,0,-1,0,0,0,-1|0.0302,0.3862,1.0138|0.4196,0.1961,0.4863|256|0|1|1|1|1|0.1|1",
"P|Part|456.5894,116.8489,53.541,0,0,-1,0.9694,0.2455,0,0.2455,-0.9694,0|0.8529,0.453,4.8188|0.9725,0.9725,0.9725|256|0|1|1|1|1|0|1",
"P|Part|171.6982,65.9665,13.7994,-0.7071,0,-0.7071,0,-1,0,-0.7071,0,0.7071|0.0481,0.6156,1.616|0.9373,0.7216,0.2196|256|0|1|1|1|1|0.1|1",
"P|Part|214.6089,163.1526,18.0569,0,0,-1,0,-1,0,-1,0,0|0.467,0.2547,0.9339|0.9373,0.7216,0.2196|256|0|1|1|1|1|0.1|1",
"P|Part|456.5889,144.6743,93.2756,0,0,-1,0.3576,-0.9339,0,-0.9339,-0.3576,0|1.2816,6.7849,4.5497|0.9725,0.9725,0.9725|256|0|1|1|1|1|0|1",
"P|Part|456.5892,148.5082,92.5418,0,0,-1,0.3096,-0.9509,0,-0.9509,-0.3096,0|1.2578,0.6176,7.1059|0.9725,0.9725,0.9725|256|0|1|1|1|1|0|1",
"P|Part|456.5892,153.7727,108.3762,0,0,-1,0.8397,0.5431,0,0.5431,-0.8397,0|0.5199,0.8181,4.424|0.9373,0.7216,0.2196|256|0|1|1|1|1|0.1|1",
"P|Part|20.6877,79.3056,76.8858,0,0,1,-1,0,0,0,-1,0|0.3469,0.7955,5.0713|0.9373,0.7216,0.2196|256|0|1|1|1|1|0.1|1",
"P|Part|187.8712,145.4051,18.0511,0,1,0,1,0,0,0,0,-1|2.2924,0.5094,0.467|0.9373,0.7216,0.2196|256|0|1|1|1|1|0.1|1",
"P|Part|456.5894,138.3349,103.9697,0,0,-1,0.6468,-0.7626,0,-0.7626,-0.6468,0|1.2816,6.7849,4.5497|0.9725,0.9725,0.9725|256|0|1|1|1|1|0|1",
"P|Part|129.9618,82.1805,144.709,0,1,0,1,0,0,0,0,-1|2.0061,3.0129,3.01|0.9373,0.7216,0.2196|256|0|1|1|1|1|0.1|1",
"P|Part|456.5893,82.9751,109.8853,0,0,-1,0.7395,0.6732,0,0.6732,-0.7395,0|1.2578,0.6176,7.1059|0.9725,0.9725,0.9725|256|0|1|1|1|1|0|1",
"P|Part|456.5893,149.4372,111.8625,0,0,-1,-0.6291,0.7773,0,0.7773,0.6291,0|0.8691,3.107,3.0853|0.9725,0.9725,0.9725|256|0|1|1|1|1|0.1|1",
"P|Part|456.5893,118.3854,44.0056,0,0,-1,-0.9748,-0.2232,0,-0.2232,0.9748,0|1.2816,6.7849,4.5497|0.9725,0.9725,0.9725|256|0|1|1|1|1|0|1",
"P|Part|-88.8882,82.5319,144.0835,1,0,0,0,1,0,0,0,1|14.6088,2.4348,14.6088|0.8745,0.8745,0.8706|256|0|1|1|1|1|0|1",
"P|Part|-159.2053,115.6452,171.1099,1,0,0,0,1,0,0,0,1|2.1426,51.6178,1.0713|0.8745,0.8745,0.8706|256|0|1|1|1|1|0|1",
"P|Part|-233.0286,147.1759,13.8216,-1,0,0,0,1,0,0,0,-1|2.9218,2.6783,1.4609|0.8745,0.8745,0.8706|256|0|1|1|1|1|0|1",
"P|Part|254.6602,153.3564,12.7651,0,0,-1,0,1,0,1,0,0|0.0481,0.6156,1.616|0.9373,0.7216,0.2196|256|0|1|1|1|1|0.1|1",
"P|Part|308.8093,107.9531,144.7148,0,1,0,1,0,0,0,0,-1|83.7597,1.5065,1.5065|0.9373,0.7216,0.2196|256|0|1|1|1|1|0.1|1",
"P|Part|456.5894,140.3277,53.2772,0,0,-1,-0.6635,-0.7482,0,-0.7482,0.6635,0|1.2578,0.6176,7.1059|0.9725,0.9725,0.9725|256|0|1|1|1|1|0|1",
"P|Part|456.5894,119.3757,119.3261,0,0,-1,0.9734,-0.229,0,-0.229,-0.9734,0|1.2578,0.6176,7.1059|0.9725,0.9725,0.9725|256|0|1|1|1|1|0|1",
"P|Part|134.675,163.1526,18.0569,0,0,1,0,-1,0,1,0,0|0.467,0.2547,0.9339|0.9373,0.7216,0.2196|256|0|1|1|1|1|0.1|1",
"P|Part|-227.0633,143.402,165.9968,0,0,1,0,1,0,-1,0,0|2.4348,4.8696,1.2174|0.8745,0.8745,0.8706|256|0|1|1|1|1|0|1",
"P|Part|170.5734,65.9665,21.1813,-0.7071,0,0.7071,0,-1,0,0.7071,0,0.7071|0.0481,0.6156,1.616|0.9373,0.7216,0.2196|256|0|1|1|1|1|0.1|1",
"P|Part|-130.0364,115.6452,-4.7316,0,0,1,0,1,0,-1,0,0|2.1426,51.6178,1.0713|0.8745,0.8745,0.8706|256|0|1|1|1|1|0|1",
"P|Part|456.5894,118.8696,105.9777,0,0,-1,0.9477,-0.3192,0,-0.3192,-0.9477,0|0.8529,0.4188,4.8188|0.9725,0.9725,0.9725|256|0|1|1|1|1|0|1",
"P|Part|135.6089,166.1327,144.7148,0,0,-1,0,1,0,1,0,0|0.467,5.7054,0.9339|0.9373,0.7216,0.2196|256|0|1|1|1|1|0.1|1",
"P|Part|219.264,118.1851,144.7148,0,-1,0,1,0,0,0,0,1|2.0061,3.0129,3.01|0.9373,0.7216,0.2196|256|0|1|1|1|1|0.1|1",
"P|Part|170.7296,66.4674,141.3489,-0.7071,0,0.7071,0,1,0,-0.7071,0,-0.7071|0.0302,0.3862,1.0138|0.4196,0.1961,0.4863|256|0|1|1|1|1|0.1|1",
"P|Part|-91.9317,143.402,19.9086,0,0,-1,0,1,0,1,0,0|2.4348,4.8696,1.2174|0.8745,0.8745,0.8706|256|0|1|1|1|1|0|1",
"P|Part|456.5892,97.2161,104.167,0,0,-1,0.8815,0.4722,0,0.4722,-0.8815,0|0.8529,0.4188,4.8188|0.9725,0.9725,0.9725|256|0|1|1|1|1|0|1",
"P|Part|456.5889,153.6461,108.5411,0,0,-1,-0.8375,-0.5464,0,-0.5464,0.8375,0|0.5199,0.8181,4.424|0.9373,0.7216,0.2196|256|0|1|1|1|1|0.1|1",
"P|Part|456.5892,107.3545,104.9759,0,0,-1,-0.9938,-0.1109,0,-0.1109,0.9938,0|0.8691,4.6011,3.0853|0.9725,0.9725,0.9725|256|0|1|1|1|1|0|1",
"P|Part|456.5893,137.421,55.0957,0,0,-1,0.6749,0.7379,0,0.7379,-0.6749,0|1.2816,6.7849,4.5497|0.9725,0.9725,0.9725|256|0|1|1|1|1|0|1",
"P|Part|-88.8882,84.9667,17.4738,1,0,0,0,1,0,0,0,1|12.174,2.4348,12.174|0.8745,0.8745,0.8706|256|0|1|1|1|1|0|1",
"P|Object.a07b|-179.3312,97.2534,87.7872,0,0,1,0,1,0,-1,0,0|3.3187,4.4737,2.4154|0.9373,0.7216,0.2196|256|0|1|1|1|1|0|1",
"P|Part|-227.9642,115.6452,39.1435,-1,0,0,0,1,0,0,0,-1|2.1426,51.6178,1.0713|0.8745,0.8745,0.8706|256|0|1|1|1|1|0|1",
"P|Part|22.8213,77.8007,80.4767,0,0.7071,0.7071,-1,0,0,0,-0.7071,0.7071|0.1828,0.4192,2.6724|0.9373,0.7216,0.2196|256|0|1|1|1|1|0.1|1",
"P|Part|456.5889,84.2475,53.6369,0,0,-1,-0.7143,0.6999,0,0.6999,0.7143,0|1.2816,6.7849,4.5497|0.9725,0.9725,0.9725|256|0|1|1|1|1|0|1",
"P|Part|257.9515,66.4674,14.6652,-0.7071,0,-0.7071,0,1,0,0.7071,0,-0.7071|0.0302,0.3862,1.0138|0.4196,0.1961,0.4863|256|0|1|1|1|1|0.1|1",
"U|CorinthianCapital|83.6036,156.0227,9.7665,0.5,0,-0.866,0,1,0,0.866,0,0.5|5.8439,10.4786,7.4869|0.9725,0.9725,0.9725|256|0|1|1|1|1|0|1",
"P|Part|456.5894,96.807,41.9958,0,0,-1,0.9438,-0.3306,0,-0.3306,-0.9438,0|1.2578,0.668,7.1059|0.9725,0.9725,0.9725|256|0|1|1|1|1|0|1",
"P|Part|156.549,146.4309,144.7148,0,0,-1,0,-1,0,-1,0,0|0.467,0.2547,0.9339|0.9373,0.7216,0.2196|256|0|1|1|1|1|0.1|1",
"P|Part|409.9269,109.5029,141.8077,0,-0.7071,0.7071,-1,0,0,0,-0.7071,-0.7071|92.9901,2.157,4.3139|1,1,1|256|0|1|1|1|1|0|1",
"P|Part|253.8539,63.2071,18.0541,0,1,0,1,0,0,0,0,-1|0.4577,12.0518,12.0518|0.9373,0.7216,0.2196|256|0|1|1|1|1|0.1|1",
"M|Cloud|244.3997,276.1442,-134.8045,1,0,0,0,-1,0,0,0,-1|51.8872,26.887,72.9216|1,1,1|256|0|1|1|1|1|0|1|rbxassetid://4862430258|",
"P|Part|253.8539,62.7494,18.0541,0,1,0,1,0,0,0,0,-1|0.4577,13.5582,13.5582|0.9373,0.7216,0.2196|256|0|1|1|1|1|0.1|1",
"P|Part|372.675,166.1327,144.7148,0,0,1,0,1,0,-1,0,0|0.467,5.7054,0.9339|0.9373,0.7216,0.2196|256|0|1|1|1|1|0.1|1",
"P|Part|456.5892,130.5112,65.4294,0,0,-1,-0.583,-0.8125,0,-0.8125,0.583,0|0.8691,4.6011,3.0853|0.9725,0.9725,0.9725|256|0|1|1|1|1|0|1",
"P|Part|-161.3236,86.7928,168.4316,0,0,-1,0,1,0,1,0,0|2.4348,6.087,1.2174|0.8745,0.8745,0.8706|256|0|1|1|1|1|0|1",
"P|Part|456.5894,109.85,43.0695,0,0,-1,-1,0.0076,0,0.0076,1,0|1.2816,6.7849,4.5497|0.9725,0.9725,0.9725|256|0|1|1|1|1|0|1",
"P|Part|333.6606,66.5821,12.7649,0,0,-1,0,1,0,1,0,0|0.0481,0.6156,1.616|0.9373,0.7216,0.2196|256|0|1|1|1|1|0.1|1",
"P|Part|416.5888,68.2211,117.9025,0,-1,0,0,0,-1,1,0,0|3.7186,11.3788,11.1677|0.9725,0.9725,0.9725|256|0|1|1|1|1|0|1",
"P|Part|22.4289,77.4864,80.8692,0,0.7071,0.7071,-1,0,0,0,-0.7071,0.7071|0.1492,0.3421,2.1808|0.9373,0.7216,0.2196|256|0|1|1|1|1|0.1|1",
"P|Part|456.5893,124.992,57.0682,0,0,-1,-0.8398,-0.5429,0,-0.5429,0.8398,0|0.8529,0.4188,4.8188|0.9725,0.9725,0.9725|256|0|1|1|1|1|0|1",
"P|Part|178.2178,66.4674,22.1796,-0.7071,0,0.7071,0,1,0,-0.7071,0,-0.7071|0.0302,0.3862,1.0138|0.4196,0.1961,0.4863|256|0|1|1|1|1|0.1|1",
"P|Part|-91.323,143.402,-9.9178,-1,0,0,0,1,0,0,0,-1|2.4348,4.8696,1.2174|0.8745,0.8745,0.8706|256|0|1|1|1|1|0|1",
"P|Part|456.5894,128.011,116.2278,0,0,-1,0.8965,-0.443,0,-0.443,-0.8965,0|1.2578,0.6176,7.1059|0.9725,0.9725,0.9725|256|0|1|1|1|1|0|1",
"P|Part|174.3455,152.8554,139.3676,0,0,1,0,-1,0,1,0,0|0.0302,0.3862,1.0138|0.4196,0.1961,0.4863|256|0|1|1|1|1|0.1|1",
"P|Part|456.5894,159.9304,88.7809,0,0,-1,-0.1727,0.985,0,0.985,0.1727,0|0.8691,3.107,3.0853|0.9725,0.9725,0.9725|256|0|1|1|1|1|0.1|1",
"P|Part|276.9493,156.5242,144.709,0,0,1,0,-1,0,1,0,0|0.467,0.2547,0.9339|0.9373,0.7216,0.2196|256|0|1|1|1|1|0.1|1",
"P|Part|308.8096,150.9791,144.7148,0,-1,0,1,0,0,0,0,1|2.2924,0.5094,0.467|0.9373,0.7216,0.2196|256|0|1|1|1|1|0.1|1",
"P|Part|14.9633,79.3056,82.6099,0,-1,0,-1,0,0,0,0,-1|0.3469,0.7955,5.0713|0.9373,0.7216,0.2196|256|0|1|1|1|1|0.1|1",
"P|Part|259.0926,65.9665,143.922,-1,0,0,0,-1,0,0,0,1|0.0481,0.6156,1.616|0.9373,0.7216,0.2196|256|0|1|1|1|1|0.1|1",
"P|Part|456.5892,154.8048,56.3727,0,0,-1,0.4683,0.8835,0,0.8835,-0.4683,0|0.8691,3.107,3.0853|0.9725,0.9725,0.9725|256|0|1|1|1|1|0.1|1",
"U|CorinthianCapital|80.7784,149.3139,9.7405,0.483,-0.1294,-0.866,0.2588,0.9659,0,0.8365,-0.2241,0.5|2.0992,5.5728,2.2216|0.9725,0.9725,0.9725|256|0|1|1|1|1|0|1",
"P|Part|338.1486,66.4674,145.238,-1,0,0,0,1,0,0,0,-1|0.0302,0.3862,1.0138|0.4196,0.1961,0.4863|256|0|1|1|1|1|0.1|1",
"P|Part|-85.8447,86.7928,19.9086,0,0,1,0,1,0,-1,0,0|2.4348,6.087,1.2174|0.8745,0.8745,0.8706|256|0|1|1|1|1|0|1",
"P|Part|456.5896,138.8253,121.6899,0,0,-1,-0.8234,0.5674,0,0.5675,0.8234,0|0.8691,3.107,3.0853|0.9725,0.9725,0.9725|256|0|1|1|1|1|0.1|1",
"P|Part|456.5893,157.5078,101.5249,0,0,-1,0.9114,0.4116,0,0.4116,-0.9114,0|0.5199,0.8181,4.424|0.9373,0.7216,0.2196|256|0|1|1|1|1|0.1|1",
"P|Part|456.589,113.4245,28.1312,0,0,-1,0.065,-0.9979,0,-0.9979,-0.065,0|0.5199,0.8181,4.424|0.9373,0.7216,0.2196|256|0|1|1|1|1|0.1|1",
"P|Part|-134.8573,115.6452,-4.196,1,0,0,0,1,0,0,0,1|2.1426,51.6178,1.0713|0.8745,0.8745,0.8706|256|0|1|1|1|1|0|1",
"P|Part|282.222,163.1198,18.0511,0,0,1,0,1,0,-1,0,0|0.467,5.7054,0.9339|0.9373,0.7216,0.2196|256|0|1|1|1|1|0.1|1",
"P|Part|456.589,100.6967,129.7167,0,0,-1,0.9824,0.1867,0,0.1867,-0.9824,0|0.8691,3.107,3.0853|0.9725,0.9725,0.9725|256|0|1|1|1|1|0.1|1",
"P|Part|-206.9762,147.1759,-3.9525,0,0,1,0,1,0,-1,0,0|2.9218,2.6783,1.4609|0.8745,0.8745,0.8706|256|0|1|1|1|1|0|1",
"P|Part|-105.3231,86.7928,165.9968,0,0,1,0,1,0,-1,0,0|2.4348,6.087,1.2174|0.8745,0.8745,0.8706|256|0|1|1|1|1|0|1",
"P|Part|253.8501,109.5029,22.2059,0,0,-1,-1,0,0,0,1,0|92.9901,2.157,4.3139|1,1,1|256|0|1|1|1|1|0|1",
"P|Part|456.589,89.8679,65.2771,0,0,-1,-0.5891,0.8081,0,0.8081,0.5891,0|0.8691,4.6011,3.0853|0.9725,0.9725,0.9725|256|0|1|1|1|1|0|1",
"P|Part|-85.8447,86.7928,117.3007,0,0,1,0,1,0,-1,0,0|2.4348,6.087,1.2174|0.8745,0.8745,0.8706|256|0|1|1|1|1|0|1",
"P|Part|26.412,79.3056,82.61,0,1,0,-1,0,0,0,0,1|0.3469,0.7955,5.0713|0.9373,0.7216,0.2196|256|0|1|1|1|1|0.1|1",
"P|Part|104.0652,143.0838,144.7091,0,0,-1,0,1,0,1,0,0|0.467,5.7054,0.9339|0.9373,0.7216,0.2196|256|0|1|1|1|1|0.1|1",
"P|Part|-227.4285,115.6452,19.6164,0,0,1,0,1,0,-1,0,0|2.1426,51.6178,1.0713|0.8745,0.8745,0.8706|256|0|1|1|1|1|0|1",
"P|Part|341.5985,102.0025,144.709,0,-1,0,1,0,0,0,0,1|71.8586,1.5065,1.5065|0.9373,0.7216,0.2196|256|0|1|1|1|1|0.1|1",
"P|Part|456.5892,142.3145,120.9476,0,0,-1,-0.6198,-0.7847,0,-0.7847,0.6198,0|0.5199,0.8181,4.424|0.9373,0.7216,0.2196|256|0|1|1|1|1|0.1|1",
"M|Left Leg|80.9615,166.6736,146.8578,0.9962,0,0.0871,0,1,0,-0.0871,0,0.9962|6.6446,13.2891,6.6446|0.6392,0.6353,0.6471|256|0|0|1|1|1|0|1|rbxassetid://4906912683|",
"P|Part|253.8501,109.5029,148.8639,0,0,-1,-1,0,0,0,1,0|92.9901,2.157,4.3139|1,1,1|256|0|1|1|1|1|0|1",
"P|Part|-85.8447,86.7928,170.8664,0,0,1,0,1,0,-1,0,0|2.4348,6.087,1.2174|0.8745,0.8745,0.8706|256|0|1|1|1|1|0|1",
"P|Part|456.5897,134.1497,66.9271,0,0,-1,-0.4795,-0.8775,0,-0.8775,0.4795,0|0.8529,0.4188,4.8188|0.9725,0.9725,0.9725|256|0|1|1|1|1|0|1",
"P|Part|180.0926,65.9665,145.538,1,0,0,0,-1,0,0,0,-1|0.0481,0.6156,1.616|0.9373,0.7216,0.2196|256|0|1|1|1|1|0.1|1",
"P|Part|-85.8447,143.402,117.3007,0,0,1,0,1,0,-1,0,0|2.4348,4.8696,1.2174|0.8745,0.8745,0.8706|256|0|1|1|1|1|0|1",
"P|Part|287.9618,82.1805,144.709,0,1,0,1,0,0,0,0,-1|2.0061,3.0129,3.01|0.9373,0.7216,0.2196|256|0|1|1|1|1|0.1|1",
"P|Part|-226.4546,147.1759,14.552,0,0,1,0,1,0,-1,0,0|2.9218,2.6783,1.4609|0.8745,0.8745,0.8706|256|0|1|1|1|1|0|1",
"P|Part|456.589,145.9547,98.6326,0,0,-1,0.4605,-0.8877,0,-0.8877,-0.4605,0|1.2578,0.6176,7.1059|0.9725,0.9725,0.9725|256|0|1|1|1|1|0|1",
"P|Part|456.5892,147.1071,79.2985,0,0,-1,-0.0203,-0.9998,0,-0.9998,0.0203,0|1.2816,6.7849,4.5497|0.9725,0.9725,0.9725|256|0|1|1|1|1|0|1",
"P|EP2|20.6547,71.3506,73.6471,0,1,0,1,0,0,0,0,-1|1.7679,5.3516,1.7679|0.9725,0.9725,0.9725|256|1|0|1|1|1|0|0|PE:ParticleEmitter:rbxassetid://277916207:1:12:1:1:1.6724:1.6724|AT:Attachment:0,0,0,0,0,0",
"P|Part|24.0342,77.987,82.61,0,1,0,-1,0,0,0,0,1|0.2028,0.4649,2.9641|0.9373,0.7216,0.2196|256|0|1|1|1|1|0.1|1",
"P|Object.cd60|-186.5856,94.4704,72.9146,0,0,1,0,1,0,-1,0,0|0.1967,0.4945,17.2214|0.8353,0.451,0.2392|256|0|1|1|1|1|0|1",
"P|Part|378.264,159.114,18.0568,0,-1,0,1,0,0,0,0,1|2.2924,0.5094,0.467|0.9373,0.7216,0.2196|256|0|1|1|1|1|0.1|1",
"P|Part|198.8832,159.5042,144.709,0,0,-1,0,1,0,1,0,0|0.467,5.7054,0.9339|0.9373,0.7216,0.2196|256|0|1|1|1|1|0.1|1",
"P|Part|415.9651,66.5821,149.0098,-0.7071,0,0.7071,0,1,0,-0.7071,0,-0.7071|0.0481,0.6156,1.616|0.9373,0.7216,0.2196|256|0|1|1|1|1|0.1|1",
"P|Part|-88.8882,82.5319,-6.8743,1,0,0,0,1,0,0,0,1|14.6088,2.4348,14.6088|0.8745,0.8745,0.8706|256|0|1|1|1|1|0|1",
"P|Part|-91.9317,143.402,146.5183,0,0,-1,0,1,0,1,0,0|2.4348,4.8696,1.2174|0.8745,0.8745,0.8706|256|0|1|1|1|1|0|1",
"P|Part|256.9814,153.3564,13.7736,0.7071,0,0.7071,0,1,0,-0.7071,0,0.7071|0.0481,0.6156,1.616|0.9373,0.7216,0.2196|256|0|1|1|1|1|0.1|1",
"P|Part|456.5893,91.0112,63.8313,0,0,-1,0.6468,-0.7626,0,-0.7626,-0.6468,0|0.8691,4.6011,3.0853|0.9725,0.9725,0.9725|256|0|1|1|1|1|0|1",
"M|Part.2b8b|-184.5303,97.0688,79.6419,-1,0,0,0,1,0,0,0,-1|12.8551,0.8333,11.8888|1,0,0|256|0|0|1|1|1|0|1|rbxassetid://1619380014|",
"P|Part|456.5893,135.1594,78.4448,0,0,-1,0.064,0.9979,0,0.9979,-0.064,0|0.8691,4.6011,3.0853|0.9725,0.9725,0.9725|256|0|1|1|1|1|0|1",
"P|Part|175.6599,65.9665,149.9478,0,0,-1,0,-1,0,-1,0,0|0.0481,0.6156,1.616|0.9373,0.7216,0.2196|256|0|1|1|1|1|0.1|1",
"P|Part|-91.9317,143.402,141.6487,0,0,-1,0,1,0,1,0,0|2.4348,4.8696,1.2174|0.8745,0.8745,0.8706|256|0|1|1|1|1|0|1",
"P|Part|456.5893,105.6316,28.2092,0,0,-1,-0.0847,-0.9964,0,-0.9964,0.0847,0|0.5199,0.8181,4.424|0.9373,0.7216,0.2196|256|0|1|1|1|1|0.1|1",
"P|Part|272.6106,154.9849,18.0511,0,0,-1,0,1,0,1,0,0|0.467,5.7054,0.9339|0.9373,0.7216,0.2196|256|0|1|1|1|1|0.1|1",
"P|Part|-31.5225,305.5398,-13.2322,-0.186,0.237,-0.9536,0.2703,0.9454,0.1822,0.9447,-0.2238,-0.2399|15.1414,7.5707,7.5707|0.9725,0.9725,0.9725|256|0.5|1|1|1|1|0|1|SM:Mesh:::Head:1.2,1.2,1.2,0,0,0",
"P|Part|456.589,146.1751,44.5907,0,0,-1,0.7013,0.7128,0,0.7128,-0.7013,0|0.8691,3.107,3.0853|0.9725,0.9725,0.9725|256|0|1|1|1|1|0.1|1",
"P|Part|456.5893,141.8344,38.8477,0,0,-1,0.6105,-0.792,0,-0.792,-0.6105,0|0.5199,0.8181,4.424|0.9373,0.7216,0.2196|256|0|1|1|1|1|0.1|1",
"P|Part|456.5893,143.8801,119.6606,0,0,-1,-0.6499,-0.76,0,-0.76,0.6499,0|0.5199,0.8181,4.424|0.9373,0.7216,0.2196|256|0|1|1|1|1|0.1|1",
"P|Part|174.8539,156.6846,144.7121,0,1,0,1,0,0,0,0,-1|0.4577,12.0518,12.0518|0.9373,0.7216,0.2196|256|0|1|1|1|1|0.1|1",
"P|Part|248.6153,65.9665,17.2638,-1,0,0,0,-1,0,0,0,1|0.0481,0.6156,1.616|0.9373,0.7216,0.2196|256|0|1|1|1|1|0.1|1",
"P|Part|456.5894,87.2264,94.9804,0,0,-1,-0.5461,-0.8377,0,-0.8378,0.5461,0|0.8529,0.453,4.8188|0.9725,0.9725,0.9725|256|0|1|1|1|1|0|1",
"P|Part|378.264,112.0205,18.0568,0,1,0,1,0,0,0,0,-1|91.8946,1.5065,1.5065|0.9373,0.7216,0.2196|256|0|1|1|1|1|0.1|1",
"P|Part|409.9289,109.5029,20.9971,0,-0.7071,-0.7071,-1,0,0,0,0.7071,-0.7071|92.9901,2.157,4.3139|1,1,1|256|0|1|1|1|1|0|1",
"P|Part|-94.0013,147.1759,41.8218,0,0,-1,0,1,0,1,0,0|2.9218,2.6783,1.4609|0.8745,0.8745,0.8706|256|0|1|1|1|1|0|1",
"P|Part|456.5892,73.7161,97.3587,0,0,-1,-0.4293,-0.9032,0,-0.9032,0.4293,0|1.2578,0.668,7.1059|0.9725,0.9725,0.9725|256|0|1|1|1|1|0|1",
"P|Part|412.0438,66.5821,149.9476,0,0,1,0,1,0,-1,0,0|0.0481,0.6156,1.616|0.9373,0.7216,0.2196|256|0|1|1|1|1|0.1|1",
"P|Part|453.894,150.1083,84.9427,-1,0,0,0,0,1,0,1,0|2.3055,4.3135,25.5838|0.9725,0.9725,0.9725|256|0|1|1|1|1|0|1",
"P|Part|456.589,105.8346,55.3408,0,0,-1,-0.9852,0.1714,0,0.1714,0.9852,0|0.8691,4.6011,3.0853|0.9725,0.9725,0.9725|256|0|1|1|1|1|0|1",
"P|Part|456.5893,133.577,35.2637,0,0,-1,0.886,0.4637,0,0.4638,-0.886,0|0.8691,3.107,3.0853|0.9725,0.9725,0.9725|256|0|1|1|1|1|0.1|1",
"P|Part|456.5894,156.0195,104.5214,0,0,-1,-0.8831,-0.4692,0,-0.4692,0.8831,0|0.5199,0.8181,4.424|0.9373,0.7216,0.2196|256|0|1|1|1|1|0.1|1",
"P|Part|409.9289,109.5029,147.655,0,-0.7071,-0.7071,-1,0,0,0,0.7071,-0.7071|92.9901,2.157,4.3139|1,1,1|256|0|1|1|1|1|0|1",
"P|Part|456.5893,149.4372,111.8625,0,0,-1,-0.6291,0.7773,0,0.7773,0.6291,0|0.8691,3.107,3.0853|0.9725,0.9725,0.9725|256|0|1|1|1|1|0.1|1",
"P|Part|456.5894,149.7344,87.8151,0,0,-1,0.1924,-0.9813,0,-0.9813,-0.1924,0|1.2578,0.6176,7.1059|0.9725,0.9725,0.9725|256|0|1|1|1|1|0|1",
"P|Part|456.5894,111.6399,55.0164,0,0,-1,-0.9982,-0.06,0,-0.06,0.9982,0|0.8691,4.6011,3.0853|0.9725,0.9725,0.9725|256|0|1|1|1|1|0|1",
"P|Part|456.5893,161.9014,84.8513,0,0,-1,0.9958,0.0914,0,0.0914,-0.9958,0|0.5199,0.8181,4.424|0.9373,0.7216,0.2196|256|0|1|1|1|1|0.1|1",
"P|Part|456.5892,158.4059,65.034,0,0,-1,0.297,0.9549,0,0.9549,-0.297,0|0.8691,3.107,3.0853|0.9725,0.9725,0.9725|256|0|1|1|1|1|0.1|1",
"P|Part|-233.759,147.1759,147.0053,0,0,-1,0,1,0,1,0,0|2.9218,2.6783,1.4609|0.8745,0.8745,0.8706|256|0|1|1|1|1|0|1",
"P|Part|-232.5416,143.402,-3.8308,1,0,0,0,1,0,0,0,1|2.4348,4.8696,1.2174|0.8745,0.8745,0.8706|256|0|1|1|1|1|0|1",
"P|Part|456.5893,112.5819,39.7979,0,0,-1,0.9982,0.0606,0,0.0606,-0.9982,0|1.2578,0.668,7.1059|0.9725,0.9725,0.9725|256|0|1|1|1|1|0|1",
"P|Part|256.9651,65.9665,22.3518,0.7071,0,0.7071,0,-1,0,0.7071,0,-0.7071|0.0481,0.6156,1.616|0.9373,0.7216,0.2196|256|0|1|1|1|1|0.1|1",
"P|Part|456.5893,94.1472,128.0211,0,0,-1,0.9487,0.3162,0,0.3162,-0.9487,0|0.8691,3.107,3.0853|0.9725,0.9725,0.9725|256|0|1|1|1|1|0.1|1",
"P|Part|336.9515,66.4674,14.6652,-0.7071,0,-0.7071,0,1,0,0.7071,0,-0.7071|0.0302,0.3862,1.0138|0.4196,0.1961,0.4863|256|0|1|1|1|1|0.1|1",
"P|Part|456.5897,140.0736,120.8007,0,0,-1,-0.8058,0.5922,0,0.5922,0.8058,0|0.8691,3.107,3.0853|0.9725,0.9725,0.9725|256|0|1|1|1|1|0.1|1",
"P|Part|-157.0627,86.7928,-2.6134,1,0,0,0,1,0,0,0,1|2.4348,6.087,1.2174|0.8745,0.8745,0.8706|256|0|1|1|1|1|0|1",
"P|EP1|26.6356,79.8766,82.5388,1,0,0,0,0,-1,0,1,0|0.8123,5.1126,0.8123|0.9725,0.9725,0.9725|256|1|0|1|1|1|0|0|AT:Attachment:0,0,0,0,0,0",
"P|Part|125.1559,163.1198,144.7091,0,0,-1,0,1,0,1,0,0|0.467,5.7054,0.9339|0.9373,0.7216,0.2196|256|0|1|1|1|1|0.1|1",
"P|Part|456.5892,132.7509,90.8827,0,0,-1,0.432,-0.9019,0,-0.9019,-0.432,0|0.8691,4.6011,3.0853|0.9725,0.9725,0.9725|256|0|1|1|1|1|0|1",
"P|Part|456.5893,98.9346,55.0993,0,0,-1,0.9122,-0.4096,0,-0.4096,-0.9123,0|0.8529,0.453,4.8188|0.9725,0.9725,0.9725|256|0|1|1|1|1|0|1",
"P|Part|456.5893,113.7238,130.4778,0,0,-1,0.9975,-0.071,0,-0.071,-0.9975,0|0.8691,3.107,3.0853|0.9725,0.9725,0.9725|256|0|1|1|1|1|0.1|1",
"P|Part|-132.7146,115.6452,164.682,-1,0,0,0,1,0,0,0,-1|2.1426,51.6178,1.0713|0.8745,0.8745,0.8706|256|0|1|1|1|1|0|1",
"P|Part|-225.8459,86.7928,119.7355,0,0,1,0,1,0,-1,0,0|2.4348,6.087,1.2174|0.8745,0.8745,0.8706|256|0|1|1|1|1|0|1",
"P|EP1|23.7679,83.8602,79.4715,0.707,0.7072,0.0001,0,0,-1,-0.7072,0.707,0|0.3911,2.4615,0.3911|0.9725,0.9725,0.9725|256|1|0|1|1|1|0|0|AT:Attachment:0,0,0,0,0,0",
"P|Part|-182.5307,115.6452,-6.8743,0,0,1,0,1,0,-1,0,0|2.1426,51.6178,1.0713|0.8745,0.8745,0.8706|256|0|1|1|1|1|0|1",
"M|Cloud2|137.8466,386.0829,287.7889,0.9999,-0.0114,0,0.0114,0.9997,-0.0221,0.0003,0.0221,0.9998|13.763,9.0949,24.6667|1,1,1|256|0|1|1|1|1|0|1|rbxassetid://4862430258|",
"P|Part|456.5893,107.6156,55.097,0,0,-1,-0.9949,0.1004,0,0.1004,0.9949,0|0.8691,4.6011,3.0853|0.9725,0.9725,0.9725|256|0|1|1|1|1|0|1",
"P|Part|-186.2803,82.5319,168.4316,1,0,0,0,1,0,0,0,1|14.6088,2.4348,14.6088|0.8745,0.8745,0.8706|256|0|1|1|1|1|0|1",
"P|Part|456.5893,95.4901,30.0988,0,0,-1,0.2795,0.9602,0,0.9602,-0.2795,0|0.5199,0.8181,4.424|0.9373,0.7216,0.2196|256|0|1|1|1|1|0.1|1",
"P|Part|-88.8882,86.7928,164.1707,-1,0,0,0,1,0,0,0,-1|2.4348,6.087,1.2174|0.8745,0.8745,0.8706|256|0|1|1|1|1|0|1",
"P|Part|456.5893,132.1335,125.5654,0,0,-1,0.9003,-0.4352,0,-0.4352,-0.9003,0|0.8691,3.107,3.0853|0.9725,0.9725,0.9725|256|0|1|1|1|1|0.1|1",
"P||-91.5665,115.6452,19.6164,0,0,-1,0,1,0,1,0,0|2.1426,51.6178,1.0713|0.8745,0.8745,0.8706|256|0|1|1|1|1|0|1",
"P|Part|135.6089,163.1526,18.0569,0,0,-1,0,-1,0,-1,0,0|0.467,0.2547,0.9339|0.9373,0.7216,0.2196|256|0|1|1|1|1|0.1|1",
"P|Part|456.5893,128.2466,112.297,0,0,-1,-0.8719,0.4897,0,0.4897,0.8719,0|1.2816,6.7849,4.5497|0.9725,0.9725,0.9725|256|0|1|1|1|1|0|1",
"P|Part|-104.7144,147.1759,-3.9525,0,0,1,0,1,0,-1,0,0|2.9218,2.6783,1.4609|0.8745,0.8745,0.8706|256|0|1|1|1|1|0|1",
"P|Part|-136.3668,147.1759,-9.796,0,0,-1,0,1,0,1,0,0|2.9218,2.6783,1.4609|0.8745,0.8745,0.8706|256|0|1|1|1|1|0|1",
"P|Part|338.0926,66.5821,145.538,-1,0,0,0,1,0,0,0,-1|0.0481,0.6156,1.616|0.9373,0.7216,0.2196|256|0|1|1|1|1|0.1|1",
"P|Part|415.9814,152.7408,13.7736,-0.7071,0,0.7071,0,-1,0,0.7071,0,0.7071|0.0481,0.6156,1.616|0.9373,0.7216,0.2196|256|0|1|1|1|1|0.1|1",
"P|Part|171.9289,109.5029,20.9971,0,-0.7071,-0.7071,-1,0,0,0,0.7071,-0.7071|92.9901,2.157,4.3139|1,1,1|256|0|1|1|1|1|0|1",
"P|Part|180.0926,153.3564,17.264,1,0,0,0,1,0,0,0,1|0.0481,0.6156,1.616|0.9373,0.7216,0.2196|256|0|1|1|1|1|0.1|1",
"P|Part|456.5892,154.8154,53.5166,0,0,-1,-0.8599,0.5104,0,0.5104,0.8599,0|0.5199,0.8181,4.424|0.9373,0.7216,0.2196|256|0|1|1|1|1|0.1|1",
"P|Part|456.589,140.4995,53.5129,0,0,-1,0.6581,0.753,0,0.753,-0.6581,0|1.2578,0.668,7.1059|0.9725,0.9725,0.9725|256|0|1|1|1|1|0|1",
"P|Part|456.5892,156.866,57.3251,0,0,-1,-0.8993,0.4373,0,0.4373,0.8993,0|0.5199,0.8181,4.424|0.9373,0.7216,0.2196|256|0|1|1|1|1|0.1|1",
"P|Part|388.8093,118.1851,18.0568,0,0,-1,0,1,0,1,0,0|3.0129,1.4035,31.6359|0.9373,0.7216,0.2196|256|0|1|1|1|1|0.1|1",
"P|Part|-108.3666,84.9667,-6.8743,1,0,0,0,1,0,0,0,1|12.174,2.4348,12.174|0.8745,0.8745,0.8706|256|0|1|1|1|1|0|1",
"P|Part|456.5892,122.7146,31.0816,0,0,-1,0.9685,0.2488,0,0.2488,-0.9685,0|0.8691,3.107,3.0853|0.9725,0.9725,0.9725|256|0|1|1|1|1|0.1|1",
"P|Part|418.1486,152.8554,145.2379,1,0,0,0,-1,0,0,0,-1|0.0302,0.3862,1.0138|0.4196,0.1961,0.4863|256|0|1|1|1|1|0.1|1",
"P|Part|456.5892,85.2737,124.0717,0,0,-1,0.8707,0.4918,0,0.4918,-0.8707,0|0.8691,3.107,3.0853|0.9725,0.9725,0.9725|256|0|1|1|1|1|0.1|1",
"P|Part|308.8093,118.1851,18.0568,0,0,-1,0,1,0,1,0,0|3.0129,1.4035,31.6359|0.9373,0.7216,0.2196|256|0|1|1|1|1|0.1|1",
"P|Part.cfc9|-193.9073,107.7927,83.6384,0,0,1,0,1,0,-1,0,0|1.4573,0.0246,3.0289|0.9373,0.7216,0.2196|256|0|1|1|1|1|0|1",
"P|EP1|20.6158,79.8766,76.5969,0,1,0,0,0,-1,-1,0,0|0.8123,5.1126,0.8123|0.9725,0.9725,0.9725|256|1|0|1|1|1|0|0|AT:Attachment:0,0,0,0,0,0",
"P|Part|456.5894,97.4806,130.6201,0,0,-1,-0.2412,0.9705,0,0.9705,0.2413,0|0.5199,0.8181,4.424|0.9373,0.7216,0.2196|256|0|1|1|1|1|0.1|1",
"P|Part|456.5894,83.2285,110.1119,0,0,-1,0.7451,0.6669,0,0.6669,-0.7451,0|1.2578,0.6176,7.1059|0.9725,0.9725,0.9725|256|0|1|1|1|1|0|1",
"P|Part|257.9881,109.5029,18.0707,0,1,0,-1,0,0,0,0,1|92.9901,2.157,4.3139|1,1,1|256|0|1|1|1|1|0|1",
"P|Part|399.8217,140.1037,18.0569,0,0,-1,0,-1,0,-1,0,0|0.467,0.2547,0.9339|0.9373,0.7216,0.2196|256|0|1|1|1|1|0.1|1",
"P|Part|456.5896,139.892,122.7677,0,0,-1,0.5732,0.8194,0,0.8194,-0.5732,0|0.5199,0.8181,4.424|0.9373,0.7216,0.2196|256|0|1|1|1|1|0.1|1",
"P|Part|456.5892,120.4307,54.7141,0,0,-1,0.9265,0.3764,0,0.3764,-0.9265,0|0.8529,0.453,4.8188|0.9725,0.9725,0.9725|256|0|1|1|1|1|0|1",
"P|Part|456.5892,87.3909,69.4887,0,0,-1,0.4212,-0.907,0,-0.907,-0.4212,0|0.8691,4.6011,3.0853|0.9725,0.9725,0.9725|256|0|1|1|1|1|0|1",
"P|Part|456.5889,97.1819,101.5263,0,0,-1,-0.8563,-0.5165,0,-0.5165,0.8563,0|0.8691,4.6011,3.0853|0.9725,0.9725,0.9725|256|0|1|1|1|1|0|1",
"P|Part|456.5893,136.0242,88.9233,0,0,-1,0.3243,-0.946,0,-0.946,-0.3243,0|0.8529,0.4188,4.8188|0.9725,0.9725,0.9725|256|0|1|1|1|1|0|1",
"P|Part|-86.2099,115.6452,170.5742,0,0,1,0,1,0,-1,0,0|2.1426,51.6178,1.0713|0.8745,0.8745,0.8706|256|0|1|1|1|1|0|1",
"P|Part|456.5892,117.96,119.6322,0,0,-1,0.981,-0.1939,0,-0.1939,-0.981,0|1.2578,0.6176,7.1059|0.9725,0.9725,0.9725|256|0|1|1|1|1|0|1",
"P|Part|456.5894,77.4207,56.4696,0,0,-1,0.5847,-0.8113,0,-0.8113,-0.5847,0|1.2578,0.668,7.1059|0.9725,0.9725,0.9725|256|0|1|1|1|1|0|1",
"P|Part|-92.5404,147.1759,122.6573,0,0,-1,0,1,0,1,0,0|2.9218,2.6783,1.4609|0.8745,0.8745,0.8706|256|0|1|1|1|1|0|1",
"P|Part|327.6153,65.9665,143.9217,-1,0,0,0,-1,0,0,0,1|0.0481,0.6156,1.616|0.9373,0.7216,0.2196|256|0|1|1|1|1|0.1|1",
"P|Part|456.5896,160.6224,77.4428,0,0,-1,0.0516,0.9987,0,0.9987,-0.0516,0|0.8691,3.107,3.0853|0.9725,0.9725,0.9725|256|0|1|1|1|1|0.1|1",
"P|Part|-91.9317,86.7928,117.3007,0,0,-1,0,1,0,1,0,0|2.4348,6.087,1.2174|0.8745,0.8745,0.8706|256|0|1|1|1|1|0|1",
"P|Part|456.5892,114.5812,53.0658,0,0,-1,0.9867,0.1625,0,0.1625,-0.9867,0|0.8529,0.453,4.8188|0.9725,0.9725,0.9725|256|0|1|1|1|1|0|1",
"P|Part|408.7474,66.0812,148.0926,-0.7071,0,0.7071,0,-1,0,0.7071,0,0.7071|0.0302,0.3862,1.0138|0.4196,0.1961,0.4863|256|0|1|1|1|1|0.1|1",
"P|Part|415.7758,109.5029,20.9925,0,0.7071,-0.7071,-1,0,0,0,0.7071,0.7071|92.9901,2.157,4.3139|1,1,1|256|0|1|1|1|1|0|1",
"P|Part|456.589,132.1217,92.1313,0,0,-1,-0.4816,0.8764,0,0.8764,0.4816,0|0.8691,4.6011,3.0853|0.9725,0.9725,0.9725|256|0|1|1|1|1|0|1",
"P|Part|456.5893,149.2998,70.333,0,0,-1,-0.2408,-0.9706,0,-0.9706,0.2408,0|1.2578,0.6176,7.1059|0.9725,0.9725,0.9725|256|0|1|1|1|1|0|1",
"P|Part|456.5893,137.4865,80.909,0,0,-1,0.0314,-0.9995,0,-0.9995,-0.0314,0|0.8529,0.4188,4.8188|0.9725,0.9725,0.9725|256|0|1|1|1|1|0|1",
"P|Part|456.5893,103.6171,40.2587,0,0,-1,0.9868,-0.1617,0,-0.1617,-0.9868,0|1.2578,0.668,7.1059|0.9725,0.9725,0.9725|256|0|1|1|1|1|0|1",
"P|Part|415.7743,109.5029,15.1457,0,0.7071,0.7071,-1,0,0,0,-0.7071,0.7071|92.9901,2.157,4.3139|1,1,1|256|0|1|1|1|1|0|1",
"P|Part|404.6273,123.5212,18.0569,0,1,0,1,0,0,0,0,-1|5.3203,3.0129,3.01|0.9373,0.7216,0.2196|256|0|1|1|1|1|0.1|1",
"P|Part|-91.323,86.7928,44.8653,1,0,0,0,1,0,0,0,1|2.4348,6.087,1.2174|0.8745,0.8745,0.8706|256|0|1|1|1|1|0|1",
"P|Part|456.5893,132.4628,33.0985,0,0,-1,-0.4306,0.9025,0,0.9025,0.4306,0|0.5199,0.8181,4.424|0.9373,0.7216,0.2196|256|0|1|1|1|1|0.1|1",
"P|Part|456.5894,149.1721,45.7295,0,0,-1,0.7514,-0.6598,0,-0.6598,-0.7514,0|0.5199,0.8181,4.424|0.9373,0.7216,0.2196|256|0|1|1|1|1|0.1|1",
"P|Part|456.589,123.0136,118.2842,0,0,-1,0.9477,-0.3192,0,-0.3192,-0.9477,0|1.2578,0.6176,7.1059|0.9725,0.9725,0.9725|256|0|1|1|1|1|0|1",
"P|Part|170.7147,109.5029,144.7299,0,-1,0,-1,0,0,0,0,-1|92.9901,2.157,4.3139|1,1,1|256|0|1|1|1|1|0|1",
"P|Part|-85.9664,147.1759,45.474,1,0,0,0,1,0,0,0,1|2.9218,2.6783,1.4609|0.8745,0.8745,0.8706|256|0|1|1|1|1|0|1",
"P|Part|180.1486,152.8554,144.2242,-1,0,0,0,-1,0,0,0,1|0.0302,0.3862,1.0138|0.4196,0.1961,0.4863|256|0|1|1|1|1|0.1|1",
"P|Part|104.0652,140.1037,144.7091,0,0,-1,0,-1,0,-1,0,0|0.467,0.2547,0.9339|0.9373,0.7216,0.2196|256|0|1|1|1|1|0.1|1",
"P|Part|338.0926,65.9665,18.88,1,0,0,0,-1,0,0,0,-1|0.0481,0.6156,1.616|0.9373,0.7216,0.2196|256|0|1|1|1|1|0.1|1",
"P|Part|456.5893,143.7462,57.7194,0,0,-1,-0.5534,-0.8329,0,-0.8329,0.5534,0|1.2578,0.6176,7.1059|0.9725,0.9725,0.9725|256|0|1|1|1|1|0|1",
"P|Part|456.5894,72.8476,64.6872,0,0,-1,0.3809,-0.9246,0,-0.9246,-0.3809,0|1.2578,0.668,7.1059|0.9725,0.9725,0.9725|256|0|1|1|1|1|0|1",
"P|Part|271.6767,152.0048,144.7091,0,0,1,0,-1,0,1,0,0|0.467,0.2547,0.9339|0.9373,0.7216,0.2196|256|0|1|1|1|1|0.1|1",
"P|Part|456.5894,125.3629,60.1233,0,0,-1,-0.7945,-0.6072,0,-0.6072,0.7945,0|0.8691,4.6011,3.0853|0.9725,0.9725,0.9725|256|0|1|1|1|1|0|1",
"P|Part|332.8542,69.9577,18.0549,0,1,0,1,0,0,0,0,-1|0.4577,13.5582,13.5582|0.9373,0.7216,0.2196|256|0|1|1|1|1|0.1|1",
"P|Part|456.5896,136.0801,88.7568,0,0,-1,0.3182,-0.948,0,-0.948,-0.3182,0|0.8529,0.4188,4.8188|0.9725,0.9725,0.9725|256|0|1|1|1|1|0|1",
"P|Part|203.6891,112.0205,18.0511,0,-1,0,1,0,0,0,0,1|91.8946,1.5065,1.5065|0.9373,0.7216,0.2196|256|0|1|1|1|1|0.1|1",
"P|Part|188.3379,146.4309,18.0511,0,0,-1,0,-1,0,-1,0,0|0.467,0.2547,0.9339|0.9373,0.7216,0.2196|256|0|1|1|1|1|0.1|1",
"P|Part|408.5734,152.7408,21.1811,-0.7071,0,0.7071,0,-1,0,0.7071,0,0.7071|0.0481,0.6156,1.616|0.9373,0.7216,0.2196|256|0|1|1|1|1|0.1|1",
"P|Part|-207.9501,115.6452,-9.0169,0,0,1,0,1,0,-1,0,0|2.1426,51.6178,1.0713|0.8745,0.8745,0.8706|256|0|1|1|1|1|0|1",
"P|Part|-227.185,147.1759,13.8216,-1,0,0,0,1,0,0,0,-1|2.9218,2.6783,1.4609|0.8745,0.8745,0.8706|256|0|1|1|1|1|0|1",
"P|Part|409.6982,65.9665,13.7994,-0.7071,0,-0.7071,0,-1,0,-0.7071,0,0.7071|0.0481,0.6156,1.616|0.9373,0.7216,0.2196|256|0|1|1|1|1|0.1|1",
"P|Part|456.589,145.4237,43.8465,0,0,-1,0.7161,0.698,0,0.698,-0.7161,0|0.8691,3.107,3.0853|0.9725,0.9725,0.9725|256|0|1|1|1|1|0.1|1",
"P|Part|456.5893,160.0706,72.1715,0,0,-1,0.1559,0.9878,0,0.9878,-0.1559,0|0.8691,3.107,3.0853|0.9725,0.9725,0.9725|256|0|1|1|1|1|0.1|1",
"P|Part|456.5892,114.2559,53.0141,0,0,-1,0.9886,0.1506,0,0.1506,-0.9886,0|0.8529,0.453,4.8188|0.9725,0.9725,0.9725|256|0|1|1|1|1|0|1",
"P|Part|-132.7147,115.6452,-3.1247,1,0,0,0,1,0,0,0,1|2.1426,51.6178,1.0713|0.8745,0.8745,0.8706|256|0|1|1|1|1|0|1",
"P|Part|166.6273,123.5212,144.7148,0,1,0,1,0,0,0,0,-1|5.3203,3.0129,3.01|0.9373,0.7216,0.2196|256|0|1|1|1|1|0.1|1",
"P|Part|456.5894,127.2897,98.3427,0,0,-1,-0.7294,0.684,0,0.6841,0.7294,0|0.8691,4.6011,3.0853|0.9725,0.9725,0.9725|256|0|1|1|1|1|0|1",
"P|Part|456.5892,131.5817,34.2665,0,0,-1,0.9056,0.4242,0,0.4242,-0.9056,0|0.8691,3.107,3.0853|0.9725,0.9725,0.9725|256|0|1|1|1|1|0.1|1",
"P|Part|180.0607,109.5029,146.891,0,0.7071,0.7071,1,0,0,0,0.7071,-0.7071|92.9902,0.6058,0.6058|0.9373,0.7216,0.2196|256|0|1|1|1|1|0.1|1",
"P|Part|453.8947,123.8222,42.0875,0,0,-1,0.3491,-0.9371,0,-0.9371,-0.3491,0|32.3246,1.7843,2.3048|0.9373,0.7216,0.2196|256|0|1|1|1|1|0.1|1",
"P|Part|333.6602,152.7408,139.423,0,0,-1,0,-1,0,-1,0,0|0.0481,0.6156,1.616|0.9373,0.7216,0.2196|256|0|1|1|1|1|0.1|1",
"P|Part|456.5894,105.8945,29.6781,0,0,-1,0.9965,-0.0839,0,-0.0839,-0.9965,0|0.8691,3.107,3.0853|0.9725,0.9725,0.9725|256|0|1|1|1|1|0.1|1",
"P|Part|456.5892,96.6852,130.4174,0,0,-1,0.2565,-0.9665,0,-0.9665,-0.2565,0|0.5199,0.8181,4.424|0.9373,0.7216,0.2196|256|0|1|1|1|1|0.1|1",
"P|Part|-92.6378,115.6452,119.7355,0,0,-1,0,1,0,1,0,0|2.1426,51.6178,1.0713|0.8745,0.8745,0.8706|256|0|1|1|1|1|0|1",
"P|Part|20.6877,78.966,77.4855,0,0,1,-1,0,0,0,-1,0|0.3106,0.7121,4.5399|0.9373,0.7216,0.2196|256|0|1|1|1|1|0.1|1",
"P|Part|253.3455,66.4674,150.0043,0,0,1,0,1,0,-1,0,0|0.0302,0.3862,1.0138|0.4196,0.1961,0.4863|256|0|1|1|1|1|0.1|1",
"P|Part|20.6876,78.9215,80.139,0,0,-1,1,0,0,0,-1,0|0.1498,0.3434,2.189|0.9373,0.7216,0.2196|256|0|1|1|1|1|0.1|1",
"P|Part|456.5892,118.8921,129.8407,0,0,-1,0.9849,-0.1733,0,-0.1733,-0.9849,0|0.8691,3.107,3.0853|0.9725,0.9725,0.9725|256|0|1|1|1|1|0.1|1",
"P|Part|-136.4642,115.6452,168.4316,0,0,-1,0,1,0,1,0,0|2.1426,51.6178,1.0713|0.8745,0.8745,0.8706|256|0|1|1|1|1|0|1",
"P|Part|456.5893,132.0191,96.4892,0,0,-1,0.6008,-0.7994,0,-0.7994,-0.6008,0|0.8529,0.4188,4.8188|0.9725,0.9725,0.9725|256|0|1|1|1|1|0|1",
"P|Part|418.1486,66.0812,145.238,1,0,0,0,-1,0,0,0,-1|0.0302,0.3862,1.0138|0.4196,0.1961,0.4863|256|0|1|1|1|1|0.1|1",
"P|Part|456.5894,74.5056,61.158,0,0,-1,0.4684,-0.8835,0,-0.8835,-0.4684,0|1.2578,0.668,7.1059|0.9725,0.9725,0.9725|256|0|1|1|1|1|0|1",
"P|Part|456.5892,147.0395,77.6929,0,0,-1,-0.0638,-0.998,0,-0.998,0.0638,0|1.2816,6.7849,4.5497|0.9725,0.9725,0.9725|256|0|1|1|1|1|0|1",
"U|CorinthianCapital|89.7647,149.3139,142.6952,-0.8365,0.2241,-0.5,0.2588,0.9659,0,0.483,-0.1294,-0.866|2.0992,5.5728,2.2216|0.9725,0.9725,0.9725|256|0|1|1|1|1|0|1",
"P|Part|-227.672,143.402,-9.9178,-1,0,0,0,1,0,0,0,-1|2.4348,4.8696,1.2174|0.8745,0.8745,0.8706|256|0|1|1|1|1|0|1",
"P|Part|456.5892,110.6755,39.7268,0,0,-1,0.9999,0.0134,0,0.0134,-0.9999,0|1.2578,0.668,7.1059|0.9725,0.9725,0.9725|256|0|1|1|1|1|0|1",
"M|Cloud2|540.5253,329.3337,256.5264,0.9999,-0.0114,0,0.0114,0.9997,-0.0221,0.0003,0.0221,0.9998|13.763,9.0949,24.6667|1,1,1|256|0|1|1|1|1|0|1|rbxassetid://4862430258|",
"P|Object.69aa|-186.5856,94.4704,74.8852,0,0,1,0,1,0,-1,0,0|0.1967,0.4945,17.2214|0.8353,0.451,0.2392|256|0|1|1|1|1|0|1",
"P||-91.5665,115.6452,170.5742,0,0,-1,0,1,0,1,0,0|2.1426,51.6178,1.0713|0.8745,0.8745,0.8706|256|0|1|1|1|1|0|1",
"P|Part|456.5894,73.1925,96.2144,0,0,-1,-0.4009,-0.9161,0,-0.9161,0.4009,0|1.2578,0.668,7.1059|0.9725,0.9725,0.9725|256|0|1|1|1|1|0|1",
"M|Part.1f27|-179.537,88.0105,87.9516,-0.766,0,0.6428,0,1,0,-0.6428,0,-0.766|5.2728,12.8396,4.3535|0.9373,0.7216,0.2196|256|0|0|1|1|1|0|1|rbxassetid://1619401979|",
"P|Part|456.5892,148.4309,113.0708,0,0,-1,-0.6529,0.7574,0,0.7574,0.6529,0|0.8691,3.107,3.0853|0.9725,0.9725,0.9725|256|0|1|1|1|1|0.1|1",
"P|Part|329.716,66.5821,148.982,-0.7071,0,-0.7071,0,1,0,0.7071,0,-0.7071|0.0481,0.6156,1.616|0.9373,0.7216,0.2196|256|0|1|1|1|1|0.1|1",
"M|Cloud|316.7997,282.1442,352.7955,1,0,0,0,-1,0,0,0,-1|51.8872,26.887,72.9216|1,1,1|256|0|1|1|1|1|0|1|rbxassetid://4862430258|",
"P|Part|456.5893,95.4459,30.1069,0,0,-1,-0.2803,-0.9599,0,-0.9599,0.2803,0|0.5199,0.8181,4.424|0.9373,0.7216,0.2196|256|0|1|1|1|1|0.1|1",
"P|Part|-108.3666,86.7928,164.1707,-1,0,0,0,1,0,0,0,-1|2.4348,6.087,1.2174|0.8745,0.8745,0.8706|256|0|1|1|1|1|0|1",
"P|Part|456.5893,161.7964,85.9173,0,0,-1,0.9937,0.1119,0,0.1119,-0.9937,0|0.5199,0.8181,4.424|0.9373,0.7216,0.2196|256|0|1|1|1|1|0.1|1",
"P|Part|456.5893,120.6297,102.8295,0,0,-1,-0.9083,0.4184,0,0.4184,0.9083,0|0.8691,4.6011,3.0853|0.9725,0.9725,0.9725|256|0|1|1|1|1|0|1",
"P|Part|456.5892,146.2959,115.3922,0,0,-1,-0.6989,0.7152,0,0.7152,0.6989,0|0.8691,3.107,3.0853|0.9725,0.9725,0.9725|256|0|1|1|1|1|0.1|1",
"P|Part|456.5894,137.4994,80.5149,0,0,-1,0.017,-0.9999,0,-0.9999,-0.017,0|0.8529,0.4188,4.8188|0.9725,0.9725,0.9725|256|0|1|1|1|1|0|1",
"P|Part|254.3592,152.8554,150.0042,0,0,-1,0,-1,0,-1,0,0|0.0302,0.3862,1.0138|0.4196,0.1961,0.4863|256|0|1|1|1|1|0.1|1",
"P|Part|-230.1068,82.5319,119.7355,1,0,0,0,1,0,0,0,1|14.6088,2.4348,14.6088|0.8745,0.8745,0.8706|256|0|1|1|1|1|0|1",
"P|Part|456.5892,140.0208,101.8373,0,0,-1,-0.5891,0.8081,0,0.8081,0.5891,0|1.2816,6.7849,4.5497|0.9725,0.9725,0.9725|256|0|1|1|1|1|0|1",
"P|Part|-227.672,86.7928,147.127,1,0,0,0,1,0,0,0,1|2.4348,6.087,1.2174|0.8745,0.8745,0.8706|256|0|1|1|1|1|0|1",
"P|Part|456.5892,125.5427,117.346,0,0,-1,0.9242,-0.3818,0,-0.3818,-0.9243,0|1.2578,0.6176,7.1059|0.9725,0.9725,0.9725|256|0|1|1|1|1|0|1",
"P|Part|456.5892,125.3139,42.6904,0,0,-1,0.9265,0.3764,0,0.3764,-0.9265,0|1.2578,0.668,7.1059|0.9725,0.9725,0.9725|256|0|1|1|1|1|0|1",
"P|Part|456.5892,132.2381,63.9151,0,0,-1,-0.5896,-0.8077,0,-0.8077,0.5896,0|0.8529,0.4188,4.8188|0.9725,0.9725,0.9725|256|0|1|1|1|1|0|1",
"P|Part|-230.1068,82.5319,-6.8743,1,0,0,0,1,0,0,0,1|14.6088,2.4348,14.6088|0.8745,0.8745,0.8706|256|0|1|1|1|1|0|1",
"P|Part|170.7296,66.0812,14.6909,0.7071,0,0.7071,0,-1,0,0.7071,0,-0.7071|0.0302,0.3862,1.0138|0.4196,0.1961,0.4863|256|0|1|1|1|1|0.1|1",
"P|Part|113.6767,152.0048,18.0511,0,0,1,0,-1,0,1,0,0|0.467,0.2547,0.9339|0.9373,0.7216,0.2196|256|0|1|1|1|1|0.1|1",
"P|Part|409.6982,66.5821,140.4574,0.7071,0,-0.7071,0,1,0,0.7071,0,0.7071|0.0481,0.6156,1.616|0.9373,0.7216,0.2196|256|0|1|1|1|1|0.1|1",
"P|Part|335.7758,109.5029,20.9925,0,0.7071,-0.7071,-1,0,0,0,0.7071,0.7071|92.9901,2.157,4.3139|1,1,1|256|0|1|1|1|1|0|1",
"P|Part|456.5894,130.3589,33.7128,0,0,-1,0.9165,0.4,0,0.4,-0.9165,0|0.8691,3.107,3.0853|0.9725,0.9725,0.9725|256|0|1|1|1|1|0.1|1",
"P|Part|417.1078,65.9665,21.2092,-0.7071,0,-0.7071,0,-1,0,-0.7071,0,0.7071|0.0481,0.6156,1.616|0.9373,0.7216,0.2196|256|0|1|1|1|1|0.1|1",
"P|Part|104.0652,140.1037,18.0511,0,0,-1,0,-1,0,-1,0,0|0.467,0.2547,0.9339|0.9373,0.7216,0.2196|256|0|1|1|1|1|0.1|1",
"P|Part|160.8878,140.1037,18.0569,0,0,1,0,-1,0,1,0,0|0.467,0.2547,0.9339|0.9373,0.7216,0.2196|256|0|1|1|1|1|0.1|1",
"P|Part|416.2346,66.0812,140.6062,-0.7071,0,0.7071,0,-1,0,0.7071,0,0.7071|0.0302,0.3862,1.0138|0.4196,0.1961,0.4863|256|0|1|1|1|1|0.1|1",
"P|Part|179.124,153.3564,14.9161,-0.7071,0,-0.7071,0,1,0,0.7071,0,-0.7071|0.0481,0.6156,1.616|0.9373,0.7216,0.2196|256|0|1|1|1|1|0.1|1",
"P|Part|171.4643,66.0812,148.8095,0.7071,0,-0.7071,0,-1,0,-0.7071,0,-0.7071|0.0302,0.3862,1.0138|0.4196,0.1961,0.4863|256|0|1|1|1|1|0.1|1",
"P|Part|-207.7066,147.1759,-10.5265,-1,0,0,0,1,0,0,0,-1|2.9218,2.6783,1.4609|0.8745,0.8745,0.8706|256|0|1|1|1|1|0|1",
"P|Part|456.589,80.8415,107.7604,0,0,-1,-0.6872,-0.7265,0,-0.7265,0.6872,0|1.2578,0.668,7.1059|0.9725,0.9725,0.9725|256|0|1|1|1|1|0|1",
"P|Part|456.5892,116.386,28.4101,0,0,-1,0.1218,-0.9925,0,-0.9925,-0.1218,0|0.5199,0.8181,4.424|0.9373,0.7216,0.2196|256|0|1|1|1|1|0.1|1",
"P|Part|172.6896,109.5029,139.5208,0,0.7071,0.7071,1,0,0,0,0.7071,-0.7071|92.9902,0.6058,0.6058|0.9373,0.7216,0.2196|256|0|1|1|1|1|0.1|1",
"P|Part|253.8539,62.7494,144.7121,0,1,0,1,0,0,0,0,-1|0.4577,13.5582,13.5582|0.9373,0.7216,0.2196|256|0|1|1|1|1|0.1|1",
"P|Part|456.5893,137.119,75.4955,0,0,-1,-0.1664,-0.9861,0,-0.9861,0.1664,0|0.8529,0.4188,4.8188|0.9725,0.9725,0.9725|256|0|1|1|1|1|0|1",
"P|Part|-227.9642,115.6452,20.1521,1,0,0,0,1,0,0,0,1|2.1426,51.6178,1.0713|0.8745,0.8745,0.8706|256|0|1|1|1|1|0|1",
"P|Part|-188.7151,86.7928,171.4751,1,0,0,0,1,0,0,0,1|2.4348,6.087,1.2174|0.8745,0.8745,0.8706|256|0|1|1|1|1|0|1",
"P|Part|253.8542,70.4155,144.7128,0,1,0,1,0,0,0,0,-1|0.4577,12.0518,12.0518|0.9373,0.7216,0.2196|256|0|1|1|1|1|0.1|1",
"P|Part|456.5892,126.121,30.568,0,0,-1,-0.3088,0.9511,0,0.9511,0.3088,0|0.5199,0.8181,4.424|0.9373,0.7216,0.2196|256|0|1|1|1|1|0.1|1",
"P|Part|456.5893,109.4364,39.7293,0,0,-1,0.9998,-0.0174,0,-0.0174,-0.9998,0|1.2578,0.668,7.1059|0.9725,0.9725,0.9725|256|0|1|1|1|1|0|1",
"P|Part|456.589,102.0755,129.9584,0,0,-1,0.9872,0.1594,0,0.1594,-0.9872,0|0.8691,3.107,3.0853|0.9725,0.9725,0.9725|256|0|1|1|1|1|0.1|1",
"P|Part|415.9817,66.5821,13.7735,0.7071,0,0.7071,0,1,0,-0.7071,0,0.7071|0.0481,0.6156,1.616|0.9373,0.7216,0.2196|256|0|1|1|1|1|0.1|1",
"P|Part|256.9651,153.3564,22.3513,-0.7071,0,0.7071,0,1,0,-0.7071,0,-0.7071|0.0481,0.6156,1.616|0.9373,0.7216,0.2196|256|0|1|1|1|1|0.1|1",
"P|Part|456.5893,135.92,111.0917,0,0,-1,0.7693,-0.6389,0,-0.6389,-0.7693,0|1.2578,0.6176,7.1059|0.9725,0.9725,0.9725|256|0|1|1|1|1|0|1",
"P|Part|-213.6719,86.7928,-9.3091,0,0,-1,0,1,0,1,0,0|2.4348,6.087,1.2174|0.8745,0.8745,0.8706|256|0|1|1|1|1|0|1",
"P|Part|-31.8423,292.0158,-22.2352,-0.2243,0.2011,-0.9536,0.102,0.978,0.1822,0.9692,-0.0564,-0.2399|7.5707,15.1414,7.5707|0.9725,0.9725,0.9725|256|0.5|1|1|1|1|0|1",
"P|Part|247.1335,77.2092,144.7136,0,0,1,0,1,0,-1,0,0|3.0129,4.7177,3.0129|0.9373,0.7216,0.2196|256|0|1|1|1|1|0.1|1",
"P|Part|-108.3666,147.1759,-11.9874,-1,0,0,0,1,0,0,0,-1|2.9218,2.6783,1.4609|0.8745,0.8745,0.8706|256|0|1|1|1|1|0|1",
"P|Part|456.5893,160.0853,72.2495,0,0,-1,0.1543,0.988,0,0.988,-0.1543,0|0.8691,3.107,3.0853|0.9725,0.9725,0.9725|256|0|1|1|1|1|0.1|1",
"P|Part|-232.2494,115.6452,14.7955,-1,0,0,0,1,0,0,0,-1|2.1426,51.6178,1.0713|0.8745,0.8745,0.8706|256|0|1|1|1|1|0|1",
"P|Part|456.5892,94.3378,117.1766,0,0,-1,0.9202,0.3915,0,0.3915,-0.9202,0|1.2578,0.6176,7.1059|0.9725,0.9725,0.9725|256|0|1|1|1|1|0|1",
"P|Part|-227.672,143.402,-3.8308,1,0,0,0,1,0,0,0,1|2.4348,4.8696,1.2174|0.8745,0.8745,0.8706|256|0|1|1|1|1|0|1",
"P|Part|456.5893,138.244,123.8736,0,0,-1,0.5415,0.8407,0,0.8407,-0.5415,0|0.5199,0.8181,4.424|0.9373,0.7216,0.2196|256|0|1|1|1|1|0.1|1",
"P|Part|-154.6279,143.402,165.3881,-1,0,0,0,1,0,0,0,-1|2.4348,4.8696,1.2174|0.8745,0.8745,0.8706|256|0|1|1|1|1|0|1",
"P|Part|338.1486,66.0812,18.5801,1,0,0,0,-1,0,0,0,-1|0.0302,0.3862,1.0138|0.4196,0.1961,0.4863|256|0|1|1|1|1|0.1|1",
"P|Part|456.5892,95.419,30.1126,0,0,-1,-0.2808,-0.9598,0,-0.9598,0.2808,0|0.5199,0.8181,4.424|0.9373,0.7216,0.2196|256|0|1|1|1|1|0.1|1",
"P|Part|456.5894,131.5793,125.843,0,0,-1,-0.9056,0.4242,0,0.4242,0.9056,0|0.8691,3.107,3.0853|0.9725,0.9725,0.9725|256|0|1|1|1|1|0.1|1",
"U|CorinthianCapital|77.9913,152.1356,11.0197,0.7071,-0.7071,0,0,0,-1,0.7071,0.7071,0|8.0252,2.6197,8.6911|0.9725,0.9725,0.9725|256|0|1|1|1|1|0|1",
"P|Part|456.5892,124.0697,100.9035,0,0,-1,-0.8315,0.5555,0,0.5555,0.8315,0|0.8691,4.6011,3.0853|0.9725,0.9725,0.9725|256|0|1|1|1|1|0|1",
"P|Part|456.5892,161.7514,86.2776,0,0,-1,0.9929,0.1188,0,0.1188,-0.9929,0|0.5199,0.8181,4.424|0.9373,0.7216,0.2196|256|0|1|1|1|1|0.1|1",
"P|Part|418.0926,153.3564,143.922,1,0,0,0,1,0,0,0,1|0.0481,0.6156,1.616|0.9373,0.7216,0.2196|256|0|1|1|1|1|0.1|1",
"P|Part|456.5893,129.3646,31.7384,0,0,-1,0.3711,-0.9286,0,-0.9286,-0.3711,0|0.5199,0.8181,4.424|0.9373,0.7216,0.2196|256|0|1|1|1|1|0.1|1",
"P|Part|329.9269,109.5029,141.8077,0,-0.7071,0.7071,-1,0,0,0,-0.7071,-0.7071|92.9901,2.157,4.3139|1,1,1|256|0|1|1|1|1|0|1",
"P|Part|456.589,106.078,55.301,0,0,-1,-0.9868,0.1617,0,0.1617,0.9868,0|0.8691,4.6011,3.0853|0.9725,0.9725,0.9725|256|0|1|1|1|1|0|1",
"P|Part|259.0926,65.9665,17.264,-1,0,0,0,-1,0,0,0,1|0.0481,0.6156,1.616|0.9373,0.7216,0.2196|256|0|1|1|1|1|0.1|1",
"P|Part|456.5892,99.0568,105.0673,0,0,-1,0.9143,0.4049,0,0.4049,-0.9143,0|0.8529,0.4188,4.8188|0.9725,0.9725,0.9725|256|0|1|1|1|1|0|1",
"P|Part|248.6153,65.9665,143.9217,-1,0,0,0,-1,0,0,0,1|0.0481,0.6156,1.616|0.9373,0.7216,0.2196|256|0|1|1|1|1|0.1|1",
"P|Part|-132.7146,86.7928,164.1707,-1,0,0,0,1,0,0,0,-1|2.4348,6.087,1.2174|0.8745,0.8745,0.8706|256|0|1|1|1|1|0|1",
"P|Part|456.5893,111.6832,39.7544,0,0,-1,0.9993,0.0384,0,0.0384,-0.9993,0|1.2578,0.668,7.1059|0.9725,0.9725,0.9725|256|0|1|1|1|1|0|1",
"P|Part|-186.2803,115.6452,164.682,-1,0,0,0,1,0,0,0,-1|2.1426,51.6178,1.0713|0.8745,0.8745,0.8706|256|0|1|1|1|1|0|1",
"P|Part|254.3592,152.8554,12.7096,0,0,-1,0,-1,0,-1,0,0|0.0302,0.3862,1.0138|0.4196,0.1961,0.4863|256|0|1|1|1|1|0.1|1",
"P|Part|-182.6281,147.1759,-3.9525,0,0,1,0,1,0,-1,0,0|2.9218,2.6783,1.4609|0.8745,0.8745,0.8706|256|0|1|1|1|1|0|1",
"P|Part|456.5893,139.4503,52.3188,0,0,-1,-0.6872,-0.7265,0,-0.7265,0.6872,0|1.2578,0.6176,7.1059|0.9725,0.9725,0.9725|256|0|1|1|1|1|0|1",
"P|Part|-230.1068,143.402,-2.6134,1,0,0,0,1,0,0,0,1|2.4348,4.8696,1.2174|0.8745,0.8745,0.8706|256|0|1|1|1|1|0|1",
"P|Part|456.5897,130.6106,61.8943,0,0,-1,-0.6635,-0.7482,0,-0.7482,0.6635,0|0.8529,0.4188,4.8188|0.9725,0.9725,0.9725|256|0|1|1|1|1|0|1",
"P|Part|373.1422,162.127,18.0568,0,-1,0,1,0,0,0,0,1|2.2924,0.5094,0.467|0.9373,0.7216,0.2196|256|0|1|1|1|1|0.1|1",
"P|Part|456.5892,161.6215,73.0039,0,0,-1,-0.9907,0.1361,0,0.1361,0.9907,0|0.5199,0.8181,4.424|0.9373,0.7216,0.2196|256|0|1|1|1|1|0.1|1",
"P|Part|-152.8018,143.402,-6.8743,0,0,1,0,1,0,-1,0,0|2.4348,4.8696,1.2174|0.8745,0.8745,0.8706|256|0|1|1|1|1|0|1",
"P|Part|328.5734,152.7408,147.839,-0.7071,0,0.7071,0,-1,0,0.7071,0,0.7071|0.0481,0.6156,1.616|0.9373,0.7216,0.2196|256|0|1|1|1|1|0.1|1",
"P|Part|175.3592,66.0812,150.0043,0,0,-1,0,-1,0,-1,0,0|0.0302,0.3862,1.0138|0.4196,0.1961,0.4863|256|0|1|1|1|1|0.1|1",
"U|CorinthianCapital|89.7643,149.3139,13.6952,-0.8365,0.2241,-0.5,0.2588,0.9659,0,0.483,-0.1294,-0.866|2.0992,5.5728,2.2216|0.9725,0.9725,0.9725|256|0|1|1|1|1|0|1",
"P|Part|456.589,132.0562,92.2365,0,0,-1,-0.4859,0.874,0,0.874,0.4859,0|0.8691,4.6011,3.0853|0.9725,0.9725,0.9725|256|0|1|1|1|1|0|1",
"P|Part|456.5892,134.9933,36.0345,0,0,-1,0.8707,0.4918,0,0.4918,-0.8707,0|0.8691,3.107,3.0853|0.9725,0.9725,0.9725|256|0|1|1|1|1|0.1|1",
"P|Part|250.4643,153.2417,148.8095,-0.7071,0,-0.7071,0,1,0,0.7071,0,-0.7071|0.0302,0.3862,1.0138|0.4196,0.1961,0.4863|256|0|1|1|1|1|0.1|1",
"P|Part|456.5893,157.7388,97.0733,0,0,-1,-0.3367,0.9416,0,0.9416,0.3367,0|0.8691,3.107,3.0853|0.9725,0.9725,0.9725|256|0|1|1|1|1|0.1|1",
"P|Part|-93.1491,86.7928,168.4316,0,0,-1,0,1,0,1,0,0|2.4348,6.087,1.2174|0.8745,0.8745,0.8706|256|0|1|1|1|1|0|1",
"P|Part|415.9651,65.9665,22.3518,0.7071,0,0.7071,0,-1,0,0.7071,0,-0.7071|0.0481,0.6156,1.616|0.9373,0.7216,0.2196|256|0|1|1|1|1|0.1|1",
"P|Part|456.5894,162.0338,77.1105,0,0,-1,0.9984,-0.0572,0,-0.0572,-0.9984,0|0.5199,0.8181,4.424|0.9373,0.7216,0.2196|256|0|1|1|1|1|0.1|1",
"P|Part|-212.771,115.6452,165.7533,-1,0,0,0,1,0,0,0,-1|2.1426,51.6178,1.0713|0.8745,0.8745,0.8706|256|0|1|1|1|1|0|1",
"M|Cloud2|-95.1264,207.5065,236.8275,0.9999,-0.0114,0,0.0114,0.9997,-0.0221,0.0003,0.0221,0.9998|13.763,9.0949,24.6667|1,1,1|256|0|1|1|1|1|0|1|rbxassetid://4862430258|",
"P|Part|-206.8788,115.6452,-6.8743,0,0,1,0,1,0,-1,0,0|2.1426,51.6178,1.0713|0.8745,0.8745,0.8706|256|0|1|1|1|1|0|1",
"P|Part|456.5893,124.679,56.8914,0,0,-1,0.8469,0.5318,0,0.5318,-0.8469,0|0.8529,0.453,4.8188|0.9725,0.9725,0.9725|256|0|1|1|1|1|0|1",
"P|Part|456.5893,94.4143,30.4181,0,0,-1,-0.3001,-0.9539,0,-0.9539,0.3001,0|0.5199,0.8181,4.424|0.9373,0.7216,0.2196|256|0|1|1|1|1|0.1|1",
"P|Part|456.589,133.865,93.6789,0,0,-1,0.4981,-0.8671,0,-0.8671,-0.4981,0|0.8529,0.4188,4.8188|0.9725,0.9725,0.9725|256|0|1|1|1|1|0|1",
"P|Part|332.0438,65.9665,149.9476,0,0,1,0,-1,0,1,0,0|0.0481,0.6156,1.616|0.9373,0.7216,0.2196|256|0|1|1|1|1|0.1|1",
"P|Part|174.3452,66.0812,150.0043,0,0,1,0,-1,0,1,0,0|0.0302,0.3862,1.0138|0.4196,0.1961,0.4863|256|0|1|1|1|1|0.1|1",
"P|Part|456.5894,126.1932,102.208,0,0,-1,0.8098,-0.5868,0,-0.5868,-0.8098,0|0.8529,0.4188,4.8188|0.9725,0.9725,0.9725|256|0|1|1|1|1|0|1",
"P|Part|456.5889,99.1097,129.3875,0,0,-1,0.9759,0.2181,0,0.2181,-0.9759,0|0.8691,3.107,3.0853|0.9725,0.9725,0.9725|256|0|1|1|1|1|0.1|1",
"P|Part|456.5892,89.604,126.2592,0,0,-1,0.9139,0.406,0,0.406,-0.9139,0|0.8691,3.107,3.0853|0.9725,0.9725,0.9725|256|0|1|1|1|1|0.1|1",
"P|Part|25.2065,79.683,78.091,0,0.7071,0.7071,-1,0,0,0,-0.7071,0.7071|0.3873,0.8881,5.6617|0.9373,0.7216,0.2196|256|0|1|1|1|1|0.1|1",
"P|Part|456.589,139.3706,37.0647,0,0,-1,0.5632,-0.8263,0,-0.8263,-0.5632,0|0.5199,0.8181,4.424|0.9373,0.7216,0.2196|256|0|1|1|1|1|0.1|1",
"P|Part|-230.1068,115.6452,-3.1247,1,0,0,0,1,0,0,0,1|2.1426,51.6178,1.0713|0.8745,0.8745,0.8706|256|0|1|1|1|1|0|1",
"P|Part|456.5892,159.1269,67.5833,0,0,-1,0.2466,0.9691,0,0.9691,-0.2466,0|0.8691,3.107,3.0853|0.9725,0.9725,0.9725|256|0|1|1|1|1|0.1|1",
"P|Part|219.264,82.1805,144.7148,0,-1,0,1,0,0,0,0,1|2.0061,3.0129,3.01|0.9373,0.7216,0.2196|256|0|1|1|1|1|0.1|1",
"P|Part|412.3458,66.4674,139.3673,0,0,1,0,1,0,-1,0,0|0.0302,0.3862,1.0138|0.4196,0.1961,0.4863|256|0|1|1|1|1|0.1|1",
"P|Part|456.5892,149.3991,48.2093,0,0,-1,0.6299,0.7767,0,0.7767,-0.6299,0|0.8691,3.107,3.0853|0.9725,0.9725,0.9725|256|0|1|1|1|1|0.1|1",
"P|Part|-226.4546,147.1759,20.3955,0,0,1,0,1,0,-1,0,0|2.9218,2.6783,1.4609|0.8745,0.8745,0.8706|256|0|1|1|1|1|0|1",
"P|Part|456.5892,116.9401,130.1454,0,0,-1,0.9909,-0.1346,0,-0.1346,-0.9909,0|0.8691,3.107,3.0853|0.9725,0.9725,0.9725|256|0|1|1|1|1|0.1|1",
"P|Part|456.5894,96.807,41.9958,0,0,-1,0.9438,-0.3306,0,-0.3306,-0.9438,0|1.2578,0.668,7.1059|0.9725,0.9725,0.9725|256|0|1|1|1|1|0|1",
"P|Part|456.5892,158.7717,98.4679,0,0,-1,0.9357,0.3529,0,0.3529,-0.9357,0|0.5199,0.8181,4.424|0.9373,0.7216,0.2196|256|0|1|1|1|1|0.1|1",
"P|Part|456.5893,157.5717,101.3819,0,0,-1,0.9126,0.4088,0,0.4088,-0.9126,0|0.5199,0.8181,4.424|0.9373,0.7216,0.2196|256|0|1|1|1|1|0.1|1",
"P|Part|456.5892,104.9273,106.9104,0,0,-1,0.9817,0.1904,0,0.1904,-0.9817,0|0.8529,0.4188,4.8188|0.9725,0.9725,0.9725|256|0|1|1|1|1|0|1",
"P|Part|342.0652,140.1037,18.0511,0,0,-1,0,-1,0,-1,0,0|0.467,0.2547,0.9339|0.9373,0.7216,0.2196|256|0|1|1|1|1|0.1|1",
"P|Part|456.5894,123.3354,130.4356,0,0,-1,-0.2553,-0.9669,0,-0.9669,0.2553,0|0.5199,0.8181,4.424|0.9373,0.7216,0.2196|256|0|1|1|1|1|0.1|1",
"P|Part|456.5893,87.3193,64.9721,0,0,-1,0.5512,-0.8343,0,-0.8343,-0.5512,0|0.8529,0.453,4.8188|0.9725,0.9725,0.9725|256|0|1|1|1|1|0|1",
"P|Part|-104.7144,147.1759,165.5098,0,0,1,0,1,0,-1,0,0|2.9218,2.6783,1.4609|0.8745,0.8745,0.8706|256|0|1|1|1|1|0|1",
"P|Part|456.5892,144.2559,117.3688,0,0,-1,-0.7379,0.6749,0,0.6749,0.7379,0|0.8691,3.107,3.0853|0.9725,0.9725,0.9725|256|0|1|1|1|1|0.1|1",
"P|Part.9638|-193.9073,119.858,79.7699,0,0,1,0,1,0,-1,0,0|6.0741,0.512,1.8916|1,1,0|256|0|1|1|1|1|0|1",
"P|Part|248.5606,66.4674,18.5798,-1,0,0,0,1,0,0,0,-1|0.0302,0.3862,1.0138|0.4196,0.1961,0.4863|256|0|1|1|1|1|0.1|1",
"P|Part|20.6881,77.6461,85.3539,0,0,-1,-1,0,0,0,1,0|0.1663,0.3813,2.4307|0.9373,0.7216,0.2196|256|0|1|1|1|1|0.1|1",
"P|Part|-227.0633,143.402,117.3007,0,0,1,0,1,0,-1,0,0|2.4348,4.8696,1.2174|0.8745,0.8745,0.8706|256|0|1|1|1|1|0|1",
"P|Part|180.1486,66.0812,17.5663,-1,0,0,0,-1,0,0,0,1|0.0302,0.3862,1.0138|0.4196,0.1961,0.4863|256|0|1|1|1|1|0.1|1",
"P|Part|456.5889,159.8733,64.9642,0,0,-1,0.9569,-0.2905,0,-0.2905,-0.9569,0|0.5199,0.8181,4.424|0.9373,0.7216,0.2196|256|0|1|1|1|1|0.1|1",
"P|Part|372.9913,118.1851,18.0569,0,-1,0,1,0,0,0,0,1|2.0061,3.0129,3.01|0.9373,0.7216,0.2196|256|0|1|1|1|1|0.1|1",
"U|CorinthianCapital|83.3236,149.3139,152.1188,0,0,1,0.2588,0.9659,0,-0.9659,0.2588,0|2.0992,5.5728,2.2216|0.9725,0.9725,0.9725|256|0|1|1|1|1|0|1",
"P|Object.3158|-193.9493,102.8184,72.0019,0,0,-1,0,1,0,1,0,0|3.3187,0.6727,3.0289|0.9373,0.7216,0.2196|256|0|1|1|1|1|0|1",
"P||-232.7851,115.6452,146.2262,0,0,-1,0,1,0,1,0,0|2.1426,51.6178,1.0713|0.8745,0.8745,0.8706|256|0|1|1|1|1|0|1",
"P|Part|219.264,159.114,18.0568,0,-1,0,1,0,0,0,0,1|2.2924,0.5094,0.467|0.9373,0.7216,0.2196|256|0|1|1|1|1|0.1|1",
"P|Part|456.5893,88.0002,91.834,0,0,-1,0.4699,0.8827,0,0.8827,-0.4699,0|0.8691,4.6011,3.0853|0.9725,0.9725,0.9725|256|0|1|1|1|1|0|1",
"P|Part|456.589,107.8835,52.7976,0,0,-1,0.9966,-0.0824,0,-0.0824,-0.9966,0|0.8529,0.453,4.8188|0.9725,0.9725,0.9725|256|0|1|1|1|1|0|1",
"P|Part|456.5892,107.5922,105.0013,0,0,-1,-0.9948,-0.1015,0,-0.1015,0.9948,0|0.8691,4.6011,3.0853|0.9725,0.9725,0.9725|256|0|1|1|1|1|0|1",
"P|Part|151.2764,154.9849,18.0568,0,0,-1,0,1,0,1,0,0|0.467,5.7054,0.9339|0.9373,0.7216,0.2196|256|0|1|1|1|1|0.1|1",
"P|Part|160.8878,143.0838,144.7148,0,0,1,0,1,0,-1,0,0|0.467,5.7054,0.9339|0.9373,0.7216,0.2196|256|0|1|1|1|1|0.1|1",
"P|Part|456.5893,85.6967,126.1195,0,0,-1,0.4675,-0.884,0,-0.884,-0.4675,0|0.5199,0.8181,4.424|0.9373,0.7216,0.2196|256|0|1|1|1|1|0.1|1",
"P|Part|-227.672,86.7928,38.7783,-1,0,0,0,1,0,0,0,-1|2.4348,6.087,1.2174|0.8745,0.8745,0.8706|256|0|1|1|1|1|0|1",
"P|Part|456.5894,125.7427,129.738,0,0,-1,-0.3015,-0.9535,0,-0.9535,0.3015,0|0.5199,0.8181,4.424|0.9373,0.7216,0.2196|256|0|1|1|1|1|0.1|1",
"P|Part|139.7972,163.1198,144.7148,0,0,1,0,1,0,-1,0,0|0.467,5.7054,0.9339|0.9373,0.7216,0.2196|256|0|1|1|1|1|0.1|1",
"P|Part|456.589,144.5473,58.9751,0,0,-1,-0.5223,-0.8528,0,-0.8528,0.5223,0|1.2578,0.6176,7.1059|0.9725,0.9725,0.9725|256|0|1|1|1|1|0|1",
"P|EP2|26.9697,71.3506,88.8928,0,-0.7071,0.7071,1,0,0,0,0.7071,0.7071|1.7679,5.3516,1.7679|0.9725,0.9725,0.9725|256|1|0|1|1|1|0|0|PE:ParticleEmitter:rbxassetid://277916207:1:12:1:1:1.6724:1.6724|AT:Attachment:0,0,0,0,0,0",
"P|Part|272.6106,152.0048,18.0511,0,0,-1,0,-1,0,-1,0,0|0.467,0.2547,0.9339|0.9373,0.7216,0.2196|256|0|1|1|1|1|0.1|1",
"P|Part|257.2346,66.0812,13.9482,-0.7071,0,0.7071,0,-1,0,0.7071,0,0.7071|0.0302,0.3862,1.0138|0.4196,0.1961,0.4863|256|0|1|1|1|1|0.1|1",
"P|Part|456.5893,128.9613,99.9098,0,0,-1,0.7258,-0.6879,0,-0.6879,-0.7258,0|0.8529,0.4188,4.8188|0.9725,0.9725,0.9725|256|0|1|1|1|1|0|1",
"P||-159.741,115.6452,170.5742,0,0,-1,0,1,0,1,0,0|2.1426,51.6178,1.0713|0.8745,0.8745,0.8706|256|0|1|1|1|1|0|1",
"P|Part|456.5896,135.0765,82.6512,0,0,-1,0.1037,-0.9946,0,-0.9946,-0.1037,0|0.8691,4.6011,3.0853|0.9725,0.9725,0.9725|256|0|1|1|1|1|0|1",
"P|Part|-108.3666,143.402,172.6925,1,0,0,0,1,0,0,0,1|2.4348,4.8696,1.2174|0.8745,0.8745,0.8706|256|0|1|1|1|1|0|1",
"P|Part|456.589,78.3379,98.9366,0,0,-1,-0.5106,-0.8598,0,-0.8598,0.5106,0|1.2816,6.7849,4.5497|0.9725,0.9725,0.9725|256|0|1|1|1|1|0|1",
"P|Part|314.0819,118.1851,144.7148,0,-1,0,1,0,0,0,0,1|2.0061,3.0129,3.01|0.9373,0.7216,0.2196|256|0|1|1|1|1|0.1|1",
"P|Part|408.5552,152.7408,141.6,0.7071,0,0.7071,0,-1,0,0.7071,0,-0.7071|0.0481,0.6156,1.616|0.9373,0.7216,0.2196|256|0|1|1|1|1|0.1|1",
"P|Part|-135.1494,86.7928,165.3881,-1,0,0,0,1,0,0,0,-1|2.4348,6.087,1.2174|0.8745,0.8745,0.8706|256|0|1|1|1|1|0|1",
"P|Part|394.0819,82.1805,18.0568,0,-1,0,1,0,0,0,0,1|2.0061,3.0129,3.01|0.9373,0.7216,0.2196|256|0|1|1|1|1|0.1|1",
"P|Part|412.8539,62.7494,18.0541,0,1,0,1,0,0,0,0,-1|0.4577,13.5582,13.5582|0.9373,0.7216,0.2196|256|0|1|1|1|1|0.1|1",
"P|Part|456.5889,132.231,50.396,0,0,-1,-0.8018,-0.5975,0,-0.5975,0.8018,0|1.2816,6.7849,4.5497|0.9725,0.9725,0.9725|256|0|1|1|1|1|0|1",
"P|Part|250.9289,109.5029,20.9971,0,-0.7071,-0.7071,-1,0,0,0,0.7071,-0.7071|92.9901,2.157,4.3139|1,1,1|256|0|1|1|1|1|0|1",
"P|Part|456.5894,131.1593,97.5669,0,0,-1,0.6402,-0.7682,0,-0.7682,-0.6402,0|0.8529,0.4188,4.8188|0.9725,0.9725,0.9725|256|0|1|1|1|1|0|1",
"P|Part|171.6982,66.5821,13.7994,0.7071,0,-0.7071,0,1,0,0.7071,0,0.7071|0.0481,0.6156,1.616|0.9373,0.7216,0.2196|256|0|1|1|1|1|0.1|1",
"P|Part|254.3592,153.2417,23.3463,0,0,-1,0,1,0,1,0,0|0.0302,0.3862,1.0138|0.4196,0.1961,0.4863|256|0|1|1|1|1|0.1|1",
"P|Part|456.5892,136.444,54.0611,0,0,-1,-0.7027,-0.7115,0,-0.7115,0.7027,0|1.2816,6.7849,4.5497|0.9725,0.9725,0.9725|256|0|1|1|1|1|0|1",
"P|Part|174.8501,109.5029,22.2059,0,0,-1,-1,0,0,0,1,0|92.9901,2.157,4.3139|1,1,1|256|0|1|1|1|1|0|1",
"P|Part|20.6876,83.2175,78.9939,0,0,1,-1,0,0,0,-1,0|0.2192,0.5025,3.2036|0.9373,0.7216,0.2196|256|0|1|1|1|1|0.1|1",
"P|Part|-215.7415,147.1759,168.4316,0,0,-1,0,1,0,1,0,0|2.9218,2.6783,1.4609|0.8745,0.8745,0.8706|256|0|1|1|1|1|0|1",
"P|Part|408.5552,66.5821,14.9421,-0.7071,0,0.7071,0,1,0,-0.7071,0,-0.7071|0.0481,0.6156,1.616|0.9373,0.7216,0.2196|256|0|1|1|1|1|0.1|1",
"P|Part|235.0819,145.4051,18.0568,0,-1,0,1,0,0,0,0,1|2.2924,0.5094,0.467|0.9373,0.7216,0.2196|256|0|1|1|1|1|0.1|1",
"P|Part|456.589,144.178,40.7638,0,0,-1,0.6555,-0.7552,0,-0.7552,-0.6555,0|0.5199,0.8181,4.424|0.9373,0.7216,0.2196|256|0|1|1|1|1|0.1|1",
"P|Part|258.1078,66.5821,21.2092,0.7071,0,-0.7071,0,1,0,0.7071,0,0.7071|0.0481,0.6156,1.616|0.9373,0.7216,0.2196|256|0|1|1|1|1|0.1|1",
"P|Part|456.5896,85.4583,34.1775,0,0,-1,0.472,0.8816,0,0.8816,-0.472,0|0.5199,0.8181,4.424|0.9373,0.7216,0.2196|256|0|1|1|1|1|0.1|1",
"P|Part|-188.7151,143.402,-9.9178,-1,0,0,0,1,0,0,0,-1|2.4348,4.8696,1.2174|0.8745,0.8745,0.8706|256|0|1|1|1|1|0|1",
"P|Part|456.5892,109.9164,28.0215,0,0,-1,-0.0024,-1,0,-1,0.0024,0|0.5199,0.8181,4.424|0.9373,0.7216,0.2196|256|0|1|1|1|1|0.1|1",
"P|Part|336.2178,66.4674,22.1796,-0.7071,0,0.7071,0,1,0,-0.7071,0,-0.7071|0.0302,0.3862,1.0138|0.4196,0.1961,0.4863|256|0|1|1|1|1|0.1|1",
"P|Part|456.5894,135.8527,123.5868,0,0,-1,-0.861,0.5087,0,0.5087,0.861,0|0.8691,3.107,3.0853|0.9725,0.9725,0.9725|256|0|1|1|1|1|0.1|1",
"P|Part|-227.672,143.402,147.127,1,0,0,0,1,0,0,0,1|2.4348,4.8696,1.2174|0.8745,0.8745,0.8706|256|0|1|1|1|1|0|1",
"P|Part|456.5893,161.5862,87.4335,0,0,-1,-0.99,-0.141,0,-0.141,0.99,0|0.5199,0.8181,4.424|0.9373,0.7216,0.2196|256|0|1|1|1|1|0.1|1",
"P|Part|-227.672,86.7928,116.692,-1,0,0,0,1,0,0,0,-1|2.4348,6.087,1.2174|0.8745,0.8745,0.8706|256|0|1|1|1|1|0|1",
"P|Part|-159.3758,164.4833,81.3874,1,0,0,0,1,0,0,0,1|158.2622,2.4348,138.7838|0.8745,0.8745,0.8706|256|0|1|1|1|1|0|1",
"P|Part|456.5892,126.4637,116.9468,0,0,-1,0.9145,-0.4046,0,-0.4047,-0.9145,0|1.2578,0.6176,7.1059|0.9725,0.9725,0.9725|256|0|1|1|1|1|0|1",
"P|Part|456.5893,84.6511,48.7948,0,0,-1,0.775,-0.632,0,-0.632,-0.775,0|1.2578,0.668,7.1059|0.9725,0.9725,0.9725|256|0|1|1|1|1|0|1",
"P|Part|-227.0633,86.7928,-4.4395,0,0,1,0,1,0,-1,0,0|2.4348,6.087,1.2174|0.8745,0.8745,0.8706|256|0|1|1|1|1|0|1",
"P|Part|-13.6645,256.7894,157.6389,0.7047,0.2354,-0.6693,0.0824,0.9098,0.4068,0.7047,-0.3418,0.6217|7.5707,15.1414,7.5707|0.9725,0.9725,0.9725|256|0.5|1|1|1|1|0|1",
"P|Part|172.6938,109.5029,23.2805,0,0.7071,0.7071,1,0,0,0,0.7071,-0.7071|92.9902,0.6058,0.6058|0.9373,0.7216,0.2196|256|0|1|1|1|1|0.1|1",
"P|Part|333.3592,153.2417,139.3676,0,0,-1,0,1,0,1,0,0|0.0302,0.3862,1.0138|0.4196,0.1961,0.4863|256|0|1|1|1|1|0.1|1",
"P|Part|456.5894,120.672,131.0609,0,0,-1,0.2042,0.9789,0,0.9789,-0.2042,0|0.5199,0.8181,4.424|0.9373,0.7216,0.2196|256|0|1|1|1|1|0.1|1",
"P|Part|-183.8456,86.7928,171.4751,1,0,0,0,1,0,0,0,1|2.4348,6.087,1.2174|0.8745,0.8745,0.8706|256|0|1|1|1|1|0|1",
"P|Part|-110.5092,115.6452,-9.5526,-1,0,0,0,1,0,0,0,-1|2.1426,51.6178,1.0713|0.8745,0.8745,0.8706|256|0|1|1|1|1|0|1",
"P|Part|456.5889,101.7077,44.0406,0,0,-1,-0.9737,0.2278,0,0.2278,0.9737,0|1.2816,6.7849,4.5497|0.9725,0.9725,0.9725|256|0|1|1|1|1|0|1",
"P|Part|456.5893,132.5892,50.6668,0,0,-1,-0.7945,-0.6072,0,-0.6072,0.7945,0|1.2816,6.7849,4.5497|0.9725,0.9725,0.9725|256|0|1|1|1|1|0|1",
"P|Part|335.0119,109.5029,139.5163,0,0.7071,0.7071,1,0,0,0,0.7071,-0.7071|92.9902,0.6058,0.6058|0.9373,0.7216,0.2196|256|0|1|1|1|1|0.1|1",
"P|Part|-108.3666,82.5319,-6.8743,1,0,0,0,1,0,0,0,1|14.6088,2.4348,14.6088|0.8745,0.8745,0.8706|256|0|1|1|1|1|0|1",
"P|Part|456.5893,88.1182,68.0399,0,0,-1,-0.479,0.8778,0,0.8778,0.479,0|0.8691,4.6011,3.0853|0.9725,0.9725,0.9725|256|0|1|1|1|1|0|1",
"M|Cloud|252.3997,282.1442,354.1955,1,0,0,0,-1,0,0,0,-1|51.8872,26.887,72.9216|1,1,1|256|0|1|1|1|1|0|1|rbxassetid://4862430258|",
"P|Part|-91.81,147.1759,45.474,1,0,0,0,1,0,0,0,1|2.9218,2.6783,1.4609|0.8745,0.8745,0.8706|256|0|1|1|1|1|0|1",
"P|Part|415.9651,65.9665,149.0098,0.7071,0,0.7071,0,-1,0,0.7071,0,-0.7071|0.0481,0.6156,1.616|0.9373,0.7216,0.2196|256|0|1|1|1|1|0.1|1",
"P|Part|456.5893,99.796,30.5704,0,0,-1,0.9789,-0.2045,0,-0.2045,-0.9789,0|0.8691,3.107,3.0853|0.9725,0.9725,0.9725|256|0|1|1|1|1|0.1|1",
"P|Part|213.675,163.1526,18.0569,0,0,1,0,-1,0,1,0,0|0.467,0.2547,0.9339|0.9373,0.7216,0.2196|256|0|1|1|1|1|0.1|1",
"P|Part|456.5893,141.3591,40.2863,0,0,-1,0.7865,0.6176,0,0.6176,-0.7865,0|0.8691,3.107,3.0853|0.9725,0.9725,0.9725|256|0|1|1|1|1|0.1|1",
"P|Part|-113.4797,147.1759,168.4316,0,0,-1,0,1,0,1,0,0|2.9218,2.6783,1.4609|0.8745,0.8745,0.8706|256|0|1|1|1|1|0|1",
"P|Part|383.0699,159.5042,18.0569,0,0,1,0,1,0,-1,0,0|0.467,5.7054,0.9339|0.9373,0.7216,0.2196|256|0|1|1|1|1|0.1|1",
"P|Part|-233.1503,86.7928,165.9968,0,0,-1,0,1,0,1,0,0|2.4348,6.087,1.2174|0.8745,0.8745,0.8706|256|0|1|1|1|1|0|1",
"P|Part|-205.5153,147.1759,-6.8743,0,0,1,0,1,0,-1,0,0|2.9218,2.6783,1.4609|0.8745,0.8745,0.8706|256|0|1|1|1|1|0|1",
"P|Part|183.0652,140.1037,18.0511,0,0,-1,0,-1,0,-1,0,0|0.467,0.2547,0.9339|0.9373,0.7216,0.2196|256|0|1|1|1|1|0.1|1",
"P|Part|336.9515,153.2417,14.665,-0.7071,0,-0.7071,0,1,0,0.7071,0,-0.7071|0.0302,0.3862,1.0138|0.4196,0.1961,0.4863|256|0|1|1|1|1|0.1|1",
"P|Part|135.1422,162.127,144.7148,0,-1,0,1,0,0,0,0,1|2.2924,0.5094,0.467|0.9373,0.7216,0.2196|256|0|1|1|1|1|0.1|1",
"P|Part|418.0681,109.5029,15.9142,0,0.7071,0.7071,1,0,0,0,0.7071,-0.7071|92.9902,0.6058,0.6058|0.9373,0.7216,0.2196|256|0|1|1|1|1|0.1|1",
"P|Part|114.1438,82.1805,144.7091,0,1,0,1,0,0,0,0,-1|2.0061,3.0129,3.01|0.9373,0.7216,0.2196|256|0|1|1|1|1|0.1|1",
"P|Part|456.5892,127.214,112.8554,0,0,-1,-0.887,0.4618,0,0.4618,0.887,0|1.2816,6.7849,4.5497|0.9725,0.9725,0.9725|256|0|1|1|1|1|0|1",
"P|Part|456.5893,131.0088,93.9484,0,0,-1,-0.5542,0.8324,0,0.8324,0.5542,0|0.8691,4.6011,3.0853|0.9725,0.9725,0.9725|256|0|1|1|1|1|0|1",
"P|Part|204.1559,160.1397,144.7091,0,0,-1,0,-1,0,-1,0,0|0.467,0.2547,0.9339|0.9373,0.7216,0.2196|256|0|1|1|1|1|0.1|1",
"P|Part|456.5896,143.6335,117.9245,0,0,-1,-0.749,0.6626,0,0.6626,0.749,0|0.8691,3.107,3.0853|0.9725,0.9725,0.9725|256|0|1|1|1|1|0.1|1",
"P|EP2|15.0266,79.4279,82.5676,0,0,-1,1,0,0,0,-1,0|0.8512,3.4967,0.8512|0.9725,0.9725,0.9725|256|1|0|1|1|1|0|0|AT:Attachment:0,0,0,0,0,0|PE:ParticleEmitter:rbxassetid://277916207:1:20:1:1:1.1502:1.1502",
"P|Part|179.1243,65.9665,141.5742,0.7071,0,-0.7071,0,-1,0,-0.7071,0,-0.7071|0.0481,0.6156,1.616|0.9373,0.7216,0.2196|256|0|1|1|1|1|0.1|1",
"P|Part|-130.5721,115.6452,-4.196,1,0,0,0,1,0,0,0,1|2.1426,51.6178,1.0713|0.8745,0.8745,0.8706|256|0|1|1|1|1|0|1",
"P|Part|180.1486,153.2417,17.5663,1,0,0,0,1,0,0,0,1|0.0302,0.3862,1.0138|0.4196,0.1961,0.4863|256|0|1|1|1|1|0.1|1",
"P|Part|-160.1062,143.402,170.8664,0,0,-1,0,1,0,1,0,0|2.4348,4.8696,1.2174|0.8745,0.8745,0.8706|256|0|1|1|1|1|0|1",
"P|Part|412.3455,153.2417,12.7096,0,0,1,0,1,0,-1,0,0|0.0302,0.3862,1.0138|0.4196,0.1961,0.4863|256|0|1|1|1|1|0.1|1",
"P|Part|257.2178,66.4674,22.1796,-0.7071,0,0.7071,0,1,0,-0.7071,0,-0.7071|0.0302,0.3862,1.0138|0.4196,0.1961,0.4863|256|0|1|1|1|1|0.1|1",
"P|Part|-129.7929,147.1759,-3.2221,1,0,0,0,1,0,0,0,1|2.9218,2.6783,1.4609|0.8745,0.8745,0.8706|256|0|1|1|1|1|0|1",
"P|Part|456.5892,149.5783,113.9681,0,0,-1,-0.7594,-0.6507,0,-0.6507,0.7594,0|0.5199,0.8181,4.424|0.9373,0.7216,0.2196|256|0|1|1|1|1|0.1|1",
"M|Object.deb4|-193.0341,111.6437,85.2632,0,0,-1,0,1,0,1,0,0|3.3719,9.9043,1.2475|0.9373,0.7216,0.2196|256|0|0|1|1|1|0|1|rbxassetid://1619395155|",
"P|Part|-227.672,86.7928,44.8653,1,0,0,0,1,0,0,0,1|2.4348,6.087,1.2174|0.8745,0.8745,0.8706|256|0|1|1|1|1|0|1",
"P|Part|177.0119,109.5029,139.5163,0,0.7071,0.7071,1,0,0,0,0.7071,-0.7071|92.9902,0.6058,0.6058|0.9373,0.7216,0.2196|256|0|1|1|1|1|0.1|1",
"P|Part|456.5892,114.4468,116.7837,0,0,-1,-0.9932,0.1165,0,0.1165,0.9932,0|1.2816,6.7849,4.5497|0.9725,0.9725,0.9725|256|0|1|1|1|1|0|1",
"P|Part|247.1335,77.2092,18.0557,0,0,1,0,1,0,-1,0,0|3.0129,4.7177,3.0129|0.9373,0.7216,0.2196|256|0|1|1|1|1|0.1|1",
"P|Part|456.5893,135.0616,77.3013,0,0,-1,-0.1096,-0.994,0,-0.994,0.1096,0|0.8691,4.6011,3.0853|0.9725,0.9725,0.9725|256|0|1|1|1|1|0|1",
"P|Part|174.3455,153.2417,139.3676,0,0,1,0,1,0,-1,0,0|0.0302,0.3862,1.0138|0.4196,0.1961,0.4863|256|0|1|1|1|1|0.1|1",
"P|Part|18.9405,73.3255,84.357,0,-0.7071,0.7071,1,0,0,0,0.7071,0.7071|0.1498,0.3434,2.189|0.9373,0.7216,0.2196|256|0|1|1|1|1|0.1|1",
"P|Part|332.0438,153.3564,23.2896,0,0,1,0,1,0,-1,0,0|0.0481,0.6156,1.616|0.9373,0.7216,0.2196|256|0|1|1|1|1|0.1|1",
"P|Part|368.2777,163.1526,18.0511,0,0,-1,0,-1,0,-1,0,0|0.467,0.2547,0.9339|0.9373,0.7216,0.2196|256|0|1|1|1|1|0.1|1",
"P|Part|410.6938,109.5029,23.2805,0,0.7071,0.7071,1,0,0,0,0.7071,-0.7071|92.9902,0.6058,0.6058|0.9373,0.7216,0.2196|256|0|1|1|1|1|0.1|1",
"P|Part|456.5892,139.1563,102.9762,0,0,-1,-0.6199,0.7847,0,0.7847,0.6199,0|1.2816,6.7849,4.5497|0.9725,0.9725,0.9725|256|0|1|1|1|1|0|1",
"P|Part|-188.9586,115.6452,166.2889,0,0,-1,0,1,0,1,0,0|2.1426,51.6178,1.0713|0.8745,0.8745,0.8706|256|0|1|1|1|1|0|1",
"P|Part|456.5887,123.8643,130.2954,0,0,-1,-0.2654,-0.9641,0,-0.9641,0.2654,0|0.5199,0.8181,4.424|0.9373,0.7216,0.2196|256|0|1|1|1|1|0.1|1",
"P|Part|178.9881,109.5029,144.7287,0,1,0,-1,0,0,0,0,1|92.9901,2.157,4.3139|1,1,1|256|0|1|1|1|1|0|1",
"P|Part|257.2346,152.8554,140.6062,-0.7071,0,0.7071,0,-1,0,0.7071,0,0.7071|0.0302,0.3862,1.0138|0.4196,0.1961,0.4863|256|0|1|1|1|1|0.1|1",
"P|Part|456.589,90.4777,44.8362,0,0,-1,0.8731,-0.4875,0,-0.4875,-0.8731,0|1.2578,0.668,7.1059|0.9725,0.9725,0.9725|256|0|1|1|1|1|0|1",
"P|Part|456.5892,107.3197,43.1753,0,0,-1,-0.9971,0.0761,0,0.0761,0.9971,0|1.2816,6.7849,4.5497|0.9725,0.9725,0.9725|256|0|1|1|1|1|0|1",
"P|Part|257.9347,153.2417,21.4627,0.7071,0,-0.7071,0,1,0,0.7071,0,0.7071|0.0302,0.3862,1.0138|0.4196,0.1961,0.4863|256|0|1|1|1|1|0.1|1",
"P|Part|329.716,66.5821,22.3241,-0.7071,0,-0.7071,0,1,0,0.7071,0,-0.7071|0.0481,0.6156,1.616|0.9373,0.7216,0.2196|256|0|1|1|1|1|0.1|1",
"P|Part|-159.3758,166.9181,81.3874,1,0,0,0,1,0,0,0,1|158.2622,2.4348,109.5662|0.8745,0.8745,0.8706|256|0|1|1|1|1|0|1",
"P|Part|-230.1068,86.7928,115.4746,-1,0,0,0,1,0,0,0,-1|2.4348,6.087,1.2174|0.8745,0.8745,0.8706|256|0|1|1|1|1|0|1",
"P|Part|456.5894,162.1004,81.4712,0,0,-1,0.9996,0.0265,0,0.0265,-0.9996,0|0.5199,0.8181,4.424|0.9373,0.7216,0.2196|256|0|1|1|1|1|0.1|1",
"P|Part|177.9651,66.5821,149.0098,-0.7071,0,0.7071,0,1,0,-0.7071,0,-0.7071|0.0481,0.6156,1.616|0.9373,0.7216,0.2196|256|0|1|1|1|1|0.1|1",
"P|Part|456.589,139.6171,122.9594,0,0,-1,0.5679,0.8231,0,0.8231,-0.5679,0|0.5199,0.8181,4.424|0.9373,0.7216,0.2196|256|0|1|1|1|1|0.1|1",
"P|Part|266.4041,146.4309,18.0511,0,0,1,0,-1,0,1,0,0|0.467,0.2547,0.9339|0.9373,0.7216,0.2196|256|0|1|1|1|1|0.1|1",
"P|Part|456.5894,83.8829,49.435,0,0,-1,0.7591,-0.651,0,-0.651,-0.7591,0|1.2578,0.668,7.1059|0.9725,0.9725,0.9725|256|0|1|1|1|1|0|1",
"P|Part|174.3458,66.4674,12.7094,0,0,1,0,1,0,-1,0,0|0.0302,0.3862,1.0138|0.4196,0.1961,0.4863|256|0|1|1|1|1|0.1|1",
"P|Part|456.589,95.2911,103.0141,0,0,-1,-0.8398,-0.5429,0,-0.5429,0.8398,0|0.8529,0.453,4.8188|0.9725,0.9725,0.9725|256|0|1|1|1|1|0|1",
"P|Part|456.5894,135.3455,90.6987,0,0,-1,0.3892,-0.9212,0,-0.9212,-0.3892,0|0.8529,0.4188,4.8188|0.9725,0.9725,0.9725|256|0|1|1|1|1|0|1",
"P|Part|-108.3666,147.1759,163.3185,-1,0,0,0,1,0,0,0,-1|2.9218,2.6783,1.4609|0.8745,0.8745,0.8706|256|0|1|1|1|1|0|1",
"P|Part|456.5894,79.4084,53.9289,0,0,-1,0.6476,-0.762,0,-0.762,-0.6476,0|1.2578,0.668,7.1059|0.9725,0.9725,0.9725|256|0|1|1|1|1|0|1",
"P|Part|341.5985,82.1805,144.709,0,1,0,1,0,0,0,0,-1|2.0061,3.0129,3.01|0.9373,0.7216,0.2196|256|0|1|1|1|1|0.1|1",
"P|Part|456.5889,130.7618,49.3559,0,0,-1,-0.83,-0.5578,0,-0.5578,0.83,0|1.2816,6.7849,4.5497|0.9725,0.9725,0.9725|256|0|1|1|1|1|0|1",
"P|Part|-85.8447,86.7928,39.387,0,0,1,0,1,0,-1,0,0|2.4348,6.087,1.2174|0.8745,0.8745,0.8706|256|0|1|1|1|1|0|1",
"M|Cloud|629.1996,282.1442,-39.4045,1,0,0,0,-1,0,0,0,-1|51.8872,26.887,72.9216|1,1,1|256|0|1|1|1|1|0|1|rbxassetid://4862430258|",
"P|Part|23.9491,83.0167,82.61,0,1,0,-1,0,0,0,0,1|0.1977,0.4532,2.8894|0.9373,0.7216,0.2196|256|0|1|1|1|1|0.1|1",
"P|Part|248.5606,66.0812,18.5798,1,0,0,0,-1,0,0,0,-1|0.0302,0.3862,1.0138|0.4196,0.1961,0.4863|256|0|1|1|1|1|0.1|1",
"P|Part|456.5892,159.4052,63.5014,0,0,-1,0.9479,-0.3186,0,-0.3186,-0.9479,0|0.5199,0.8181,4.424|0.9373,0.7216,0.2196|256|0|1|1|1|1|0.1|1",
"P|Part|456.5892,92.6633,59.0095,0,0,-1,0.7693,-0.6389,0,-0.6389,-0.7693,0|0.8529,0.453,4.8188|0.9725,0.9725,0.9725|256|0|1|1|1|1|0|1",
"P|Part|17.0641,78.966,86.2336,0,-0.7071,-0.7071,-1,0,0,0,0.7071,-0.7071|0.3106,0.7121,4.5399|0.9373,0.7216,0.2196|256|0|1|1|1|1|0.1|1",
"P|Part|-154.6279,143.402,171.4751,1,0,0,0,1,0,0,0,1|2.4348,4.8696,1.2174|0.8745,0.8745,0.8706|256|0|1|1|1|1|0|1",
"P|Part|456.5869,80.6007,67.9162,1,0,0,0,1,0,0,0,1|17.089,0.8534,0.9479|0.9373,0.7216,0.2196|256|0|1|1|1|1|0.1|1",
"P|Part|456.5894,152.6991,109.9698,0,0,-1,0.8191,0.5737,0,0.5737,-0.8191,0|0.5199,0.8181,4.424|0.9373,0.7216,0.2196|256|0|1|1|1|1|0.1|1",
"P|Part|178.9515,153.2417,141.323,-0.7071,0,-0.7071,0,1,0,0.7071,0,-0.7071|0.0302,0.3862,1.0138|0.4196,0.1961,0.4863|256|0|1|1|1|1|0.1|1",
"P|Part|456.5892,146.2594,72.144,0,0,-1,-0.2138,-0.9769,0,-0.9769,0.2138,0|1.2816,6.7849,4.5497|0.9725,0.9725,0.9725|256|0|1|1|1|1|0|1",
"P|Part|25.8122,78.966,82.61,0,1,0,-1,0,0,0,0,1|0.3106,0.7121,4.5399|0.9373,0.7216,0.2196|256|0|1|1|1|1|0.1|1",
"P|Part|235.549,146.4309,144.7148,0,0,-1,0,-1,0,-1,0,0|0.467,0.2547,0.9339|0.9373,0.7216,0.2196|256|0|1|1|1|1|0.1|1",
"P|Part|245.6273,118.1851,18.0569,0,-1,0,1,0,0,0,0,1|2.0061,3.0129,3.01|0.9373,0.7216,0.2196|256|0|1|1|1|1|0.1|1",
"P|Part|169.6153,66.5821,18.8798,-1,0,0,0,1,0,0,0,-1|0.0481,0.6156,1.616|0.9373,0.7216,0.2196|256|0|1|1|1|1|0.1|1",
"P|Part|-86.4534,143.402,116.692,-1,0,0,0,1,0,0,0,-1|2.4348,4.8696,1.2174|0.8745,0.8745,0.8706|256|0|1|1|1|1|0|1",
"P|Part|327.6157,153.3564,17.2638,1,0,0,0,1,0,0,0,1|0.0481,0.6156,1.616|0.9373,0.7216,0.2196|256|0|1|1|1|1|0.1|1",
"P|Part|155.6152,149.4109,18.0569,0,0,1,0,1,0,-1,0,0|0.467,5.7054,0.9339|0.9373,0.7216,0.2196|256|0|1|1|1|1|0.1|1",
"P|Part|253.8539,156.2269,18.0542,0,1,0,1,0,0,0,0,-1|0.4577,13.5582,13.5582|0.9373,0.7216,0.2196|256|0|1|1|1|1|0.1|1",
"P|Part|456.5892,156.6772,56.9413,0,0,-1,-0.8957,0.4446,0,0.4446,0.8957,0|0.5199,0.8181,4.424|0.9373,0.7216,0.2196|256|0|1|1|1|1|0.1|1",
"P|Part|-230.1068,147.1759,124.8486,1,0,0,0,1,0,0,0,1|2.9218,2.6783,1.4609|0.8745,0.8745,0.8706|256|0|1|1|1|1|0|1",
"P|Part|408.7147,109.5029,144.7299,0,-1,0,-1,0,0,0,0,-1|92.9901,2.157,4.3139|1,1,1|256|0|1|1|1|1|0|1",
"P|Part|456.5894,124.9118,103.0826,0,0,-1,0.8417,-0.5399,0,-0.5399,-0.8417,0|0.8529,0.4188,4.8188|0.9725,0.9725,0.9725|256|0|1|1|1|1|0|1",
"P|Part|456.5894,115.469,106.8858,0,0,-1,0.9808,-0.1949,0,-0.1949,-0.9808,0|0.8529,0.4188,4.8188|0.9725,0.9725,0.9725|256|0|1|1|1|1|0|1",
"P|Part|338.1486,66.4674,144.2243,1,0,0,0,1,0,0,0,1|0.0302,0.3862,1.0138|0.4196,0.1961,0.4863|256|0|1|1|1|1|0.1|1",
"P|Part|303.5366,118.1851,18.0568,0,-1,0,1,0,0,0,0,1|2.0061,3.0129,3.01|0.9373,0.7216,0.2196|256|0|1|1|1|1|0.1|1",
"P|Part|224.0699,156.5242,144.7148,0,0,1,0,-1,0,1,0,0|0.467,0.2547,0.9339|0.9373,0.7216,0.2196|256|0|1|1|1|1|0.1|1",
"P|Part|259.1486,66.0812,145.238,1,0,0,0,-1,0,0,0,-1|0.0302,0.3862,1.0138|0.4196,0.1961,0.4863|256|0|1|1|1|1|0.1|1",
"P|Part|456.5893,144.809,116.8518,0,0,-1,-0.7278,0.6858,0,0.6858,0.7278,0|0.8691,3.107,3.0853|0.9725,0.9725,0.9725|256|0|1|1|1|1|0.1|1",
"P|Part|372.675,163.1526,144.7148,0,0,1,0,-1,0,1,0,0|0.467,0.2547,0.9339|0.9373,0.7216,0.2196|256|0|1|1|1|1|0.1|1",
"P|Part|177.9814,153.3564,140.4316,0.7071,0,0.7071,0,1,0,-0.7071,0,0.7071|0.0481,0.6156,1.616|0.9373,0.7216,0.2196|256|0|1|1|1|1|0.1|1",
"P|Part|456.589,110.5025,52.7043,0,0,-1,0.9999,0.0134,0,0.0134,-0.9999,0|0.8529,0.453,4.8188|0.9725,0.9725,0.9725|256|0|1|1|1|1|0|1",
"P|Part|409.4468,66.0812,140.632,-0.7071,0,-0.7071,0,-1,0,-0.7071,0,0.7071|0.0302,0.3862,1.0138|0.4196,0.1961,0.4863|256|0|1|1|1|1|0.1|1",
"P|Part|257.9515,66.0812,141.3231,0.7071,0,-0.7071,0,-1,0,-0.7071,0,-0.7071|0.0302,0.3862,1.0138|0.4196,0.1961,0.4863|256|0|1|1|1|1|0.1|1",
"P|Part|456.5892,95.0718,42.6388,0,0,-1,0.9276,-0.3736,0,-0.3736,-0.9276,0|1.2578,0.668,7.1059|0.9725,0.9725,0.9725|256|0|1|1|1|1|0|1",
"P|Part|-227.1851,147.1759,21.126,1,0,0,0,1,0,0,0,1|2.9218,2.6783,1.4609|0.8745,0.8745,0.8706|256|0|1|1|1|1|0|1",
"P|Part|456.589,158.9066,66.7374,0,0,-1,0.2634,0.9647,0,0.9647,-0.2634,0|0.8691,3.107,3.0853|0.9725,0.9725,0.9725|256|0|1|1|1|1|0.1|1",
"P|Part|177.7743,109.5029,141.8037,0,0.7071,0.7071,-1,0,0,0,-0.7071,0.7071|92.9901,2.157,4.3139|1,1,1|256|0|1|1|1|1|0|1",
"P|Part|456.5894,76.2842,101.9604,0,0,-1,-0.5434,-0.8395,0,-0.8395,0.5434,0|1.2578,0.668,7.1059|0.9725,0.9725,0.9725|256|0|1|1|1|1|0|1",
"P|Part|-232.5416,86.7928,38.7783,-1,0,0,0,1,0,0,0,-1|2.4348,6.087,1.2174|0.8745,0.8745,0.8706|256|0|1|1|1|1|0|1",
"P|Part|456.5889,160.4418,67.0308,0,0,-1,-0.968,0.2508,0,0.2508,0.968,0|0.5199,0.8181,4.424|0.9373,0.7216,0.2196|256|0|1|1|1|1|0.1|1",
"P|Part|-91.5665,115.6452,141.9409,0,0,-1,0,1,0,1,0,0|2.1426,51.6178,1.0713|0.8745,0.8745,0.8706|256|0|1|1|1|1|0|1",
"P|Part|456.5892,153.9396,54.8155,0,0,-1,0.4992,0.8665,0,0.8665,-0.4992,0|0.8691,3.107,3.0853|0.9725,0.9725,0.9725|256|0|1|1|1|1|0.1|1",
"P|Part|456.5893,161.9014,84.8513,0,0,-1,0.9958,0.0914,0,0.0914,-0.9958,0|0.5199,0.8181,4.424|0.9373,0.7216,0.2196|256|0|1|1|1|1|0.1|1",
"P|Part|456.5893,84.3618,49.0329,0,0,-1,0.7691,-0.6392,0,-0.6392,-0.7691,0|1.2578,0.668,7.1059|0.9725,0.9725,0.9725|256|0|1|1|1|1|0|1",
"P|Part|456.5894,127.7694,116.3462,0,0,-1,0.8995,-0.437,0,-0.437,-0.8995,0|1.2578,0.6176,7.1059|0.9725,0.9725,0.9725|256|0|1|1|1|1|0|1",
"P|Part|456.5894,106.2038,29.6547,0,0,-1,0.997,-0.0777,0,-0.0777,-0.997,0|0.8691,3.107,3.0853|0.9725,0.9725,0.9725|256|0|1|1|1|1|0.1|1",
"P|Part|-91.0308,115.6452,165.7533,-1,0,0,0,1,0,0,0,-1|2.1426,51.6178,1.0713|0.8745,0.8745,0.8706|256|0|1|1|1|1|0|1",
"P|Part|407.6153,65.9665,145.5377,1,0,0,0,-1,0,0,0,-1|0.0481,0.6156,1.616|0.9373,0.7216,0.2196|256|0|1|1|1|1|0.1|1",
"P|Part|456.589,159.8699,64.9932,0,0,-1,-0.957,0.29,0,0.29,0.957,0|0.5199,0.8181,4.424|0.9373,0.7216,0.2196|256|0|1|1|1|1|0.1|1",
"P|Part|161.8217,143.0838,18.0569,0,0,-1,0,1,0,1,0,0|0.467,5.7054,0.9339|0.9373,0.7216,0.2196|256|0|1|1|1|1|0.1|1",
"P|Part|-183.3586,147.1759,-3.2221,1,0,0,0,1,0,0,0,1|2.9218,2.6783,1.4609|0.8745,0.8745,0.8706|256|0|1|1|1|1|0|1",
"P|Part|20.6877,83.0167,85.8713,0,0,-1,-1,0,0,0,1,0|0.1977,0.4532,2.8894|0.9373,0.7216,0.2196|256|0|1|1|1|1|0.1|1",
"P|Part|166.6273,98.387,144.7148,0,1,0,1,0,0,0,0,-1|64.6275,1.5065,1.5065|0.9373,0.7216,0.2196|256|0|1|1|1|1|0.1|1",
"P|Object.61b1|-186.5856,94.4704,85.1637,0,0,1,0,1,0,-1,0,0|0.1967,0.4945,17.2214|0.8353,0.451,0.2392|256|0|1|1|1|1|0|1",
"P|Part|161.8217,143.0838,144.7148,0,0,-1,0,1,0,1,0,0|0.467,5.7054,0.9339|0.9373,0.7216,0.2196|256|0|1|1|1|1|0.1|1",
"P|Part|-227.0633,86.7928,19.9086,0,0,1,0,1,0,-1,0,0|2.4348,6.087,1.2174|0.8745,0.8745,0.8706|256|0|1|1|1|1|0|1",
"P|Part|456.5892,102.3912,106.2914,0,0,-1,0.9591,0.2831,0,0.2831,-0.9591,0|0.8529,0.4188,4.8188|0.9725,0.9725,0.9725|256|0|1|1|1|1|0|1",
"P|Part|288.2777,166.1327,144.7091,0,0,-1,0,1,0,1,0,0|0.467,5.7054,0.9339|0.9373,0.7216,0.2196|256|0|1|1|1|1|0.1|1",
"P|Part|456.5892,158.8871,66.6766,0,0,-1,0.2646,0.9644,0,0.9644,-0.2646,0|0.8691,3.107,3.0853|0.9725,0.9725,0.9725|256|0|1|1|1|1|0.1|1",
"P|Part|456.5894,89.2973,62.3397,0,0,-1,0.6475,-0.762,0,-0.762,-0.6475,0|0.8529,0.453,4.8188|0.9725,0.9725,0.9725|256|0|1|1|1|1|0|1",
"P|Part|456.5894,121.7222,102.298,0,0,-1,-0.8871,0.4617,0,0.4617,0.8871,0|0.8691,4.6011,3.0853|0.9725,0.9725,0.9725|256|0|1|1|1|1|0|1",
"P|Part|333.3595,66.4674,139.3673,0,0,-1,0,1,0,1,0,0|0.0302,0.3862,1.0138|0.4196,0.1961,0.4863|256|0|1|1|1|1|0.1|1",
"P|Part|-132.7147,86.7928,172.6925,1,0,0,0,1,0,0,0,1|2.4348,6.087,1.2174|0.8745,0.8745,0.8706|256|0|1|1|1|1|0|1",
"P|Part|-233.1503,143.402,146.5183,0,0,-1,0,1,0,1,0,0|2.4348,4.8696,1.2174|0.8745,0.8745,0.8706|256|0|1|1|1|1|0|1",
"P|Part|234.6152,146.4309,18.0569,0,0,1,0,-1,0,1,0,0|0.467,0.2547,0.9339|0.9373,0.7216,0.2196|256|0|1|1|1|1|0.1|1",
"P|Part|-230.1068,86.7928,-2.6134,1,0,0,0,1,0,0,0,1|2.4348,6.087,1.2174|0.8745,0.8745,0.8706|256|0|1|1|1|1|0|1",
"P|Part|456.5894,152.6524,107.4044,0,0,-1,-0.541,0.841,0,0.841,0.541,0|0.8691,3.107,3.0853|0.9725,0.9725,0.9725|256|0|1|1|1|1|0.1|1",
"P|EP1|23.7923,83.8602,85.6387,0.7072,-0.707,0.0001,0,0,-1,0.707,0.7072,0|0.3911,2.4615,0.3911|0.9725,0.9725,0.9725|256|1|0|1|1|1|0|0|AT:Attachment:0,0,0,0,0,0",
"P|Part|456.5892,111.3704,43.0883,0,0,-1,-0.9994,-0.0335,0,-0.0335,0.9994,0|1.2816,6.7849,4.5497|0.9725,0.9725,0.9725|256|0|1|1|1|1|0|1",
"P|Part|456.5894,132.7005,64.5974,0,0,-1,0.565,0.8251,0,0.8251,-0.565,0|0.8529,0.453,4.8188|0.9725,0.9725,0.9725|256|0|1|1|1|1|0|1",
"P|Part|177.9817,66.5821,13.7735,0.7071,0,0.7071,0,1,0,-0.7071,0,0.7071|0.0481,0.6156,1.616|0.9373,0.7216,0.2196|256|0|1|1|1|1|0.1|1",
"P|Part|456.5894,72.5902,94.7576,0,0,-1,-0.3648,-0.9311,0,-0.9311,0.3648,0|1.2578,0.668,7.1059|0.9725,0.9725,0.9725|256|0|1|1|1|1|0|1",
"P|Part|456.5892,135.8828,89.325,0,0,-1,0.3389,-0.9408,0,-0.9408,-0.3389,0|0.8529,0.4188,4.8188|0.9725,0.9725,0.9725|256|0|1|1|1|1|0|1",
"P|Part|337.1243,65.9665,141.5742,0.7071,0,-0.7071,0,-1,0,-0.7071,0,-0.7071|0.0481,0.6156,1.616|0.9373,0.7216,0.2196|256|0|1|1|1|1|0.1|1",
"P|Part|416.9347,153.2417,148.1206,0.7071,0,-0.7071,0,1,0,0.7071,0,0.7071|0.0302,0.3862,1.0138|0.4196,0.1961,0.4863|256|0|1|1|1|1|0.1|1",
"P|Part|372.675,166.1327,18.0569,0,0,1,0,1,0,-1,0,0|0.467,5.7054,0.9339|0.9373,0.7216,0.2196|256|0|1|1|1|1|0.1|1",
"P|Part|456.5893,89.5656,114.7619,0,0,-1,0.8603,0.5098,0,0.5098,-0.8603,0|1.2578,0.6176,7.1059|0.9725,0.9725,0.9725|256|0|1|1|1|1|0|1",
"P|Part|456.5893,87.3018,90.4331,0,0,-1,-0.4141,-0.9102,0,-0.9102,0.4141,0|0.8691,4.6011,3.0853|0.9725,0.9725,0.9725|256|0|1|1|1|1|0|1",
"P|Part|456.5894,101.6033,40.6414,0,0,-1,0.9773,-0.2116,0,-0.2116,-0.9774,0|1.2578,0.668,7.1059|0.9725,0.9725,0.9725|256|0|1|1|1|1|0|1",
"P|Part|373.6089,163.1526,144.7148,0,0,-1,0,-1,0,-1,0,0|0.467,0.2547,0.9339|0.9373,0.7216,0.2196|256|0|1|1|1|1|0.1|1",
"P|Part|-233.8564,115.6452,17.4738,0,0,-1,0,1,0,1,0,0|2.1426,51.6178,1.0713|0.8745,0.8745,0.8706|256|0|1|1|1|1|0|1",
"P|Part|-88.8882,115.6452,115.9859,-1,0,0,0,1,0,0,0,-1|2.1426,51.6178,1.0713|0.8745,0.8745,0.8706|256|0|1|1|1|1|0|1",
"P|Part|456.5893,96.307,29.8664,0,0,-1,-0.2638,-0.9646,0,-0.9646,0.2638,0|0.5199,0.8181,4.424|0.9373,0.7216,0.2196|256|0|1|1|1|1|0.1|1",
"P|Part|188.3379,149.4109,144.709,0,0,-1,0,1,0,1,0,0|0.467,5.7054,0.9339|0.9373,0.7216,0.2196|256|0|1|1|1|1|0.1|1",
"P|Part|456.5894,82.0823,104.151,0,0,-1,-0.6516,-0.7586,0,-0.7586,0.6516,0|1.2816,6.7849,4.5497|0.9725,0.9725,0.9725|256|0|1|1|1|1|0|1",
"P|Part|329.4643,66.4674,148.8095,-0.7071,0,-0.7071,0,1,0,0.7071,0,-0.7071|0.0302,0.3862,1.0138|0.4196,0.1961,0.4863|256|0|1|1|1|1|0.1|1",
"P|Part|456.5892,131.5788,67.0462,0,0,-1,-0.5185,-0.8551,0,-0.8551,0.5185,0|0.8691,4.6011,3.0853|0.9725,0.9725,0.9725|256|0|1|1|1|1|0|1",
"P|Part|456.589,132.9632,69.6676,0,0,-1,-0.414,-0.9103,0,-0.9103,0.414,0|0.8691,4.6011,3.0853|0.9725,0.9725,0.9725|256|0|1|1|1|1|0|1",
"P|Part|452.1965,152.4939,79.094,-1,0,0,0,0,-1,0,-1,0|0.1432,1.8333,4.8125|0.4196,0.1961,0.4863|256|0|1|1|1|1|0.1|1",
"P|Part|-213.5502,147.1759,-3.2221,1,0,0,0,1,0,0,0,1|2.9218,2.6783,1.4609|0.8745,0.8745,0.8706|256|0|1|1|1|1|0|1",
"P|Part|377.7972,163.1198,18.0568,0,0,1,0,1,0,-1,0,0|0.467,5.7054,0.9339|0.9373,0.7216,0.2196|256|0|1|1|1|1|0.1|1",
"P|Part|-183.8456,143.402,171.4751,1,0,0,0,1,0,0,0,1|2.4348,4.8696,1.2174|0.8745,0.8745,0.8706|256|0|1|1|1|1|0|1",
"P|Part|408.5734,65.9665,21.1813,-0.7071,0,0.7071,0,-1,0,0.7071,0,0.7071|0.0481,0.6156,1.616|0.9373,0.7216,0.2196|256|0|1|1|1|1|0.1|1",
"P|Part|293.1422,113.527,18.0568,0,1,0,1,0,0,0,0,-1|94.9076,1.5065,1.5065|0.9373,0.7216,0.2196|256|0|1|1|1|1|0.1|1",
"P|Part|416.5886,68.2211,42.1175,0,-1,0,0,0,-1,1,0,0|3.7186,11.3788,11.1677|0.9725,0.9725,0.9725|256|0|1|1|1|1|0|1",
"P|Part|-88.8882,150.6455,-6.8743,-1,0,0,0,-1,0,0,0,1|14.6088,0.8522,14.6088|0.8745,0.8745,0.8706|256|0|1|1|1|1|0|1",
"P|Part|456.5892,90.8634,126.797,0,0,-1,0.9245,0.3811,0,0.3811,-0.9245,0|0.8691,3.107,3.0853|0.9725,0.9725,0.9725|256|0|1|1|1|1|0.1|1",
"P|Part|277.8832,159.5042,144.709,0,0,-1,0,1,0,1,0,0|0.467,5.7054,0.9339|0.9373,0.7216,0.2196|256|0|1|1|1|1|0.1|1",
"P|Part|213.675,166.1327,144.7148,0,0,1,0,1,0,-1,0,0|0.467,5.7054,0.9339|0.9373,0.7216,0.2196|256|0|1|1|1|1|0.1|1",
"P|Part|456.5892,161.4986,88.1085,0,0,-1,0.9881,0.154,0,0.154,-0.9881,0|0.5199,0.8181,4.424|0.9373,0.7216,0.2196|256|0|1|1|1|1|0.1|1",
"P|Part|456.5893,96.296,117.9473,0,0,-1,0.9393,0.343,0,0.343,-0.9393,0|1.2578,0.6176,7.1059|0.9725,0.9725,0.9725|256|0|1|1|1|1|0|1",
"P|Part|456.589,110.4185,117.0344,0,0,-1,-1,0.0076,0,0.0076,1,0|1.2816,6.7849,4.5497|0.9725,0.9725,0.9725|256|0|1|1|1|1|0|1",
"P|Part|169.6153,66.5821,17.2638,1,0,0,0,1,0,0,0,1|0.0481,0.6156,1.616|0.9373,0.7216,0.2196|256|0|1|1|1|1|0.1|1",
"P|Part|298.7311,163.1198,144.7148,0,0,-1,0,1,0,1,0,0|0.467,5.7054,0.9339|0.9373,0.7216,0.2196|256|0|1|1|1|1|0.1|1",
"P|Part|12.2365,73.1111,91.0609,0,-0.7071,0.7071,1,0,0,0,0.7071,0.7071|0.2362,1.661,10.5888|0.9373,0.7216,0.2196|256|0|1|1|1|1|0.1|1",
"P|Part|-86.4534,86.7928,171.4751,1,0,0,0,1,0,0,0,1|2.4348,6.087,1.2174|0.8745,0.8745,0.8706|256|0|1|1|1|1|0|1",
"P|Part|-111.0449,115.6452,166.2889,0,0,-1,0,1,0,1,0,0|2.1426,51.6178,1.0713|0.8745,0.8745,0.8706|256|0|1|1|1|1|0|1",
"P|Part|456.5893,160.713,68.074,0,0,-1,0.973,-0.2308,0,-0.2308,-0.973,0|0.5199,0.8181,4.424|0.9373,0.7216,0.2196|256|0|1|1|1|1|0.1|1",
"U|CorinthianCapital|80.7788,149.3139,138.7405,0.483,-0.1294,-0.866,0.2588,0.9659,0,0.8365,-0.2241,0.5|2.0992,5.5728,2.2216|0.9725,0.9725,0.9725|256|0|1|1|1|1|0|1",
"P|Part|253.8527,109.5029,140.5949,0,0,1,-1,0,0,0,-1,0|92.9901,2.157,4.3139|1,1,1|256|0|1|1|1|1|0|1",
"P|Part|-91.9317,86.7928,-4.4395,0,0,-1,0,1,0,1,0,0|2.4348,6.087,1.2174|0.8745,0.8745,0.8706|256|0|1|1|1|1|0|1",
"P|Part|456.5894,113.1617,104.9432,0,0,-1,0.9927,-0.1207,0,-0.1207,-0.9927,0|0.8691,4.6011,3.0853|0.9725,0.9725,0.9725|256|0|1|1|1|1|0|1",
"P|Part|456.5892,85.5941,107.7188,0,0,-1,-0.7481,-0.6636,0,-0.6636,0.7481,0|1.2816,6.7849,4.5497|0.9725,0.9725,0.9725|256|0|1|1|1|1|0|1",
"P|Part|20.6876,79.3056,88.3342,0,0,-1,-1,0,0,0,1,0|0.3469,0.7955,5.0713|0.9373,0.7216,0.2196|256|0|1|1|1|1|0.1|1",
"P|Part|336.9881,109.5029,144.7287,0,1,0,-1,0,0,0,0,1|92.9901,2.157,4.3139|1,1,1|256|0|1|1|1|1|0|1",
"P|Part|456.5893,109.6044,107.4051,0,0,-1,0.9998,0.0195,0,0.0195,-0.9998,0|0.8529,0.4188,4.8188|0.9725,0.9725,0.9725|256|0|1|1|1|1|0|1",
"P|Part|-207.9501,115.6452,170.5742,0,0,1,0,1,0,-1,0,0|2.1426,51.6178,1.0713|0.8745,0.8745,0.8706|256|0|1|1|1|1|0|1",
"P|Part|456.5892,92.5956,116.3595,0,0,-1,-0.9004,-0.435,0,-0.435,0.9004,0|1.2578,0.668,7.1059|0.9725,0.9725,0.9725|256|0|1|1|1|1|0|1",
"P|Part|245.6273,82.1805,144.7148,0,-1,0,1,0,0,0,0,1|2.0061,3.0129,3.01|0.9373,0.7216,0.2196|256|0|1|1|1|1|0.1|1",
"P|Part|412.8539,63.2071,18.0541,0,1,0,1,0,0,0,0,-1|0.4577,12.0518,12.0518|0.9373,0.7216,0.2196|256|0|1|1|1|1|0.1|1",
"P|Part.e81b|-186.5856,94.4704,79.0966,0,0,1,0,1,0,-1,0,0|0.1967,0.4945,17.2214|0.8353,0.451,0.2392|256|0|1|1|1|1|0|1",
"P|Part|-92.5404,147.1759,171.3533,0,0,-1,0,1,0,1,0,0|2.9218,2.6783,1.4609|0.8745,0.8745,0.8706|256|0|1|1|1|1|0|1",
"P|Part|332.3455,66.4674,150.0043,0,0,1,0,1,0,-1,0,0|0.0302,0.3862,1.0138|0.4196,0.1961,0.4863|256|0|1|1|1|1|0.1|1",
"P|Part|-182.6281,147.1759,-9.7961,0,0,1,0,1,0,-1,0,0|2.9218,2.6783,1.4609|0.8745,0.8745,0.8706|256|0|1|1|1|1|0|1",
"P|Part|177.9651,65.9665,22.3518,0.7071,0,0.7071,0,-1,0,0.7071,0,-0.7071|0.0481,0.6156,1.616|0.9373,0.7216,0.2196|256|0|1|1|1|1|0.1|1",
"P|Part|456.5892,151.6109,48.7237,0,0,-1,0.7982,-0.6023,0,-0.6023,-0.7982,0|0.5199,0.8181,4.424|0.9373,0.7216,0.2196|256|0|1|1|1|1|0.1|1",
"P|Part|327.6376,109.5029,20.2313,0,0.7071,0.7071,1,0,0,0,0.7071,-0.7071|92.9902,0.6058,0.6058|0.9373,0.7216,0.2196|256|0|1|1|1|1|0.1|1",
"P|Part|456.5893,151.4199,109.2323,0,0,-1,-0.5771,0.8166,0,0.8166,0.5771,0|0.8691,3.107,3.0853|0.9725,0.9725,0.9725|256|0|1|1|1|1|0.1|1",
"P|Part|456.5894,148.1092,66.3995,0,0,-1,-0.3383,-0.9411,0,-0.9411,0.3383,0|1.2578,0.6176,7.1059|0.9725,0.9725,0.9725|256|0|1|1|1|1|0|1",
"P|Part|-205.5153,147.1759,168.4316,0,0,1,0,1,0,-1,0,0|2.9218,2.6783,1.4609|0.8745,0.8745,0.8706|256|0|1|1|1|1|0|1",
"P|Part|23.6269,78.4455,85.5484,0,0.7071,-0.7071,-1,0,0,0,0.7071,0.7071|0.2519,0.5775,3.6814|0.9373,0.7216,0.2196|256|0|1|1|1|1|0.1|1",
"P|Part|455.9941,65.2834,80.0105,1,0,0,0,1,0,0,0,1|67.4322,5.2924,127.2497|0.9725,0.9725,0.9725|256|0|1|1|1|1|0|1",
"P|Part|456.5892,90.9291,60.5811,0,0,-1,0.7118,-0.7024,0,-0.7024,-0.7118,0|0.8529,0.453,4.8188|0.9725,0.9725,0.9725|256|0|1|1|1|1|0|1",
"P|Part.5ad1|-186.5856,94.4704,89.1453,0,0,1,0,1,0,-1,0,0|0.1967,0.4945,17.2214|0.8353,0.451,0.2392|256|0|1|1|1|1|0|1",
"P|Part|456.5893,157.153,57.8995,0,0,-1,0.9047,-0.4261,0,-0.4261,-0.9047,0|0.5199,0.8181,4.424|0.9373,0.7216,0.2196|256|0|1|1|1|1|0.1|1",
"P|Part|-154.6279,86.7928,-9.9178,-1,0,0,0,1,0,0,0,-1|2.4348,6.087,1.2174|0.8745,0.8745,0.8706|256|0|1|1|1|1|0|1",
"P|Part|171.9269,109.5029,15.1498,0,-0.7071,0.7071,-1,0,0,0,-0.7071,-0.7071|92.9901,2.157,4.3139|1,1,1|256|0|1|1|1|1|0|1",
"P|Part.a968|-186.5856,94.4704,82.8642,0,0,1,0,1,0,-1,0,0|0.1967,0.4945,17.2214|0.8353,0.451,0.2392|256|0|1|1|1|1|0|1",
"P|Part|329.4468,66.4674,13.9741,0.7071,0,-0.7071,0,1,0,0.7071,0,0.7071|0.0302,0.3862,1.0138|0.4196,0.1961,0.4863|256|0|1|1|1|1|0.1|1",
"P|Part|456.5893,89.5863,49.3017,0,0,-1,-0.8315,0.5555,0,0.5555,0.8315,0|1.2816,6.7849,4.5497|0.9725,0.9725,0.9725|256|0|1|1|1|1|0|1",
"P|Part|416.9347,66.0812,21.4627,-0.7071,0,-0.7071,0,-1,0,-0.7071,0,0.7071|0.0302,0.3862,1.0138|0.4196,0.1961,0.4863|256|0|1|1|1|1|0.1|1",
"P|Part|219.7311,163.1198,144.7148,0,0,-1,0,1,0,1,0,0|0.467,5.7054,0.9339|0.9373,0.7216,0.2196|256|0|1|1|1|1|0.1|1",
"P|Part|-91.9317,86.7928,-9.3091,0,0,-1,0,1,0,1,0,0|2.4348,6.087,1.2174|0.8745,0.8745,0.8706|256|0|1|1|1|1|0|1",
"P|Part|-154.1409,147.1759,-10.5265,-1,0,0,0,1,0,0,0,-1|2.9218,2.6783,1.4609|0.8745,0.8745,0.8706|256|0|1|1|1|1|0|1",
"P|Part|456.5893,92.2057,100.7177,0,0,-1,0.7554,0.6553,0,0.6553,-0.7554,0|0.8529,0.4188,4.8188|0.9725,0.9725,0.9725|256|0|1|1|1|1|0|1",
"P|Part|453.894,125.9981,43.2755,1,0,0,0,-0.866,0.5,0,-0.5,-0.866|2.3055,4.3135,25.5838|0.9725,0.9725,0.9725|256|0|1|1|1|1|0|1",
"P|Part|456.589,94.7073,128.2038,0,0,-1,0.9523,0.3051,0,0.3051,-0.9523,0|0.8691,3.107,3.0853|0.9725,0.9725,0.9725|256|0|1|1|1|1|0.1|1",
"P|Part|456.5892,136.9897,85.3155,0,0,-1,0.1924,-0.9813,0,-0.9813,-0.1924,0|0.8529,0.4188,4.8188|0.9725,0.9725,0.9725|256|0|1|1|1|1|0|1",
"P|Part|114.1438,118.1851,18.0511,0,1,0,1,0,0,0,0,-1|2.0061,3.0129,3.01|0.9373,0.7216,0.2196|256|0|1|1|1|1|0.1|1",
"P|Part|456.589,102.3711,106.2862,0,0,-1,0.9589,0.2838,0,0.2838,-0.9589,0|0.8529,0.4188,4.8188|0.9725,0.9725,0.9725|256|0|1|1|1|1|0|1",
"P|Part|139.7972,160.1397,18.0568,0,0,1,0,-1,0,1,0,0|0.467,0.2547,0.9339|0.9373,0.7216,0.2196|256|0|1|1|1|1|0.1|1",
"P|Part|456.5894,93.5175,58.3226,0,0,-1,0.7944,-0.6074,0,-0.6074,-0.7944,0|0.8529,0.453,4.8188|0.9725,0.9725,0.9725|256|0|1|1|1|1|0|1",
"P|Part|-160.1062,86.7928,-9.3091,0,0,-1,0,1,0,1,0,0|2.4348,6.087,1.2174|0.8745,0.8745,0.8706|256|0|1|1|1|1|0|1",
"P|Part|308.3425,154.9849,144.7148,0,0,1,0,1,0,-1,0,0|0.467,5.7054,0.9339|0.9373,0.7216,0.2196|256|0|1|1|1|1|0.1|1",
"P|Part|456.5893,108.0627,130.5616,0,0,-1,0.9992,0.041,0,0.041,-0.9992,0|0.8691,3.107,3.0853|0.9725,0.9725,0.9725|256|0|1|1|1|1|0.1|1",
"P|Part|327.6153,65.9665,145.5377,1,0,0,0,-1,0,0,0,-1|0.0481,0.6156,1.616|0.9373,0.7216,0.2196|256|0|1|1|1|1|0.1|1",
"P|Part|292.9913,82.1805,18.0569,0,-1,0,1,0,0,0,0,1|2.0061,3.0129,3.01|0.9373,0.7216,0.2196|256|0|1|1|1|1|0.1|1",
"P|Part|134.675,166.1327,144.7148,0,0,1,0,1,0,-1,0,0|0.467,5.7054,0.9339|0.9373,0.7216,0.2196|256|0|1|1|1|1|0.1|1",
"P|Part|292.9913,118.1851,18.0569,0,-1,0,1,0,0,0,0,1|2.0061,3.0129,3.01|0.9373,0.7216,0.2196|256|0|1|1|1|1|0.1|1",
"P|Part|253.8542,69.9577,144.7128,0,1,0,1,0,0,0,0,-1|0.4577,13.5582,13.5582|0.9373,0.7216,0.2196|256|0|1|1|1|1|0.1|1",
"P|Part|249.7147,109.5029,18.0719,0,-1,0,-1,0,0,0,0,-1|92.9901,2.157,4.3139|1,1,1|256|0|1|1|1|1|0|1",
"P|Part|456.5893,94.4111,117.2057,0,0,-1,0.9209,0.3897,0,0.3897,-0.9209,0|1.2578,0.6176,7.1059|0.9725,0.9725,0.9725|256|0|1|1|1|1|0|1",
"P|EP1|20.7138,83.8601,86.9283,0.0001,-1,0,0,0,-1,1,0.0001,0|0.3911,2.4615,0.3911|0.9725,0.9725,0.9725|256|1|0|1|1|1|0|0|AT:Attachment:0,0,0,0,0,0",
"P|Part|456.5893,140.3842,39.5397,0,0,-1,0.8007,0.5991,0,0.5991,-0.8007,0|0.9709,3.107,3.0853|0.9725,0.9725,0.9725|256|0|1|1|1|1|0.1|1",
"P|Part|225.0037,159.5042,18.0569,0,0,-1,0,1,0,1,0,0|0.467,5.7054,0.9339|0.9373,0.7216,0.2196|256|0|1|1|1|1|0.1|1",
"P|Part|456.5892,139.8291,102.0981,0,0,-1,-0.5962,0.8029,0,0.8029,0.5962,0|1.2816,6.7849,4.5497|0.9725,0.9725,0.9725|256|0|1|1|1|1|0|1",
"P|Part|23.2446,83.2175,80.0529,0,0.7071,0.7071,-1,0,0,0,-0.7071,0.7071|0.2192,0.5025,3.2036|0.9373,0.7216,0.2196|256|0|1|1|1|1|0.1|1",
"P|Part|171.716,65.9665,22.3241,0.7071,0,-0.7071,0,-1,0,-0.7071,0,-0.7071|0.0481,0.6156,1.616|0.9373,0.7216,0.2196|256|0|1|1|1|1|0.1|1",
"P|Part|293.1422,113.527,144.7148,0,1,0,1,0,0,0,0,-1|94.9076,1.5065,1.5065|0.9373,0.7216,0.2196|256|0|1|1|1|1|0.1|1",
"P|Part|203.222,163.1198,144.7091,0,0,1,0,1,0,-1,0,0|0.467,5.7054,0.9339|0.9373,0.7216,0.2196|256|0|1|1|1|1|0.1|1",
"P|Part|456.589,109.7489,107.4058,0,0,-1,0.9999,0.0142,0,0.0142,-0.9999,0|0.8529,0.4188,4.8188|0.9725,0.9725,0.9725|256|0|1|1|1|1|0|1",
"P|Part|456.5889,94.6588,46.4615,0,0,-1,-0.9083,0.4184,0,0.4184,0.9083,0|1.2816,6.7849,4.5497|0.9725,0.9725,0.9725|256|0|1|1|1|1|0|1",
"P|Part|456.589,131.7262,92.8254,0,0,-1,-0.5092,0.8606,0,0.8606,0.5092,0|0.8691,4.6011,3.0853|0.9725,0.9725,0.9725|256|0|1|1|1|1|0|1",
"P|Part|-213.6719,143.402,-9.3091,0,0,-1,0,1,0,1,0,0|2.4348,4.8696,1.2174|0.8745,0.8745,0.8706|256|0|1|1|1|1|0|1",
"P|Part|-227.0633,143.402,-4.4395,0,0,1,0,1,0,-1,0,0|2.4348,4.8696,1.2174|0.8745,0.8745,0.8706|256|0|1|1|1|1|0|1",
"P|Part|456.5894,94.0853,57.9006,0,0,-1,0.8098,-0.5867,0,-0.5867,-0.8098,0|0.8529,0.453,4.8188|0.9725,0.9725,0.9725|256|0|1|1|1|1|0|1",
"P|Part|250.4468,66.4674,140.632,0.7071,0,-0.7071,0,1,0,0.7071,0,0.7071|0.0302,0.3862,1.0138|0.4196,0.1961,0.4863|256|0|1|1|1|1|0.1|1",
"P|Part|456.5892,157.7655,63.1117,0,0,-1,0.3351,0.9422,0,0.9422,-0.3351,0|0.8691,3.107,3.0853|0.9725,0.9725,0.9725|256|0|1|1|1|1|0.1|1",
"P|Part|456.5896,139.7073,39.0521,0,0,-1,0.811,0.585,0,0.585,-0.811,0|0.8691,3.107,3.0853|0.9725,0.9725,0.9725|256|0|1|1|1|1|0.1|1",
"P|Part|-234.3677,143.402,168.4316,0,0,-1,0,1,0,1,0,0|2.4348,4.8696,1.2174|0.8745,0.8745,0.8706|256|0|1|1|1|1|0|1",
"P|Part|180.0926,66.5821,18.88,-1,0,0,0,1,0,0,0,-1|0.0481,0.6156,1.616|0.9373,0.7216,0.2196|256|0|1|1|1|1|0.1|1",
"P|Object.4ab6|-186.5856,94.4704,75.2391,0,0,1,0,1,0,-1,0,0|0.1967,0.4945,17.2214|0.8353,0.451,0.2392|256|0|1|1|1|1|0|1",
"P|Part|213.675,163.1526,144.7148,0,0,1,0,-1,0,1,0,0|0.467,0.2547,0.9339|0.9373,0.7216,0.2196|256|0|1|1|1|1|0.1|1",
"P|Part|456.5894,129.4044,48.4912,0,0,-1,-0.8535,-0.5211,0,-0.5211,0.8535,0|1.2816,6.7849,4.5497|0.9725,0.9725,0.9725|256|0|1|1|1|1|0|1",
"P|Part|456.5894,150.2865,84.0773,0,0,-1,0.0998,-0.995,0,-0.995,-0.0998,0|1.2578,0.6176,7.1059|0.9725,0.9725,0.9725|256|0|1|1|1|1|0|1",
"P|Part|134.9913,82.1805,144.7148,0,-1,0,1,0,0,0,0,1|2.0061,3.0129,3.01|0.9373,0.7216,0.2196|256|0|1|1|1|1|0.1|1",
"P|Part|18.1307,83.2175,85.1669,0,-0.7071,-0.7071,-1,0,0,0,0.7071,-0.7071|0.2192,0.5025,3.2036|0.9373,0.7216,0.2196|256|0|1|1|1|1|0.1|1",
"P|Part|337.1243,66.5821,141.5742,-0.7071,0,-0.7071,0,1,0,0.7071,0,-0.7071|0.0481,0.6156,1.616|0.9373,0.7216,0.2196|256|0|1|1|1|1|0.1|1",
"P|Part|332.8542,69.9577,144.7128,0,1,0,1,0,0,0,0,-1|0.4577,13.5582,13.5582|0.9373,0.7216,0.2196|256|0|1|1|1|1|0.1|1",
"P|Part|-91.323,143.402,-3.8308,1,0,0,0,1,0,0,0,1|2.4348,4.8696,1.2174|0.8745,0.8745,0.8706|256|0|1|1|1|1|0|1",
"P|Part|456.5893,128.8058,111.9766,0,0,-1,-0.8633,0.5048,0,0.5048,0.8633,0|1.2816,6.7849,4.5497|0.9725,0.9725,0.9725|256|0|1|1|1|1|0|1",
"P|Part|409.6982,152.7408,140.4576,-0.7071,0,-0.7071,0,-1,0,-0.7071,0,0.7071|0.0481,0.6156,1.616|0.9373,0.7216,0.2196|256|0|1|1|1|1|0.1|1",
"P|Part|456.5894,90.864,111.6124,0,0,-1,-0.8535,-0.5211,0,-0.5211,0.8535,0|1.2816,6.7849,4.5497|0.9725,0.9725,0.9725|256|0|1|1|1|1|0|1",
"P|Part|-85.8447,143.402,141.6487,0,0,1,0,1,0,-1,0,0|2.4348,4.8696,1.2174|0.8745,0.8745,0.8706|256|0|1|1|1|1|0|1",
"P|Part|456.5892,104.3337,43.5254,0,0,-1,-0.9876,0.1568,0,0.1568,0.9876,0|1.2816,6.7849,4.5497|0.9725,0.9725,0.9725|256|0|1|1|1|1|0|1",
"P|Part|-105.3231,86.7928,170.8664,0,0,1,0,1,0,-1,0,0|2.4348,6.087,1.2174|0.8745,0.8745,0.8706|256|0|1|1|1|1|0|1",
"P|Part|248.5606,152.8554,17.566,-1,0,0,0,-1,0,0,0,1|0.0302,0.3862,1.0138|0.4196,0.1961,0.4863|256|0|1|1|1|1|0.1|1",
"P|Part|456.5892,94.3407,30.4432,0,0,-1,-0.3015,-0.9535,0,-0.9535,0.3015,0|0.5199,0.8181,4.424|0.9373,0.7216,0.2196|256|0|1|1|1|1|0.1|1",
"P|Part|250.6982,65.9665,140.4574,-0.7071,0,-0.7071,0,-1,0,-0.7071,0,0.7071|0.0481,0.6156,1.616|0.9373,0.7216,0.2196|256|0|1|1|1|1|0.1|1",
"P|Part|418.1486,66.4674,145.238,-1,0,0,0,1,0,0,0,-1|0.0302,0.3862,1.0138|0.4196,0.1961,0.4863|256|0|1|1|1|1|0.1|1",
"P|Part|20.6876,78.966,87.7344,0,0,-1,-1,0,0,0,1,0|0.3106,0.7121,4.5399|0.9373,0.7216,0.2196|256|0|1|1|1|1|0.1|1",
"P|Part|456.5894,86.2812,93.4168,0,0,-1,-0.4889,-0.8724,0,-0.8724,0.4889,0|0.8529,0.453,4.8188|0.9725,0.9725,0.9725|256|0|1|1|1|1|0|1",
"P|Part|261.5985,82.1805,144.709,0,1,0,1,0,0,0,0,-1|2.0061,3.0129,3.01|0.9373,0.7216,0.2196|256|0|1|1|1|1|0.1|1",
"P|Part|240.3546,102.0025,18.0569,0,1,0,1,0,0,0,0,-1|71.8586,1.5065,1.5065|0.9373,0.7216,0.2196|256|0|1|1|1|1|0.1|1",
"P|Part|456.5892,158.9267,98.0512,0,0,-1,0.9386,0.3449,0,0.3449,-0.9386,0|0.5199,0.8181,4.424|0.9373,0.7216,0.2196|256|0|1|1|1|1|0.1|1",
"P|Part|109.3379,146.4309,144.709,0,0,-1,0,-1,0,-1,0,0|0.467,0.2547,0.9339|0.9373,0.7216,0.2196|256|0|1|1|1|1|0.1|1",
"P|Part|235.0819,82.1805,18.0568,0,-1,0,1,0,0,0,0,1|2.0061,3.0129,3.01|0.9373,0.7216,0.2196|256|0|1|1|1|1|0.1|1",
"P|Part|-86.2099,115.6452,141.9409,0,0,1,0,1,0,-1,0,0|2.1426,51.6178,1.0713|0.8745,0.8745,0.8706|256|0|1|1|1|1|0|1",
"P|Part|456.5893,111.0088,107.397,0,0,-1,0.9995,-0.0319,0,-0.0319,-0.9995,0|0.8529,0.4188,4.8188|0.9725,0.9725,0.9725|256|0|1|1|1|1|0|1",
"P|Part|456.5893,119.9568,54.5265,0,0,-1,0.9333,0.3591,0,0.3591,-0.9333,0|0.8529,0.453,4.8188|0.9725,0.9725,0.9725|256|0|1|1|1|1|0|1",
"P|Part|-227.9642,115.6452,44.5001,1,0,0,0,1,0,0,0,1|2.1426,51.6178,1.0713|0.8745,0.8745,0.8706|256|0|1|1|1|1|0|1",
"P|Part|456.5892,115.0805,28.2659,0,0,-1,0.0968,-0.9953,0,-0.9953,-0.0968,0|0.5199,0.8181,4.424|0.9373,0.7216,0.2196|256|0|1|1|1|1|0.1|1",
"P|Part|-91.0308,115.6452,39.1435,-1,0,0,0,1,0,0,0,-1|2.1426,51.6178,1.0713|0.8745,0.8745,0.8706|256|0|1|1|1|1|0|1",
"P|Part|456.5889,158.0545,100.2683,0,0,-1,0.9219,0.3874,0,0.3874,-0.9219,0|0.5199,0.8181,4.424|0.9373,0.7216,0.2196|256|0|1|1|1|1|0.1|1",
"P|Part|98.3258,98.387,144.709,0,-1,0,1,0,0,0,0,1|64.6275,1.5065,1.5065|0.9373,0.7216,0.2196|256|0|1|1|1|1|0.1|1",
"P|Part|456.5892,127.8601,97.7956,0,0,-1,-0.7076,0.7066,0,0.7066,0.7076,0|0.8691,4.6011,3.0853|0.9725,0.9725,0.9725|256|0|1|1|1|1|0|1",
"P|Part|22.4348,84.114,80.8627,0,0.7071,0.7071,-1,0,0,0,-0.7071,0.7071|0.1498,0.3434,2.189|0.9373,0.7216,0.2196|256|0|1|1|1|1|0.1|1",
"P|Part|-132.7147,86.7928,-2.6134,1,0,0,0,1,0,0,0,1|2.4348,6.087,1.2174|0.8745,0.8745,0.8706|256|0|1|1|1|1|0|1",
"P|Part|456.5892,161.9797,83.9517,0,0,-1,0.9972,0.0741,0,0.0741,-0.9972,0|0.5199,0.8181,4.424|0.9373,0.7216,0.2196|256|0|1|1|1|1|0.1|1",
"P|Part|456.5893,100.6757,105.7234,0,0,-1,0.9383,0.3458,0,0.3458,-0.9383,0|0.8529,0.4188,4.8188|0.9725,0.9725,0.9725|256|0|1|1|1|1|0|1",
"P|Part|146.0037,156.5242,144.7148,0,0,-1,0,-1,0,-1,0,0|0.467,0.2547,0.9339|0.9373,0.7216,0.2196|256|0|1|1|1|1|0.1|1",
"P|Part|254.6599,65.9665,23.2899,0,0,-1,0,-1,0,-1,0,0|0.0481,0.6156,1.616|0.9373,0.7216,0.2196|256|0|1|1|1|1|0.1|1",
"P|Part|282.6891,82.1805,144.7091,0,1,0,1,0,0,0,0,-1|2.0061,3.0129,3.01|0.9373,0.7216,0.2196|256|0|1|1|1|1|0.1|1",
"P|Part|177.0119,109.5029,12.8584,0,0.7071,0.7071,1,0,0,0,0.7071,-0.7071|92.9902,0.6058,0.6058|0.9373,0.7216,0.2196|256|0|1|1|1|1|0.1|1",
"P|Part|456.5892,114.6024,29.6989,0,0,-1,0.9961,0.0884,0,0.0884,-0.9961,0|0.8691,3.107,3.0853|0.9725,0.9725,0.9725|256|0|1|1|1|1|0.1|1",
"P|Part|-189.3239,143.402,-4.4395,0,0,-1,0,1,0,1,0,0|2.4348,4.8696,1.2174|0.8745,0.8745,0.8706|256|0|1|1|1|1|0|1",
"P|Part|-93.1491,86.7928,-6.8743,0,0,-1,0,1,0,1,0,0|2.4348,6.087,1.2174|0.8745,0.8745,0.8706|256|0|1|1|1|1|0|1",
"P|Part|456.589,104.9067,130.3345,0,0,-1,0.9946,0.1034,0,0.1034,-0.9946,0|0.8691,3.107,3.0853|0.9725,0.9725,0.9725|256|0|1|1|1|1|0.1|1",
"P|Part|456.5894,117.1043,53.6066,0,0,-1,0.967,0.2548,0,0.2548,-0.967,0|0.8529,0.453,4.8188|0.9725,0.9725,0.9725|256|0|1|1|1|1|0|1",
"P|EP1|24.8562,79.8766,78.3212,0.7071,0.7071,0,0,0,-1,-0.7071,0.7071,0|0.8123,5.1126,0.8123|0.9725,0.9725,0.9725|256|1|0|1|1|1|0|0|AT:Attachment:0,0,0,0,0,0",
"P|Part|-111.2884,147.1759,-10.5265,-1,0,0,0,1,0,0,0,-1|2.9218,2.6783,1.4609|0.8745,0.8745,0.8706|256|0|1|1|1|1|0|1",
"P|Part|456.5894,137.1844,75.9028,0,0,-1,-0.1515,-0.9885,0,-0.9885,0.1515,0|0.8529,0.4188,4.8188|0.9725,0.9725,0.9725|256|0|1|1|1|1|0|1",
"P|Part|20.6877,82.6997,79.9084,0,0,1,-1,0,0,0,-1,0|0.1637,0.3754,2.3934|0.9373,0.7216,0.2196|256|0|1|1|1|1|0.1|1",
"P|Part|456.5892,88.6849,125.8399,0,0,-1,0.9056,0.4242,0,0.4242,-0.9056,0|0.8691,3.107,3.0853|0.9725,0.9725,0.9725|256|0|1|1|1|1|0.1|1",
"P|Part|456.589,139.8947,37.4248,0,0,-1,0.5733,-0.8193,0,-0.8193,-0.5733,0|0.5199,0.8181,4.424|0.9373,0.7216,0.2196|256|0|1|1|1|1|0.1|1",
"P|Part|-110.8014,143.402,-9.9178,-1,0,0,0,1,0,0,0,-1|2.4348,4.8696,1.2174|0.8745,0.8745,0.8706|256|0|1|1|1|1|0|1",
"P|Part|456.5892,110.4379,39.7249,0,0,-1,1,0.0075,0,0.0075,-1,0|1.2578,0.668,7.1059|0.9725,0.9725,0.9725|256|0|1|1|1|1|0|1",
"P|Part|357.8832,159.5042,18.0511,0,0,-1,0,1,0,1,0,0|0.467,5.7054,0.9339|0.9373,0.7216,0.2196|256|0|1|1|1|1|0.1|1",
"P|Part|456.5894,108.6308,105.0849,0,0,-1,-0.9982,-0.06,0,-0.06,0.9982,0|0.8691,4.6011,3.0853|0.9725,0.9725,0.9725|256|0|1|1|1|1|0|1",
"P|Part|103.1314,140.1037,144.7091,0,0,1,0,-1,0,1,0,0|0.467,0.2547,0.9339|0.9373,0.7216,0.2196|256|0|1|1|1|1|0.1|1",
"P|Part|180.1486,66.4674,144.2243,1,0,0,0,1,0,0,0,1|0.0302,0.3862,1.0138|0.4196,0.1961,0.4863|256|0|1|1|1|1|0.1|1",
"P|Part|208.8109,162.127,18.0511,0,1,0,1,0,0,0,0,-1|2.2924,0.5094,0.467|0.9373,0.7216,0.2196|256|0|1|1|1|1|0.1|1",
"P|Part|456.5894,134.5723,107.812,0,0,-1,-0.7506,0.6607,0,0.6607,0.7506,0|1.2816,6.7849,4.5497|0.9725,0.9725,0.9725|256|0|1|1|1|1|0|1",
"P|Part|408.5734,66.5821,21.1813,0.7071,0,0.7071,0,1,0,-0.7071,0,0.7071|0.0481,0.6156,1.616|0.9373,0.7216,0.2196|256|0|1|1|1|1|0.1|1",
"P|Part|-127.6016,147.1759,-6.8743,0,0,1,0,1,0,-1,0,0|2.9218,2.6783,1.4609|0.8745,0.8745,0.8706|256|0|1|1|1|1|0|1",
"U|CorinthianCapital|83.3298,153.8503,145.2013,-1,0,0,0,1,0,0,0,-1|21.3945,15.7394,21.3945|0.9725,0.9725,0.9725|256|0|1|1|1|1|0|1",
"P|Part|337.1078,65.9665,21.2092,-0.7071,0,-0.7071,0,-1,0,-0.7071,0,0.7071|0.0481,0.6156,1.616|0.9373,0.7216,0.2196|256|0|1|1|1|1|0.1|1",
"P|Part|456.5893,93.7974,116.9418,0,0,-1,0.9143,0.4049,0,0.4049,-0.9143,0|1.2578,0.6176,7.1059|0.9725,0.9725,0.9725|256|0|1|1|1|1|0|1",
"P|Part|456.5894,84.8383,53.0781,0,0,-1,-0.7294,0.684,0,0.684,0.7294,0|1.2816,6.7849,4.5497|0.9725,0.9725,0.9725|256|0|1|1|1|1|0|1",
"P|Part|326.1332,123.5212,144.7136,0,0,1,0,1,0,-1,0,0|3.0129,4.7177,3.0129|0.9373,0.7216,0.2196|256|0|1|1|1|1|0.1|1",
"P|Part|453.894,134.1848,112.1131,1,0,0,0,0.866,0.5,0,-0.5,0.866|2.3055,4.3135,25.5838|0.9725,0.9725,0.9725|256|0|1|1|1|1|0|1",
"P|Part|456.5894,100.467,129.6738,0,0,-1,0.9815,0.1912,0,0.1912,-0.9815,0|0.8691,3.107,3.0853|0.9725,0.9725,0.9725|256|0|1|1|1|1|0.1|1",
"P|Part|409.716,65.9665,148.982,0.7071,0,-0.7071,0,-1,0,-0.7071,0,-0.7071|0.0481,0.6156,1.616|0.9373,0.7216,0.2196|256|0|1|1|1|1|0.1|1",
"P|Part|456.5892,150.5511,47.3824,0,0,-1,-0.778,0.6282,0,0.6282,0.778,0|0.5199,0.8181,4.424|0.9373,0.7216,0.2196|256|0|1|1|1|1|0.1|1",
"P|Part|413.6599,153.3564,149.9476,0,0,-1,0,1,0,1,0,0|0.0481,0.6156,1.616|0.9373,0.7216,0.2196|256|0|1|1|1|1|0.1|1",
"P|Part|-86.4534,86.7928,-3.8308,1,0,0,0,1,0,0,0,1|2.4348,6.087,1.2174|0.8745,0.8745,0.8706|256|0|1|1|1|1|0|1",
"P|Part|108.8712,105.1661,144.7091,0,-1,0,1,0,0,0,0,1|78.1858,1.5065,1.5065|0.9373,0.7216,0.2196|256|0|1|1|1|1|0.1|1",
"P|Part|456.5892,137.5924,124.2708,0,0,-1,-0.5291,-0.8485,0,-0.8485,0.5292,0|0.5199,0.8181,4.424|0.9373,0.7216,0.2196|256|0|1|1|1|1|0.1|1",
"M|Cloud2|255.851,212.1586,206.9231,0.9999,-0.0114,0,0.0114,0.9997,-0.0221,0.0003,0.0221,0.9998|13.763,9.0949,24.6667|1,1,1|256|0|1|1|1|1|0|1|rbxassetid://4862430258|",
"P|Part|362.222,160.1397,18.0511,0,0,1,0,-1,0,1,0,0|0.467,0.2547,0.9339|0.9373,0.7216,0.2196|256|0|1|1|1|1|0.1|1",
"P|Part|-232.5416,86.7928,116.692,-1,0,0,0,1,0,0,0,-1|2.4348,6.087,1.2174|0.8745,0.8745,0.8706|256|0|1|1|1|1|0|1",
"P|Part|297.7972,160.1397,144.7148,0,0,1,0,-1,0,1,0,0|0.467,0.2547,0.9339|0.9373,0.7216,0.2196|256|0|1|1|1|1|0.1|1",
"P|Part|409.4468,66.4674,140.632,0.7071,0,-0.7071,0,1,0,0.7071,0,0.7071|0.0302,0.3862,1.0138|0.4196,0.1961,0.4863|256|0|1|1|1|1|0.1|1",
"P|Part|-208.1936,86.7928,-9.9178,-1,0,0,0,1,0,0,0,-1|2.4348,6.087,1.2174|0.8745,0.8745,0.8706|256|0|1|1|1|1|0|1",
"P|Part|418.1486,66.0812,144.2243,-1,0,0,0,-1,0,0,0,1|0.0302,0.3862,1.0138|0.4196,0.1961,0.4863|256|0|1|1|1|1|0.1|1",
"P|Part|-227.4285,115.6452,146.2262,0,0,1,0,1,0,-1,0,0|2.1426,51.6178,1.0713|0.8745,0.8745,0.8706|256|0|1|1|1|1|0|1",
"P|Part|-134.8573,115.6452,171.1099,1,0,0,0,1,0,0,0,1|2.1426,51.6178,1.0713|0.8745,0.8745,0.8706|256|0|1|1|1|1|0|1",
"P|Part|456.5892,100.8948,131.3499,0,0,-1,0.1757,-0.9844,0,-0.9844,-0.1757,0|0.5199,0.8181,4.424|0.9373,0.7216,0.2196|256|0|1|1|1|1|0.1|1",
"P|Part|-213.6719,86.7928,165.9968,0,0,-1,0,1,0,1,0,0|2.4348,6.087,1.2174|0.8745,0.8745,0.8706|256|0|1|1|1|1|0|1",
"P|Part|224.5366,118.1851,18.0568,0,-1,0,1,0,0,0,0,1|2.0061,3.0129,3.01|0.9373,0.7216,0.2196|256|0|1|1|1|1|0.1|1",
"P|Part|456.5893,145.697,115.9948,0,0,-1,-0.7108,0.7034,0,0.7034,0.7108,0|0.8691,3.107,3.0853|0.9725,0.9725,0.9725|256|0|1|1|1|1|0.1|1",
"P|Part|456.5893,143.0608,56.7201,0,0,-1,-0.5781,-0.8159,0,-0.8159,0.5781,0|1.2578,0.6176,7.1059|0.9725,0.9725,0.9725|256|0|1|1|1|1|0|1",
"P|Part|336.3258,118.1851,18.0511,0,1,0,1,0,0,0,0,-1|2.0061,3.0129,3.01|0.9373,0.7216,0.2196|256|0|1|1|1|1|0.1|1",
"P|Part|327.5606,66.0812,18.5798,1,0,0,0,-1,0,0,0,-1|0.0302,0.3862,1.0138|0.4196,0.1961,0.4863|256|0|1|1|1|1|0.1|1",
"P|Part|456.5892,120.4403,29.0699,0,0,-1,0.1997,-0.9799,0,-0.9799,-0.1997,0|0.5199,0.8181,4.424|0.9373,0.7216,0.2196|256|0|1|1|1|1|0.1|1",
"P|Part|-227.672,86.7928,14.4303,-1,0,0,0,1,0,0,0,-1|2.4348,6.087,1.2174|0.8745,0.8745,0.8706|256|0|1|1|1|1|0|1",
"P|Part|254.3592,66.0812,23.3463,0,0,-1,0,-1,0,-1,0,0|0.0302,0.3862,1.0138|0.4196,0.1961,0.4863|256|0|1|1|1|1|0.1|1",
"P|Part|456.5893,129.5171,126.7392,0,0,-1,0.9236,-0.3835,0,-0.3835,-0.9236,0|0.8691,3.107,3.0853|0.9725,0.9725,0.9725|256|0|1|1|1|1|0.1|1",
"P|Part|456.589,109.6619,52.7063,0,0,-1,0.9998,-0.0174,0,-0.0174,-0.9999,0|0.8529,0.453,4.8188|0.9725,0.9725,0.9725|256|0|1|1|1|1|0|1",
"P|Part|-210.6284,86.7928,-2.6134,1,0,0,0,1,0,0,0,1|2.4348,6.087,1.2174|0.8745,0.8745,0.8706|256|0|1|1|1|1|0|1",
"P|Part|253.3455,153.2417,150.0042,0,0,1,0,1,0,-1,0,0|0.0302,0.3862,1.0138|0.4196,0.1961,0.4863|256|0|1|1|1|1|0.1|1",
"P|Object.1c76|-186.5856,94.4704,86.6503,0,0,1,0,1,0,-1,0,0|0.1967,0.4945,17.2214|0.8353,0.451,0.2392|256|0|1|1|1|1|0|1",
"M|Left Arm|79.6327,181.2917,142.8709,0.9254,-0.3085,-0.2201,-0.1736,0.171,-0.9698,0.3369,0.9357,0.1047|6.6446,13.2891,6.6446|0.6392,0.6353,0.6471|256|0|0|1|1|1|0|1|rbxassetid://4906912683|",
}

-- Auto-generated MapSpawner LocalScript
-- Creates map parts entirely from code - no Workspace or ReplicatedStorage parts needed

local function getMaterial(num)
    local ok, mat = pcall(function() return Enum.Material:GetEnumItem(num) end)
    if ok and mat then return mat end
    return Enum.Material.Plastic
end

local function buildCFrame(cf)
    return CFrame.new(cf[1],cf[2],cf[3],cf[4],cf[5],cf[6],cf[7],cf[8],cf[9],cf[10],cf[11],cf[12])
end

local function split(str, sep)
    local parts = {}
    for s in str:gmatch("[^" .. sep .. "]+") do
        table.insert(parts, s)
    end
    return parts
end

local function splitNum(str)
    local parts = {}
    for s in str:gmatch("[^,]+") do
        table.insert(parts, tonumber(s) or 0)
    end
    return parts
end

-- Ensure the model exists
local model = workspace:FindFirstChild("MyCustomMap")
if not model then
    model = Instance.new("Model")
    model.Name = "MyCustomMap"
    model.Parent = workspace
end

local count = 0
for _, line in ipairs(DATA) do
    local f = split(line, "|")
    local cn = f[1]
    local name = f[2]
    local cf = splitNum(f[3])
    local sz = splitNum(f[4])
    local col = splitNum(f[5])
    local matNum = tonumber(f[6]) or 256
    local trans = tonumber(f[7]) or 0
    local cc = f[8] == "1"
    local cq = f[9] == "1"
    local ct = f[10] == "1"
    local anchored = f[11] == "1"
    local ref = tonumber(f[12]) or 0
    local cs = f[13] == "1"
    
    local actualClass = "Part"
    if cn == "M" then actualClass = "MeshPart"
    elseif cn == "U" then actualClass = "Part"
    elseif cn == "S" then actualClass = "Seat"
    elseif cn == "L" then actualClass = "SpawnLocation"
    elseif cn == "W" then actualClass = "WedgePart"
    elseif cn == "C" then actualClass = "CornerWedgePart"
    elseif cn == "T" then actualClass = "TrussPart"
    end
    
    local part = Instance.new(actualClass)
    part.Name = name
    part.CFrame = buildCFrame(cf)
    part.Size = Vector3.new(sz[1], sz[2], sz[3])
    part.Color = Color3.new(col[1], col[2], col[3])
    part.Material = getMaterial(matNum)
    part.Transparency = trans
    part.CanCollide = cc
    part.CanQuery = cq
    part.CanTouch = ct
    part.Anchored = anchored
    part.Reflectance = ref
    part.CastShadow = cs
    
    local idx = 14
    if cn == "M" then
        local mid = f[14] or ""
        local tid = f[15] or ""
        if mid ~= "" then part.MeshId = mid end
        if tid ~= "" then part.TextureId = tid end
        idx = 16
    end
    
    -- Children
    for i = idx, #f do
        local childStr = f[i]
        if childStr:sub(1, 3) == "SM:" then
            local cf2 = split(childStr:sub(4), ":")
            local mesh = Instance.new("SpecialMesh")
            mesh.Name = cf2[1] or "Mesh"
            mesh.MeshId = cf2[2] or ""
            mesh.TextureId = cf2[3] or ""
            local mt = cf2[4] or "Brick"
            if mt == "FileMesh" then mesh.MeshType = Enum.MeshType.FileMesh
            elseif mt == "Head" then mesh.MeshType = Enum.MeshType.Head
            elseif mt == "Sphere" then mesh.MeshType = Enum.MeshType.Sphere
            elseif mt == "Cylinder" then mesh.MeshType = Enum.MeshType.Cylinder
            elseif mt == "Brick" then mesh.MeshType = Enum.MeshType.Brick
            elseif mt == "Wedge" then mesh.MeshType = Enum.MeshType.Wedge
            elseif mt == "Torso" then mesh.MeshType = Enum.MeshType.Torso
            else mesh.MeshType = Enum.MeshType.Brick end
            local sc = splitNum(cf2[5] or "1,1,1")
            local of = splitNum(cf2[6] or "0,0,0")
            mesh.Scale = Vector3.new(sc[1],sc[2],sc[3])
            mesh.Offset = Vector3.new(of[1],of[2],of[3])
            mesh.Parent = part
        elseif childStr:sub(1, 3) == "CM:" then
            local cf2 = split(childStr:sub(4), ":")
            local mesh = Instance.new("CylinderMesh")
            mesh.Name = cf2[1] or "Mesh"
            local sc = splitNum(cf2[2] or "1,1,1")
            local of = splitNum(cf2[3] or "0,0,0")
            mesh.Scale = Vector3.new(sc[1],sc[2],sc[3])
            mesh.Offset = Vector3.new(of[1],of[2],of[3])
            mesh.Parent = part
        elseif childStr:sub(1, 3) == "AT:" then
            local cf2 = split(childStr:sub(4), ":")
            local att = Instance.new("Attachment")
            att.Name = cf2[1] or "Attachment"
            local v = splitNum(cf2[2] or "0,0,0,0,0,0")
            att.CFrame = CFrame.new(v[1],v[2],v[3]) * CFrame.Angles(v[4],v[5],v[6])
            att.Parent = part
        elseif childStr:sub(1, 3) == "PE:" then
            local cf2 = split(childStr:sub(4), ":")
            local pe = Instance.new("ParticleEmitter")
            pe.Name = cf2[1] or "ParticleEmitter"
            pe.Texture = cf2[2] or ""
            pe.Enabled = cf2[3] == "1"
            pe.Rate = tonumber(cf2[4]) or 0
            local ltMin, ltMax = tonumber(cf2[5]) or 0, tonumber(cf2[6]) or 0
            local spMin, spMax = tonumber(cf2[7]) or 0, tonumber(cf2[8]) or 0
            pe.Lifetime = NumberRange.new(ltMin, ltMax)
            pe.Speed = NumberRange.new(spMin, spMax)
            pe.Parent = part
        elseif childStr:sub(1, 3) == "BM:" then
            local cf2 = split(childStr:sub(4), ":")
            local beam = Instance.new("Beam")
            beam.Name = cf2[1] or "Beam"
            beam.Texture = cf2[2] or ""
            beam.Width0 = tonumber(cf2[3]) or 0
            beam.Width1 = tonumber(cf2[4]) or 0
            beam.Parent = part
        end
    end
    
    if cn == "L" then
        part.Parent = workspace
    else
        part.Parent = model
    end
    
    count = count + 1
end

print("[MapSpawner] Created " .. count .. " parts")
