local DATA = {
"P|Part|409.4465,153.2417,13.9742,0.7071,0,-0.7071,0,1,0,0.7071,0,0.7071|0.0302,0.3862,1.0138|0.4196,0.1961,0.4863|256|0|1|1|1|1|0.1|1",
"P|Part|213.9913,82.1805,18.0569,0,-1,0,1,0,0,0,0,1|2.0061,3.0129,3.01|0.9373,0.7216,0.2196|256|0|1|1|1|1|0.1|1",
"P|Object.bb62|-193.9073,107.7927,77.046,0,0,1,0,1,0,-1,0,0|0.6266,24.6936,1.8916|1,1,0|256|0|1|1|1|1|0|1",
"P|Object.479c|-186.5856,94.4704,87.0039,0,0,1,0,1,0,-1,0,0|0.1967,0.4945,17.2214|0.8353,0.451,0.2392|256|0|1|1|1|1|0|1",
"P|Part|407.6153,66.5821,17.2638,1,0,0,0,1,0,0,0,1|0.0481,0.6156,1.616|0.9373,0.7216,0.2196|256|0|1|1|1|1|0.1|1",
"P|Part|258.1078,153.3564,147.8668,0.7071,0,-0.7071,0,1,0,0.7071,0,0.7071|0.0481,0.6156,1.616|0.9373,0.7216,0.2196|256|0|1|1|1|1|0.1|1",
"P|Part|-84.6273,143.402,144.0835,0,0,1,0,1,0,-1,0,0|2.4348,4.8696,1.2174|0.8745,0.8745,0.8706|256|0|1|1|1|1|0|1",
"P|Part|309.2764,152.0048,144.7148,0,0,-1,0,-1,0,-1,0,0|0.467,0.2547,0.9339|0.9373,0.7216,0.2196|256|0|1|1|1|1|0.1|1",
"P|Part|-232.5416,143.402,141.04,-1,0,0,0,1,0,0,0,-1|2.4348,4.8696,1.2174|0.8745,0.8745,0.8706|256|0|1|1|1|1|0|1",
"P|Part|416.9515,152.8554,14.665,0.7071,0,-0.7071,0,-1,0,-0.7071,0,-0.7071|0.0302,0.3862,1.0138|0.4196,0.1961,0.4863|256|0|1|1|1|1|0.1|1",
"P|Part|248.6153,66.5821,18.8798,-1,0,0,0,1,0,0,0,-1|0.0481,0.6156,1.616|0.9373,0.7216,0.2196|256|0|1|1|1|1|0.1|1",
"P|Part|456.589,98.2813,45.0189,0,0,-1,-0.9473,0.3204,0,0.3204,0.9473,0|1.2816,6.7849,4.5497|0.9725,0.9725,0.9725|256|0|1|1|1|1|0|1",
"P|Part|412.0445,153.3564,139.4229,0,0,1,0,1,0,-1,0,0|0.0481,0.6156,1.616|0.9373,0.7216,0.2196|256|0|1|1|1|1|0.1|1",
"P|Part|363.1559,163.1198,144.7091,0,0,-1,0,1,0,1,0,0|0.467,5.7054,0.9339|0.9373,0.7216,0.2196|256|0|1|1|1|1|0.1|1",
"P|Part|203.6891,82.1805,18.0511,0,1,0,1,0,0,0,0,-1|2.0061,3.0129,3.01|0.9373,0.7216,0.2196|256|0|1|1|1|1|0.1|1",
"P|Part|308.8093,118.1851,144.7148,0,0,-1,0,1,0,1,0,0|3.0129,1.4035,31.6359|0.9373,0.7216,0.2196|256|0|1|1|1|1|0.1|1",
"P|Part|134.9913,82.1805,18.0569,0,-1,0,1,0,0,0,0,1|2.0061,3.0129,3.01|0.9373,0.7216,0.2196|256|0|1|1|1|1|0.1|1",
"P|Part|23.5441,83.4571,85.4662,0,0.7071,-0.7071,-1,0,0,0,0.7071,0.7071|0.2448,0.5613,3.5786|0.9373,0.7216,0.2196|256|0|1|1|1|1|0.1|1",
"P|Part|456.589,97.8083,31.0277,0,0,-1,0.9698,-0.2438,0,-0.2438,-0.9698,0|0.8691,3.107,3.0853|0.9725,0.9725,0.9725|256|0|1|1|1|1|0.1|1",
"P|Part|456.5894,94.9498,117.4291,0,0,-1,0.9265,0.3764,0,0.3764,-0.9265,0|1.2578,0.6176,7.1059|0.9725,0.9725,0.9725|256|0|1|1|1|1|0|1",
"P|Part|456.5892,106.0679,130.4427,0,0,-1,0.9968,0.0804,0,0.0804,-0.9968,0|0.8691,3.107,3.0853|0.9725,0.9725,0.9725|256|0|1|1|1|1|0.1|1",
"P|Part|383.0699,156.5242,144.7148,0,0,1,0,-1,0,1,0,0|0.467,0.2547,0.9339|0.9373,0.7216,0.2196|256|0|1|1|1|1|0.1|1",
"P|Part|456.5893,111.6988,132.1313,0,0,-1,0.0318,0.9995,0,0.9995,-0.0318,0|0.5199,0.8181,4.424|0.9373,0.7216,0.2196|256|0|1|1|1|1|0.1|1",
"M|Cloud|445.3997,164.1442,-197.4045,1,0,0,0,-1,0,0,0,-1|51.8872,26.887,72.9216|1,1,1|256|0|1|1|1|1|0|1|rbxassetid://4862430258|",
"P|Part|171.4643,153.2417,148.8095,-0.7071,0,-0.7071,0,1,0,0.7071,0,-0.7071|0.0302,0.3862,1.0138|0.4196,0.1961,0.4863|256|0|1|1|1|1|0.1|1",
"P|Part|456.589,120.0922,57.0312,0,0,-1,-0.9178,-0.397,0,-0.397,0.9178,0|0.8691,4.6011,3.0853|0.9725,0.9725,0.9725|256|0|1|1|1|1|0|1",
"P|Part|394.0819,145.4051,144.7148,0,-1,0,1,0,0,0,0,1|2.2924,0.5094,0.467|0.9373,0.7216,0.2196|256|0|1|1|1|1|0.1|1",
"P|Part|-85.236,147.1759,-3.9525,0,0,1,0,1,0,-1,0,0|2.9218,2.6783,1.4609|0.8745,0.8745,0.8706|256|0|1|1|1|1|0|1",
"P|Part|456.5892,98.5958,55.2579,0,0,-1,0.9066,-0.422,0,-0.422,-0.9066,0|0.8529,0.453,4.8188|0.9725,0.9725,0.9725|256|0|1|1|1|1|0|1",
"P|Part|24.727,83.4571,82.61,0,1,0,-1,0,0,0,0,1|0.2448,0.5613,3.5786|0.9373,0.7216,0.2196|256|0|1|1|1|1|0.1|1",
"P|Part|-230.1068,149.002,144.0835,-1,0,0,0,-1,0,0,0,1|12.174,2.4348,12.174|0.8745,0.8745,0.8706|256|0|1|1|1|1|0|1",
"P|Part|378.7311,160.1397,18.0568,0,0,-1,0,-1,0,-1,0,0|0.467,0.2547,0.9339|0.9373,0.7216,0.2196|256|0|1|1|1|1|0.1|1",
"P|Part|456.5892,154.3447,55.5327,0,0,-1,0.485,0.8745,0,0.8745,-0.485,0|0.8691,3.107,3.0853|0.9725,0.9725,0.9725|256|0|1|1|1|1|0.1|1",
"P|Part|456.5892,147.4247,45.9104,0,0,-1,0.6753,0.7376,0,0.7376,-0.6753,0|0.8691,3.107,3.0853|0.9725,0.9725,0.9725|256|0|1|1|1|1|0.1|1",
"P|Part|456.5894,74.956,60.3361,0,0,-1,0.4888,-0.8724,0,-0.8724,-0.4888,0|1.2578,0.668,7.1059|0.9725,0.9725,0.9725|256|0|1|1|1|1|0|1",
"P|Part|456.5894,97.0168,118.1808,0,0,-1,-0.9456,-0.3253,0,-0.3253,0.9456,0|1.2578,0.668,7.1059|0.9725,0.9725,0.9725|256|0|1|1|1|1|0|1",
"P|Part|456.5893,139.3446,107.8937,0,0,-1,0.69,-0.7238,0,-0.7238,-0.69,0|1.2578,0.6176,7.1059|0.9725,0.9725,0.9725|256|0|1|1|1|1|0|1",
"P|Part|404.6273,123.5212,144.7148,0,1,0,1,0,0,0,0,-1|5.3203,3.0129,3.01|0.9373,0.7216,0.2196|256|0|1|1|1|1|0.1|1",
"P|Part|456.5892,115.4423,106.8915,0,0,-1,0.981,-0.1939,0,-0.1939,-0.981,0|0.8529,0.4188,4.8188|0.9725,0.9725,0.9725|256|0|1|1|1|1|0|1",
"P|Part|224.5366,155.4984,144.7148,0,-1,0,1,0,0,0,0,1|2.2924,0.5094,0.467|0.9373,0.7216,0.2196|256|0|1|1|1|1|0.1|1",
"P|Part|456.5893,95.9914,59.3389,0,0,-1,-0.8259,0.5639,0,0.5639,0.8259,0|0.8691,4.6011,3.0853|0.9725,0.9725,0.9725|256|0|1|1|1|1|0|1",
"P|Part|-159.4646,79.5722,81.3318,0,0,-1,0,1,0,1,0,0|43.7385,4.0374,144.6736|0.8745,0.8745,0.8706|256|0|1|1|1|1|0|1",
"P|Part|456.5893,94.1111,43.0405,0,0,-1,0.9176,-0.3974,0,-0.3974,-0.9176,0|1.2578,0.668,7.1059|0.9725,0.9725,0.9725|256|0|1|1|1|1|0|1",
"P|Part|456.589,156.9393,102.7409,0,0,-1,0.9005,0.4349,0,0.4349,-0.9005,0|0.5199,0.8181,4.424|0.9373,0.7216,0.2196|256|0|1|1|1|1|0.1|1",
"U|CorinthianCapital|84.9289,152.3697,137.9184,-0.25,0.067,-0.9659,0.2588,0.9659,0,0.933,-0.25,-0.2588|2.0992,5.5728,2.2216|0.9725,0.9725,0.9725|256|0|1|1|1|1|0|1",
"P|Part|456.5894,136.0206,111.0085,0,0,-1,0.7672,-0.6414,0,-0.6414,-0.7672,0|1.2578,0.6176,7.1059|0.9725,0.9725,0.9725|256|0|1|1|1|1|0|1",
"P|Part|456.5892,143.9427,42.4582,0,0,-1,0.7435,0.6687,0,0.6687,-0.7435,0|0.8691,3.107,3.0853|0.9725,0.9725,0.9725|256|0|1|1|1|1|0.1|1",
"P|Part|119.8832,159.5042,18.0511,0,0,-1,0,1,0,1,0,0|0.467,5.7054,0.9339|0.9373,0.7216,0.2196|256|0|1|1|1|1|0.1|1",
"P|Part|412.0438,65.9665,23.2897,0,0,1,0,-1,0,1,0,0|0.0481,0.6156,1.616|0.9373,0.7216,0.2196|256|0|1|1|1|1|0.1|1",
"P|Part|456.589,123.8432,128.7085,0,0,-1,0.9625,-0.2712,0,-0.2712,-0.9625,0|0.8691,3.107,3.0853|0.9725,0.9725,0.9725|256|0|1|1|1|1|0.1|1",
"P|Part|456.5892,155.3752,54.4634,0,0,-1,0.8705,-0.4921,0,-0.4921,-0.8705,0|0.5199,0.8181,4.424|0.9373,0.7216,0.2196|256|0|1|1|1|1|0.1|1",
"P|Part|456.5896,82.4894,104.6108,0,0,-1,-0.6641,-0.7476,0,-0.7476,0.6641,0|1.2816,6.7849,4.5497|0.9725,0.9725,0.9725|256|0|1|1|1|1|0|1",
"P|Part|456.5893,91.3245,60.1996,0,0,-1,0.7258,-0.6879,0,-0.6879,-0.7258,0|0.8529,0.453,4.8188|0.9725,0.9725,0.9725|256|0|1|1|1|1|0|1",
"P|Part|-232.5416,86.7928,165.3881,-1,0,0,0,1,0,0,0,-1|2.4348,6.087,1.2174|0.8745,0.8745,0.8706|256|0|1|1|1|1|0|1",
"P|Part|257.9347,66.4674,148.1206,0.7071,0,-0.7071,0,1,0,0.7071,0,0.7071|0.0302,0.3862,1.0138|0.4196,0.1961,0.4863|256|0|1|1|1|1|0.1|1",
"P|Part|108.404,149.4109,18.0511,0,0,1,0,1,0,-1,0,0|0.467,5.7054,0.9339|0.9373,0.7216,0.2196|256|0|1|1|1|1|0.1|1",
"P|Part|456.5894,105.003,131.9153,0,0,-1,0.0968,-0.9953,0,-0.9953,-0.0968,0|0.5199,0.8181,4.424|0.9373,0.7216,0.2196|256|0|1|1|1|1|0.1|1",
"P|Part|456.5894,148.3271,67.0242,0,0,-1,-0.3228,-0.9465,0,-0.9465,0.3228,0|1.2578,0.6176,7.1059|0.9725,0.9725,0.9725|256|0|1|1|1|1|0|1",
"P|Part|456.5892,132.1181,67.9802,0,0,-1,-0.4813,-0.8766,0,-0.8766,0.4813,0|0.8691,4.6011,3.0853|0.9725,0.9725,0.9725|256|0|1|1|1|1|0|1",
"P|Part|256.9651,66.5821,149.0098,-0.7071,0,0.7071,0,1,0,-0.7071,0,-0.7071|0.0481,0.6156,1.616|0.9373,0.7216,0.2196|256|0|1|1|1|1|0.1|1",
"P|Part|-104.1057,86.7928,-6.8743,0,0,1,0,1,0,-1,0,0|2.4348,6.087,1.2174|0.8745,0.8745,0.8706|256|0|1|1|1|1|0|1",
"P|Part|456.5893,94.9919,128.2861,0,0,-1,0.9541,0.2995,0,0.2995,-0.9541,0|0.8691,3.107,3.0853|0.9725,0.9725,0.9725|256|0|1|1|1|1|0.1|1",
"P|Part|456.5892,134.0771,87.5124,0,0,-1,0.2975,-0.9547,0,-0.9547,-0.2975,0|0.8691,4.6011,3.0853|0.9725,0.9725,0.9725|256|0|1|1|1|1|0|1",
"P|Part|456.5893,162.06,77.8968,0,0,-1,-0.9991,0.0421,0,0.0421,0.9991,0|0.5199,0.8181,4.424|0.9373,0.7216,0.2196|256|0|1|1|1|1|0.1|1",
"P|Part|253.0445,65.9665,139.4227,0,0,1,0,-1,0,1,0,0|0.0481,0.6156,1.616|0.9373,0.7216,0.2196|256|0|1|1|1|1|0.1|1",
"P|Part|456.5893,117.1197,119.7845,0,0,-1,0.9849,-0.1731,0,-0.1731,-0.9849,0|1.2578,0.6176,7.1059|0.9725,0.9725,0.9725|256|0|1|1|1|1|0|1",
"P|Part|179.124,153.3564,141.574,-0.7071,0,-0.7071,0,1,0,0.7071,0,-0.7071|0.0481,0.6156,1.616|0.9373,0.7216,0.2196|256|0|1|1|1|1|0.1|1",
"P|Part|456.5893,146.2457,72.0803,0,0,-1,-0.2155,-0.9765,0,-0.9765,0.2155,0|1.2816,6.7849,4.5497|0.9725,0.9725,0.9725|256|0|1|1|1|1|0|1",
"P|Part|456.5892,109.5974,120.3948,0,0,-1,0.9999,0.0134,0,0.0134,-0.9999,0|1.2578,0.6176,7.1059|0.9725,0.9725,0.9725|256|0|1|1|1|1|0|1",
"P|Part|456.5893,96.1362,130.2701,0,0,-1,0.2671,-0.9637,0,-0.9637,-0.2671,0|0.5199,0.8181,4.424|0.9373,0.7216,0.2196|256|0|1|1|1|1|0.1|1",
"P|Part|388.8093,107.9531,18.0568,0,1,0,1,0,0,0,0,-1|83.7597,1.5065,1.5065|0.9373,0.7216,0.2196|256|0|1|1|1|1|0.1|1",
"P|Part|456.5893,127.6888,43.7149,0,0,-1,-0.9004,-0.435,0,-0.435,0.9004,0|1.2578,0.6176,7.1059|0.9725,0.9725,0.9725|256|0|1|1|1|1|0|1",
"P|Part|456.5892,122.0867,55.4508,0,0,-1,0.8995,0.437,0,0.437,-0.8995,0|0.8529,0.453,4.8188|0.9725,0.9725,0.9725|256|0|1|1|1|1|0|1",
"P|Part|-230.1068,84.9667,144.0835,1,0,0,0,1,0,0,0,1|12.174,2.4348,12.174|0.8745,0.8745,0.8706|256|0|1|1|1|1|0|1",
"P|Part|-85.236,147.1759,165.5098,0,0,1,0,1,0,-1,0,0|2.9218,2.6783,1.4609|0.8745,0.8745,0.8706|256|0|1|1|1|1|0|1",
"P|Part|456.5893,109.7151,120.3959,0,0,-1,0.9999,0.0104,0,0.0104,-0.9999,0|1.2578,0.6176,7.1059|0.9725,0.9725,0.9725|256|0|1|1|1|1|0|1",
"P|Part|456.5893,109.8694,54.9753,0,0,-1,-0.9999,0.0106,0,0.0106,0.9999,0|0.8691,4.6011,3.0853|0.9725,0.9725,0.9725|256|0|1|1|1|1|0|1",
"P|Part|456.5894,132.3857,109.5876,0,0,-1,0.7987,-0.6017,0,-0.6017,-0.7987,0|1.2816,6.7849,4.5497|0.9725,0.9725,0.9725|256|0|1|1|1|1|0|1",
"P|Part|456.5894,125.3619,31.8472,0,0,-1,0.9535,0.3012,0,0.3012,-0.9535,0|0.8691,3.107,3.0853|0.9725,0.9725,0.9725|256|0|1|1|1|1|0.1|1",
"P|Part|456.5894,111.5753,117.0071,0,0,-1,-0.9992,0.0389,0,0.0389,0.9992,0|1.2816,6.7849,4.5497|0.9725,0.9725,0.9725|256|0|1|1|1|1|0|1",
"P|Part|456.589,155.5159,57.7755,0,0,-1,0.4406,0.8977,0,0.8977,-0.4406,0|0.8691,3.107,3.0853|0.9725,0.9725,0.9725|256|0|1|1|1|1|0.1|1",
"P|Part|129.8109,113.527,18.0511,0,-1,0,1,0,0,0,0,1|94.9076,1.5065,1.5065|0.9373,0.7216,0.2196|256|0|1|1|1|1|0.1|1",
"P|Part|-88.8882,147.1759,-11.9874,-1,0,0,0,1,0,0,0,-1|2.9218,2.6783,1.4609|0.8745,0.8745,0.8706|256|0|1|1|1|1|0|1",
"P|Part|456.5894,101.1856,119.3936,0,0,-1,0.9751,0.2218,0,0.2218,-0.9751,0|1.2578,0.6176,7.1059|0.9725,0.9725,0.9725|256|0|1|1|1|1|0|1",
"P|Part|-226.4546,147.1759,171.3533,0,0,1,0,1,0,-1,0,0|2.9218,2.6783,1.4609|0.8745,0.8745,0.8706|256|0|1|1|1|1|0|1",
"P|Part|399.8217,140.1037,144.7148,0,0,-1,0,-1,0,-1,0,0|0.467,0.2547,0.9339|0.9373,0.7216,0.2196|256|0|1|1|1|1|0.1|1",
"P|Part|352.6106,152.0048,144.7091,0,0,-1,0,-1,0,-1,0,0|0.467,0.2547,0.9339|0.9373,0.7216,0.2196|256|0|1|1|1|1|0.1|1",
"P|Part|456.5892,88.7994,32.5531,0,0,-1,-0.408,-0.913,0,-0.913,0.408,0|0.5199,0.8181,4.424|0.9373,0.7216,0.2196|256|0|1|1|1|1|0.1|1",
"P|Part|-159.2053,115.6452,165.7533,-1,0,0,0,1,0,0,0,-1|2.1426,51.6178,1.0713|0.8745,0.8745,0.8706|256|0|1|1|1|1|0|1",
"P|Part|303.5366,110.2127,144.7148,0,1,0,1,0,0,0,0,-1|88.2791,1.5065,1.5065|0.9373,0.7216,0.2196|256|0|1|1|1|1|0.1|1",
"P|Part|169.6157,153.3564,145.5376,-1,0,0,0,1,0,0,0,-1|0.0481,0.6156,1.616|0.9373,0.7216,0.2196|256|0|1|1|1|1|0.1|1",
"P|Part|456.5892,110.2581,130.6057,0,0,-1,1,-0.0025,0,-0.0025,-1,0|0.8691,3.107,3.0853|0.9725,0.9725,0.9725|256|0|1|1|1|1|0.1|1",
"P|Part|456.5892,89.1825,127.7969,0,0,-1,-0.4006,0.9162,0,0.9162,0.4006,0|0.5199,0.8181,4.424|0.9373,0.7216,0.2196|256|0|1|1|1|1|0.1|1",
"P|Part|456.5894,96.7767,45.5635,0,0,-1,-0.9325,0.3611,0,0.3611,0.9325,0|1.2816,6.7849,4.5497|0.9725,0.9725,0.9725|256|0|1|1|1|1|0|1",
"P|Part|22.761,82.8303,80.5365,0,0.7071,0.7071,-1,0,0,0,-0.7071,0.7071|0.1777,0.4075,2.5978|0.9373,0.7216,0.2196|256|0|1|1|1|1|0.1|1",
"P|Part|456.5896,162.0905,81.8201,0,0,-1,0.9994,0.0332,0,0.0332,-0.9994,0|0.5199,0.8181,4.424|0.9373,0.7216,0.2196|256|0|1|1|1|1|0.1|1",
"P|Part|-157.0627,82.5319,168.4316,1,0,0,0,1,0,0,0,1|14.6088,2.4348,14.6088|0.8745,0.8745,0.8706|256|0|1|1|1|1|0|1",
"P|Part|329.4468,66.4674,140.632,0.7071,0,-0.7071,0,1,0,0.7071,0,0.7071|0.0302,0.3862,1.0138|0.4196,0.1961,0.4863|256|0|1|1|1|1|0.1|1",
"P|Part|-85.8447,143.402,170.8664,0,0,1,0,1,0,-1,0,0|2.4348,4.8696,1.2174|0.8745,0.8745,0.8706|256|0|1|1|1|1|0|1",
"P|Part|394.0819,118.1851,144.7148,0,-1,0,1,0,0,0,0,1|2.0061,3.0129,3.01|0.9373,0.7216,0.2196|256|0|1|1|1|1|0.1|1",
"P|Part|150.8093,82.1805,144.7148,0,0,-1,0,1,0,1,0,0|3.0129,1.4035,31.6359|0.9373,0.7216,0.2196|256|0|1|1|1|1|0.1|1",
"P|Part|456.5893,107.1099,39.8422,0,0,-1,0.9972,-0.0751,0,-0.0751,-0.9972,0|1.2578,0.668,7.1059|0.9725,0.9725,0.9725|256|0|1|1|1|1|0|1",
"P|Part|253.0448,66.5821,12.7647,0,0,1,0,1,0,-1,0,0|0.0481,0.6156,1.616|0.9373,0.7216,0.2196|256|0|1|1|1|1|0.1|1",
"P|Part|456.589,99.4408,29.1134,0,0,-1,-0.2036,-0.9791,0,-0.9791,0.2036,0|0.5199,0.8181,4.424|0.9373,0.7216,0.2196|256|0|1|1|1|1|0.1|1",
"P|Part|183.0652,140.1037,144.7091,0,0,-1,0,-1,0,-1,0,0|0.467,0.2547,0.9339|0.9373,0.7216,0.2196|256|0|1|1|1|1|0.1|1",
"P|Part|416.9347,153.2417,21.4627,0.7071,0,-0.7071,0,1,0,0.7071,0,0.7071|0.0302,0.3862,1.0138|0.4196,0.1961,0.4863|256|0|1|1|1|1|0.1|1",
"P|Part|253.8546,150.5255,18.0554,0,1,0,1,0,0,0,0,-1|0.4577,12.0518,12.0518|0.9373,0.7216,0.2196|256|0|1|1|1|1|0.1|1",
"P|Part|456.5893,100.117,57.0625,0,0,-1,-0.9167,0.3995,0,0.3995,0.9167,0|0.8691,4.6011,3.0853|0.9725,0.9725,0.9725|256|0|1|1|1|1|0|1",
"P|Part|456.5894,129.7093,99.1725,0,0,-1,0.6989,-0.7153,0,-0.7153,-0.6989,0|0.8529,0.4188,4.8188|0.9725,0.9725,0.9725|256|0|1|1|1|1|0|1",
"P|Part|456.5896,98.0586,29.4219,0,0,-1,0.2302,0.9732,0,0.9732,-0.2302,0|0.5199,0.8181,4.424|0.9373,0.7216,0.2196|256|0|1|1|1|1|0.1|1",
"P|Part|-105.3231,143.402,-4.4395,0,0,1,0,1,0,-1,0,0|2.4348,4.8696,1.2174|0.8745,0.8745,0.8706|256|0|1|1|1|1|0|1",
"P|Part|254.6599,65.9665,149.9478,0,0,-1,0,-1,0,-1,0,0|0.0481,0.6156,1.616|0.9373,0.7216,0.2196|256|0|1|1|1|1|0.1|1",
"P|Part|456.5894,131.7874,46.03,0,0,-1,0.8436,0.5369,0,0.5369,-0.8436,0|1.2578,0.668,7.1059|0.9725,0.9725,0.9725|256|0|1|1|1|1|0|1",
"P|Part|272.1438,150.9791,18.0511,0,1,0,1,0,0,0,0,-1|2.2924,0.5094,0.467|0.9373,0.7216,0.2196|256|0|1|1|1|1|0.1|1",
"P|Part|-230.1068,82.5319,41.8218,1,0,0,0,1,0,0,0,1|14.6088,2.4348,14.6088|0.8745,0.8745,0.8706|256|0|1|1|1|1|0|1",
"P|Part|17.7493,78.4455,79.6714,0,-0.7071,0.7071,-1,0,0,0,-0.7071,-0.7071|0.2519,0.5775,3.6814|0.9373,0.7216,0.2196|256|0|1|1|1|1|0.1|1",
"P|Part|214.6089,163.1526,144.7148,0,0,-1,0,-1,0,-1,0,0|0.467,0.2547,0.9339|0.9373,0.7216,0.2196|256|0|1|1|1|1|0.1|1",
"P|Part|-88.8882,86.7928,148.3445,1,0,0,0,1,0,0,0,1|2.4348,6.087,1.2174|0.8745,0.8745,0.8706|256|0|1|1|1|1|0|1",
"P|Part|336.3258,82.1805,144.709,0,1,0,1,0,0,0,0,-1|2.0061,3.0129,3.01|0.9373,0.7216,0.2196|256|0|1|1|1|1|0.1|1",
"P|Part|272.6106,154.9849,144.7091,0,0,-1,0,1,0,1,0,0|0.467,5.7054,0.9339|0.9373,0.7216,0.2196|256|0|1|1|1|1|0.1|1",
"P|Part|456.5894,150.1695,74.9955,0,0,-1,-0.1253,-0.9921,0,-0.9921,0.1253,0|1.2578,0.6176,7.1059|0.9725,0.9725,0.9725|256|0|1|1|1|1|0|1",
"P|Part|114.6106,152.0048,18.0511,0,0,-1,0,-1,0,-1,0,0|0.467,0.2547,0.9339|0.9373,0.7216,0.2196|256|0|1|1|1|1|0.1|1",
"P|Part|456.5896,89.6621,98.1976,0,0,-1,0.6633,0.7483,0,0.7483,-0.6633,0|0.8529,0.4188,4.8188|0.9725,0.9725,0.9725|256|0|1|1|1|1|0|1",
"P|Part|-183.2368,86.7928,165.9968,0,0,1,0,1,0,-1,0,0|2.4348,6.087,1.2174|0.8745,0.8745,0.8706|256|0|1|1|1|1|0|1",
"P|Part|124.222,163.1198,18.0511,0,0,1,0,1,0,-1,0,0|0.467,5.7054,0.9339|0.9373,0.7216,0.2196|256|0|1|1|1|1|0.1|1",
"P|Part|456.5892,156.9828,61.0433,0,0,-1,0.376,0.9266,0,0.9266,-0.376,0|0.8691,3.107,3.0853|0.9725,0.9725,0.9725|256|0|1|1|1|1|0.1|1",
"P|Part|160.8878,140.1037,144.7148,0,0,1,0,-1,0,1,0,0|0.467,0.2547,0.9339|0.9373,0.7216,0.2196|256|0|1|1|1|1|0.1|1",
"P|Part|456.5892,89.6617,33.8188,0,0,-1,-0.9144,0.4049,0,0.4049,0.9144,0|0.8691,3.107,3.0853|0.9725,0.9725,0.9725|256|0|1|1|1|1|0.1|1",
"P|Part|456.5893,72.1952,66.3776,0,0,-1,0.3389,-0.9408,0,-0.9408,-0.3389,0|1.2578,0.668,7.1059|0.9725,0.9725,0.9725|256|0|1|1|1|1|0|1",
"P|Part|-112.6275,143.402,168.4316,0,0,-1,0,1,0,1,0,0|2.4348,4.8696,1.2174|0.8745,0.8745,0.8706|256|0|1|1|1|1|0|1",
"U|CorinthianCapital|80.7063,149.3139,151.6357,0.483,-0.1294,0.866,0.2588,0.9659,0,-0.8365,0.2241,0.5|2.0992,5.5728,2.2216|0.9725,0.9725,0.9725|256|0|1|1|1|1|0|1",
"P|Part|456.5892,105.2341,55.4539,0,0,-1,-0.9807,0.1954,0,0.1954,0.9807,0|0.8691,4.6011,3.0853|0.9725,0.9725,0.9725|256|0|1|1|1|1|0|1",
"P|Part|456.589,118.8657,129.8451,0,0,-1,0.985,-0.1727,0,-0.1727,-0.985,0|0.8691,3.107,3.0853|0.9725,0.9725,0.9725|256|0|1|1|1|1|0.1|1",
"P|Part|456.5893,160.202,66.0931,0,0,-1,0.9632,-0.2688,0,-0.2688,-0.9632,0|0.5199,0.8181,4.424|0.9373,0.7216,0.2196|256|0|1|1|1|1|0.1|1",
"P|Part|277.8832,156.5242,144.709,0,0,-1,0,-1,0,-1,0,0|0.467,0.2547,0.9339|0.9373,0.7216,0.2196|256|0|1|1|1|1|0.1|1",
"P|Part|456.5894,141.3385,54.462,0,0,-1,-0.6341,-0.7733,0,-0.7733,0.6341,0|1.2578,0.6176,7.1059|0.9725,0.9725,0.9725|256|0|1|1|1|1|0|1",
"P|Part|456.5894,132.3575,127.1363,0,0,-1,-0.4286,-0.9035,0,-0.9035,0.4286,0|0.5199,0.8181,4.424|0.9373,0.7216,0.2196|256|0|1|1|1|1|0.1|1",
"P|Part|456.5892,136.1621,125.1473,0,0,-1,0.5015,0.8651,0,0.8651,-0.5015,0|0.5199,0.8181,4.424|0.9373,0.7216,0.2196|256|0|1|1|1|1|0.1|1",
"P|Part|-88.8882,149.002,168.4316,-1,0,0,0,-1,0,0,0,1|12.174,2.4348,12.174|0.8745,0.8745,0.8706|256|0|1|1|1|1|0|1",
"P|Part|388.8093,118.1851,144.7148,0,-1,0,1,0,0,0,0,1|2.0061,3.0129,3.01|0.9373,0.7216,0.2196|256|0|1|1|1|1|0.1|1",
"P|Part|259.0926,65.9665,18.88,1,0,0,0,-1,0,0,0,-1|0.0481,0.6156,1.616|0.9373,0.7216,0.2196|256|0|1|1|1|1|0.1|1",
"P|Part|415.7535,62.3457,80.0103,0,0,-1,0,1,0,1,0,0|72.066,4.028,5.3146|0.9725,0.9725,0.9725|256|0|1|1|1|1|0|1",
"P|Part|456.5892,100.5243,28.9,0,0,-1,-0.1828,-0.9832,0,-0.9832,0.1828,0|0.5199,0.8181,4.424|0.9373,0.7216,0.2196|256|0|1|1|1|1|0.1|1",
"P|Part|456.5893,98.1797,104.6606,0,0,-1,0.8995,0.437,0,0.437,-0.8995,0|0.8529,0.4188,4.8188|0.9725,0.9725,0.9725|256|0|1|1|1|1|0|1",
"P|Part|203.6891,118.1851,144.7091,0,1,0,1,0,0,0,0,-1|2.0061,3.0129,3.01|0.9373,0.7216,0.2196|256|0|1|1|1|1|0.1|1",
"P|Part|-136.3668,147.1759,-3.9525,0,0,-1,0,1,0,1,0,0|2.9218,2.6783,1.4609|0.8745,0.8745,0.8706|256|0|1|1|1|1|0|1",
"P|Part|-88.8882,150.6455,119.7355,-1,0,0,0,-1,0,0,0,1|14.6088,0.8522,14.6088|0.8745,0.8745,0.8706|256|0|1|1|1|1|0|1",
"P|Part|456.5894,122.6356,31.069,0,0,-1,0.9689,0.2473,0,0.2473,-0.9689,0|0.8691,3.107,3.0853|0.9725,0.9725,0.9725|256|0|1|1|1|1|0.1|1",
"P|Part|352.1438,118.1851,18.0511,0,0,1,0,1,0,-1,0,0|3.0129,1.4035,31.6359|0.9373,0.7216,0.2196|256|0|1|1|1|1|0.1|1",
"P|Part|456.5892,105.9517,43.3049,0,0,-1,-0.9936,0.113,0,0.113,0.9936,0|1.2816,6.7849,4.5497|0.9725,0.9725,0.9725|256|0|1|1|1|1|0|1",
"M|Part.364d|-193.7363,124.4095,80.0989,0,0,1,0,1,0,-1,0,0|8.6191,8.2383,2.5023|0.6392,0.6353,0.6471|256|0|1|1|1|1|0|1|rbxassetid://7204448332|",
"P|Part|-85.8447,86.7928,165.9968,0,0,1,0,1,0,-1,0,0|2.4348,6.087,1.2174|0.8745,0.8745,0.8706|256|0|1|1|1|1|0|1",
"P|Part|180.0681,109.5029,15.9142,0,0.7071,0.7071,1,0,0,0,0.7071,-0.7071|92.9902,0.6058,0.6058|0.9373,0.7216,0.2196|256|0|1|1|1|1|0.1|1",
"P|Part|22.4348,76.1235,80.8627,0,0.7071,0.7071,-1,0,0,0,-0.7071,0.7071|0.1498,0.3434,2.189|0.9373,0.7216,0.2196|256|0|1|1|1|1|0.1|1",
"P|Part|456.5893,153.1246,109.3242,0,0,-1,-0.8275,-0.5615,0,-0.5615,0.8275,0|0.5199,0.8181,4.424|0.9373,0.7216,0.2196|256|0|1|1|1|1|0.1|1",
"P|Part|140.7311,160.1397,144.7148,0,0,-1,0,-1,0,-1,0,0|0.467,0.2547,0.9339|0.9373,0.7216,0.2196|256|0|1|1|1|1|0.1|1",
"P|Part|334.8189,77.2092,18.0501,0,0,-1,0,1,0,1,0,0|3.0129,4.7177,3.0129|0.9373,0.7216,0.2196|256|0|1|1|1|1|0.1|1",
"P|Part|-86.7456,115.6452,39.1435,-1,0,0,0,1,0,0,0,-1|2.1426,51.6178,1.0713|0.8745,0.8745,0.8706|256|0|1|1|1|1|0|1",
"P|Part|456.5892,128.5825,97.0376,0,0,-1,0.6774,-0.7356,0,-0.7356,-0.6774,0|0.8691,4.6011,3.0853|0.9725,0.9725,0.9725|256|0|1|1|1|1|0|1",
"P|Part|-186.2803,86.7928,172.6925,1,0,0,0,1,0,0,0,1|2.4348,6.087,1.2174|0.8745,0.8745,0.8706|256|0|1|1|1|1|0|1",
"P|Part|456.5894,160.6043,83.0107,0,0,-1,-0.0585,0.9983,0,0.9983,0.0585,0|0.8691,3.107,3.0853|0.9725,0.9725,0.9725|256|0|1|1|1|1|0.1|1",
"P|Part|338.0607,109.5029,146.891,0,0.7071,0.7071,1,0,0,0,0.7071,-0.7071|92.9902,0.6058,0.6058|0.9373,0.7216,0.2196|256|0|1|1|1|1|0.1|1",
"P|Part|456.5893,93.3192,47.1119,0,0,-1,-0.8907,0.4546,0,0.4546,0.8907,0|1.2816,6.7849,4.5497|0.9725,0.9725,0.9725|256|0|1|1|1|1|0|1",
"P|Part|456.5892,104.0471,130.2375,0,0,-1,0.9927,0.1204,0,0.1204,-0.9927,0|0.8691,3.107,3.0853|0.9725,0.9725,0.9725|256|0|1|1|1|1|0.1|1",
"P|Part|456.5894,105.5404,120.1353,0,0,-1,0.9935,0.1139,0,0.1139,-0.9935,0|1.2578,0.6176,7.1059|0.9725,0.9725,0.9725|256|0|1|1|1|1|0|1",
"P|Part|367.9618,82.1805,144.709,0,1,0,1,0,0,0,0,-1|2.0061,3.0129,3.01|0.9373,0.7216,0.2196|256|0|1|1|1|1|0.1|1",
"P|Part|456.5893,98.6944,41.3853,0,0,-1,0.9589,-0.2838,0,-0.2838,-0.9589,0|1.2578,0.668,7.1059|0.9725,0.9725,0.9725|256|0|1|1|1|1|0|1",
"M|Cloud|288.3997,282.1442,369.1955,1,0,0,0,-1,0,0,0,-1|51.8872,26.887,72.9216|1,1,1|256|0|1|1|1|1|0|1|rbxassetid://4862430258|",
"P|Part|456.5896,91.4492,31.4511,0,0,-1,-0.3571,-0.9341,0,-0.9341,0.3571,0|0.5199,0.8181,4.424|0.9373,0.7216,0.2196|256|0|1|1|1|1|0.1|1",
"P|Part|249.7296,153.2417,14.6909,-0.7071,0,0.7071,0,1,0,-0.7071,0,-0.7071|0.0302,0.3862,1.0138|0.4196,0.1961,0.4863|256|0|1|1|1|1|0.1|1",
"P|Part|456.5892,87.7949,34.6895,0,0,-1,-0.8971,0.4418,0,0.4418,0.8971,0|0.8691,3.107,3.0853|0.9725,0.9725,0.9725|256|0|1|1|1|1|0.1|1",
"P|Part|332.8527,109.5029,13.937,0,0,1,-1,0,0,0,-1,0|92.9901,2.157,4.3139|1,1,1|256|0|1|1|1|1|0|1",
"P|Part|456.5892,113.277,55.1669,0,0,-1,-0.9921,-0.1254,0,-0.1254,0.9921,0|0.8691,4.6011,3.0853|0.9725,0.9725,0.9725|256|0|1|1|1|1|0|1",
"P|Part|456.589,96.5377,58.9763,0,0,-1,-0.8403,0.5421,0,0.5421,0.8403,0|0.8691,4.6011,3.0853|0.9725,0.9725,0.9725|256|0|1|1|1|1|0|1",
"P|Part|338.1486,152.8554,145.2379,1,0,0,0,-1,0,0,0,-1|0.0302,0.3862,1.0138|0.4196,0.1961,0.4863|256|0|1|1|1|1|0.1|1",
"P|Part|180.1486,66.0812,144.2243,-1,0,0,0,-1,0,0,0,1|0.0302,0.3862,1.0138|0.4196,0.1961,0.4863|256|0|1|1|1|1|0.1|1",
"P|Part|456.589,80.2477,58.2658,0,0,-1,-0.5891,0.8081,0,0.8081,0.5891,0|1.2816,6.7849,4.5497|0.9725,0.9725,0.9725|256|0|1|1|1|1|0|1",
"P|Part|174.8527,109.5029,13.937,0,0,1,-1,0,0,0,-1,0|92.9901,2.157,4.3139|1,1,1|256|0|1|1|1|1|0|1",
"P|Part|456.5892,134.7107,92.1072,0,0,-1,0.4406,-0.8977,0,-0.8977,-0.4406,0|0.8529,0.4188,4.8188|0.9725,0.9725,0.9725|256|0|1|1|1|1|0|1",
"P|Part|303.5366,110.2127,18.0568,0,1,0,1,0,0,0,0,-1|88.2791,1.5065,1.5065|0.9373,0.7216,0.2196|256|0|1|1|1|1|0.1|1",
"P|Part|456.5894,106.2028,29.6535,0,0,-1,0.997,-0.0778,0,-0.0778,-0.997,0|0.8691,3.107,3.0853|0.9725,0.9725,0.9725|256|0|1|1|1|1|0.1|1",
"P|Part|456.5894,135.7419,53.3691,0,0,-1,-0.7214,-0.6925,0,-0.6925,0.7214,0|1.2816,6.7849,4.5497|0.9725,0.9725,0.9725|256|0|1|1|1|1|0|1",
"P|Part|456.5893,119.0304,56.6037,0,0,-1,0.935,0.3547,0,0.3547,-0.935,0|0.8691,4.6011,3.0853|0.9725,0.9725,0.9725|256|0|1|1|1|1|0|1",
"P|Part|456.5889,127.6903,97.9639,0,0,-1,-0.7143,0.6999,0,0.6999,0.7143,0|0.8691,4.6011,3.0853|0.9725,0.9725,0.9725|256|0|1|1|1|1|0|1",
"P|Part|253.0445,65.9665,12.7647,0,0,1,0,-1,0,1,0,0|0.0481,0.6156,1.616|0.9373,0.7216,0.2196|256|0|1|1|1|1|0.1|1",
"P|Part|250.716,153.3564,22.3235,-0.7071,0,-0.7071,0,1,0,0.7071,0,-0.7071|0.0481,0.6156,1.616|0.9373,0.7216,0.2196|256|0|1|1|1|1|0.1|1",
"P|Part|332.3452,66.0812,23.3463,0,0,1,0,-1,0,1,0,0|0.0302,0.3862,1.0138|0.4196,0.1961,0.4863|256|0|1|1|1|1|0.1|1",
"P|Part|-159.3758,162.0485,81.3874,1,0,0,0,1,0,0,0,1|158.2622,2.4348,168.0014|0.8745,0.8745,0.8706|256|0|1|1|1|1|0|1",
"P|Part|456.5892,74.5425,61.0924,0,0,-1,0.47,-0.8827,0,-0.8827,-0.47,0|1.2578,0.668,7.1059|0.9725,0.9725,0.9725|256|0|1|1|1|1|0|1",
"P|Part|-159.4646,77.5534,141.8928,0,0,-1,0,1,0,1,0,0|77.3835,8.0748,164.8606|0.8745,0.8745,0.8706|256|0|1|1|1|1|0|1",
"P|Part|-111.2884,147.1759,164.7794,-1,0,0,0,1,0,0,0,-1|2.9218,2.6783,1.4609|0.8745,0.8745,0.8706|256|0|1|1|1|1|0|1",
"P|Part|456.5893,160.0559,72.0703,0,0,-1,0.1579,0.9875,0,0.9875,-0.1579,0|0.8691,3.107,3.0853|0.9725,0.9725,0.9725|256|0|1|1|1|1|0.1|1",
"P|Part|456.5892,77.322,103.4862,0,0,-1,-0.5812,-0.8137,0,-0.8137,0.5812,0|1.2578,0.668,7.1059|0.9725,0.9725,0.9725|256|0|1|1|1|1|0|1",
"P|Part|456.5893,130.9113,66.0049,0,0,-1,-0.56,-0.8285,0,-0.8285,0.56,0|0.8691,4.6011,3.0853|0.9725,0.9725,0.9725|256|0|1|1|1|1|0|1",
"P|Part|161.8217,140.1037,18.0569,0,0,-1,0,-1,0,-1,0,0|0.467,0.2547,0.9339|0.9373,0.7216,0.2196|256|0|1|1|1|1|0.1|1",
"P|Part|332.3455,152.8554,12.7096,0,0,1,0,-1,0,1,0,0|0.0302,0.3862,1.0138|0.4196,0.1961,0.4863|256|0|1|1|1|1|0.1|1",
"P|Part|18.7774,82.6997,84.5204,0,-0.7071,-0.7071,-1,0,0,0,0.7071,-0.7071|0.1637,0.3754,2.3934|0.9373,0.7216,0.2196|256|0|1|1|1|1|0.1|1",
"P|Part|456.5893,97.3567,130.5912,0,0,-1,0.2436,-0.9699,0,-0.9699,-0.2436,0|0.5199,0.8181,4.424|0.9373,0.7216,0.2196|256|0|1|1|1|1|0.1|1",
"P|Part|282.222,163.1198,144.7091,0,0,1,0,1,0,-1,0,0|0.467,5.7054,0.9339|0.9373,0.7216,0.2196|256|0|1|1|1|1|0.1|1",
"P|Part|160.8878,143.0838,18.0569,0,0,1,0,1,0,-1,0,0|0.467,5.7054,0.9339|0.9373,0.7216,0.2196|256|0|1|1|1|1|0.1|1",
"P|Part|352.1438,82.1805,144.7091,0,0,1,0,1,0,-1,0,0|3.0129,1.4035,31.6359|0.9373,0.7216,0.2196|256|0|1|1|1|1|0.1|1",
"P|Part|18.1306,83.2175,80.0529,0,-0.7071,0.7071,-1,0,0,0,-0.7071,-0.7071|0.2192,0.5025,3.2036|0.9373,0.7216,0.2196|256|0|1|1|1|1|0.1|1",
"P|Part|-233.0286,147.1759,123.3877,1,0,0,0,1,0,0,0,1|2.9218,2.6783,1.4609|0.8745,0.8745,0.8706|256|0|1|1|1|1|0|1",
"P|Part|456.5889,145.4669,41.921,0,0,-1,0.6803,-0.733,0,-0.733,-0.6803,0|0.5199,0.8181,4.424|0.9373,0.7216,0.2196|256|0|1|1|1|1|0.1|1",
"P|Part|456.5893,129.6953,33.4308,0,0,-1,0.9221,0.3869,0,0.3869,-0.9221,0|0.8691,3.107,3.0853|0.9725,0.9725,0.9725|256|0|1|1|1|1|0.1|1",
"P|Part|456.5889,134.2968,86.7662,0,0,-1,0.2678,-0.9635,0,-0.9635,-0.2678,0|0.8691,4.6011,3.0853|0.9725,0.9725,0.9725|256|0|1|1|1|1|0|1",
"P|Part|456.5892,108.8637,28.0349,0,0,-1,-0.0226,-0.9997,0,-0.9997,0.0226,0|0.5199,0.8181,4.424|0.9373,0.7216,0.2196|256|0|1|1|1|1|0.1|1",
"P|Part|-230.1068,147.1759,-11.9874,-1,0,0,0,1,0,0,0,-1|2.9218,2.6783,1.4609|0.8745,0.8745,0.8706|256|0|1|1|1|1|0|1",
"P|Part|456.5894,147.5753,64.995,0,0,-1,-0.3731,-0.9278,0,-0.9278,0.3731,0|1.2578,0.6176,7.1059|0.9725,0.9725,0.9725|256|0|1|1|1|1|0|1",
"P|Part|175.6599,65.9665,23.2899,0,0,-1,0,-1,0,-1,0,0|0.0481,0.6156,1.616|0.9373,0.7216,0.2196|256|0|1|1|1|1|0.1|1",
"P|Part|333.3595,66.0812,12.7094,0,0,-1,0,-1,0,-1,0,0|0.0302,0.3862,1.0138|0.4196,0.1961,0.4863|256|0|1|1|1|1|0.1|1",
"P|Part|-227.9642,115.6452,171.1099,1,0,0,0,1,0,0,0,1|2.1426,51.6178,1.0713|0.8745,0.8745,0.8706|256|0|1|1|1|1|0|1",
"P|Part|456.589,127.6217,101.1005,0,0,-1,0.7693,-0.6389,0,-0.6389,-0.7693,0|0.8529,0.4188,4.8188|0.9725,0.9725,0.9725|256|0|1|1|1|1|0|1",
"P|Part|456.5893,86.7668,33.5007,0,0,-1,0.4469,0.8946,0,0.8946,-0.4469,0|0.5199,0.8181,4.424|0.9373,0.7216,0.2196|256|0|1|1|1|1|0.1|1",
"P|Part|413.3592,66.0812,150.0043,0,0,-1,0,-1,0,-1,0,0|0.0302,0.3862,1.0138|0.4196,0.1961,0.4863|256|0|1|1|1|1|0.1|1",
"P|Part|456.5893,147.9671,94.0912,0,0,-1,0.348,-0.9375,0,-0.9375,-0.348,0|1.2578,0.6176,7.1059|0.9725,0.9725,0.9725|256|0|1|1|1|1|0|1",
"P|Part|456.5892,158.3657,95.2045,0,0,-1,-0.2997,0.954,0,0.954,0.2997,0|0.8691,3.107,3.0853|0.9725,0.9725,0.9725|256|0|1|1|1|1|0.1|1",
"U|CorinthianCapital|78.0959,152.1357,150.5135,0.7071,0.7071,0,0,0,-1,-0.7071,0.7071,0|8.0252,2.6197,8.6911|0.9725,0.9725,0.9725|256|0|1|1|1|1|0|1",
"P|Part|456.5892,102.6407,43.8353,0,0,-1,-0.9793,0.2026,0,0.2026,0.9793,0|1.2816,6.7849,4.5497|0.9725,0.9725,0.9725|256|0|1|1|1|1|0|1",
"P|Part|456.5892,86.2359,35.493,0,0,-1,-0.8813,0.4726,0,0.4726,0.8813,0|0.8691,3.107,3.0853|0.9725,0.9725,0.9725|256|0|1|1|1|1|0.1|1",
"P|Part|456.5896,113.1654,120.2788,0,0,-1,0.9972,-0.0751,0,-0.0751,-0.9972,0|1.2578,0.6176,7.1059|0.9725,0.9725,0.9725|256|0|1|1|1|1|0|1",
"P|Part|456.5893,161.8426,85.4502,0,0,-1,0.9947,0.1029,0,0.1029,-0.9947,0|0.5199,0.8181,4.424|0.9373,0.7216,0.2196|256|0|1|1|1|1|0.1|1",
"P|Part|277.8832,156.5242,18.0511,0,0,-1,0,-1,0,-1,0,0|0.467,0.2547,0.9339|0.9373,0.7216,0.2196|256|0|1|1|1|1|0.1|1",
"P|Part|412.0445,65.9665,139.4227,0,0,1,0,-1,0,1,0,0|0.0481,0.6156,1.616|0.9373,0.7216,0.2196|256|0|1|1|1|1|0.1|1",
"P|Part|456.5893,162.1035,78.8299,0,0,-1,0.9997,-0.0242,0,-0.0242,-0.9997,0|0.5199,0.8181,4.424|0.9373,0.7216,0.2196|256|0|1|1|1|1|0.1|1",
"P|Part|412.8542,154.5785,18.0666,0,0,1,0,1,0,-1,0,0|10.3946,10.3946,10.3946|0.9373,0.7216,0.2196|256|0|1|1|1|1|0.1|1",
"P|Part|456.5892,89.604,126.2592,0,0,-1,0.9139,0.406,0,0.406,-0.9139,0|0.8691,3.107,3.0853|0.9725,0.9725,0.9725|256|0|1|1|1|1|0.1|1",
"P|Part|456.5892,88.2145,67.865,0,0,-1,-0.4859,0.874,0,0.874,0.4859,0|0.8691,4.6011,3.0853|0.9725,0.9725,0.9725|256|0|1|1|1|1|0|1",
"P|Part|-85.8447,143.402,146.5183,0,0,1,0,1,0,-1,0,0|2.4348,4.8696,1.2174|0.8745,0.8745,0.8706|256|0|1|1|1|1|0|1",
"P|Part|293.6089,163.1526,144.7148,0,0,-1,0,-1,0,-1,0,0|0.467,0.2547,0.9339|0.9373,0.7216,0.2196|256|0|1|1|1|1|0.1|1",
"P|Part|456.5893,88.0496,96.1716,0,0,-1,-0.5896,-0.8077,0,-0.8077,0.5896,0|0.8529,0.453,4.8188|0.9725,0.9725,0.9725|256|0|1|1|1|1|0|1",
"P|Part|456.5892,151.3434,111.8167,0,0,-1,0.793,0.6092,0,0.6092,-0.793,0|0.5199,0.8181,4.424|0.9373,0.7216,0.2196|256|0|1|1|1|1|0.1|1",
"P|Part|328.5734,66.5821,147.8392,0.7071,0,0.7071,0,1,0,-0.7071,0,0.7071|0.0481,0.6156,1.616|0.9373,0.7216,0.2196|256|0|1|1|1|1|0.1|1",
"P|Part|456.589,74.3277,61.4962,0,0,-1,0.46,-0.8879,0,-0.8879,-0.46,0|1.2578,0.668,7.1059|0.9725,0.9725,0.9725|256|0|1|1|1|1|0|1",
"P|Part|178.2178,153.2417,22.1795,-0.7071,0,0.7071,0,1,0,-0.7071,0,-0.7071|0.0302,0.3862,1.0138|0.4196,0.1961,0.4863|256|0|1|1|1|1|0.1|1",
"P|Part|135.1422,162.127,18.0568,0,-1,0,1,0,0,0,0,1|2.2924,0.5094,0.467|0.9373,0.7216,0.2196|256|0|1|1|1|1|0.1|1",
"P|Part|417.1243,66.5821,141.5742,-0.7071,0,-0.7071,0,1,0,0.7071,0,-0.7071|0.0481,0.6156,1.616|0.9373,0.7216,0.2196|256|0|1|1|1|1|0.1|1",
"P|Part|456.589,125.6096,113.6424,0,0,-1,-0.9083,0.4184,0,0.4184,0.9083,0|1.2816,6.7849,4.5497|0.9725,0.9725,0.9725|256|0|1|1|1|1|0|1",
"P|Part|456.5893,108.6707,132.1394,0,0,-1,-0.0263,0.9997,0,0.9997,0.0263,0|0.5199,0.8181,4.424|0.9373,0.7216,0.2196|256|0|1|1|1|1|0.1|1",
"P|Part|-129.6711,143.402,-9.3091,0,0,1,0,1,0,-1,0,0|2.4348,4.8696,1.2174|0.8745,0.8745,0.8706|256|0|1|1|1|1|0|1",
"P|Part|448.5206,74.2303,108.6785,0,0,1,0,1,0,-1,0,0|32.1977,0.8534,0.9479|0.9373,0.7216,0.2196|256|0|1|1|1|1|0.1|1",
"P|Part|412.8539,156.2269,144.7121,0,1,0,1,0,0,0,0,-1|0.4577,13.5582,13.5582|0.9373,0.7216,0.2196|256|0|1|1|1|1|0.1|1",
"P|Part|456.5892,98.3402,57.9171,0,0,-1,-0.8825,0.4702,0,0.4702,0.8826,0|0.8691,4.6011,3.0853|0.9725,0.9725,0.9725|256|0|1|1|1|1|0|1",
"P|Part|456.589,156.4852,56.5571,0,0,-1,-0.892,0.452,0,0.452,0.892,0|0.5199,0.8181,4.424|0.9373,0.7216,0.2196|256|0|1|1|1|1|0.1|1",
"P|Part|-213.3066,115.6452,-9.0169,0,0,-1,0,1,0,1,0,0|2.1426,51.6178,1.0713|0.8745,0.8745,0.8706|256|0|1|1|1|1|0|1",
"P|Part|-227.1851,147.1759,-3.2221,1,0,0,0,1,0,0,0,1|2.9218,2.6783,1.4609|0.8745,0.8745,0.8706|256|0|1|1|1|1|0|1",
"P|Part|145.0699,159.5042,144.7148,0,0,1,0,1,0,-1,0,0|0.467,5.7054,0.9339|0.9373,0.7216,0.2196|256|0|1|1|1|1|0.1|1",
"P|Part|456.5893,102.0916,53.9163,0,0,-1,0.9557,-0.2942,0,-0.2942,-0.9557,0|0.8529,0.453,4.8188|0.9725,0.9725,0.9725|256|0|1|1|1|1|0|1",
"P|Part|-189.3239,86.7928,165.9968,0,0,-1,0,1,0,1,0,0|2.4348,6.087,1.2174|0.8745,0.8745,0.8706|256|0|1|1|1|1|0|1",
"P|Part|456.5894,156.5656,60.0554,0,0,-1,0.3955,0.9185,0,0.9185,-0.3955,0|0.8691,3.107,3.0853|0.9725,0.9725,0.9725|256|0|1|1|1|1|0.1|1",
"P|Part|174.8539,156.2269,18.0542,0,1,0,1,0,0,0,0,-1|0.4577,13.5582,13.5582|0.9373,0.7216,0.2196|256|0|1|1|1|1|0.1|1",
"P|Part|-208.1936,143.402,171.4751,1,0,0,0,1,0,0,0,1|2.4348,4.8696,1.2174|0.8745,0.8745,0.8706|256|0|1|1|1|1|0|1",
"P|Part|259.1486,66.0812,144.2243,-1,0,0,0,-1,0,0,0,1|0.0302,0.3862,1.0138|0.4196,0.1961,0.4863|256|0|1|1|1|1|0.1|1",
"P|Part|257.2178,66.4674,148.8376,-0.7071,0,0.7071,0,1,0,-0.7071,0,-0.7071|0.0302,0.3862,1.0138|0.4196,0.1961,0.4863|256|0|1|1|1|1|0.1|1",
"P|Part|412.8546,149.61,18.0554,0,1,0,1,0,0,0,0,-1|0.4577,12.0518,12.0518|0.9373,0.7216,0.2196|256|0|1|1|1|1|0.1|1",
"P|Part|456.5896,135.1618,78.451,0,0,-1,-0.0638,-0.998,0,-0.998,0.0638,0|0.8691,4.6011,3.0853|0.9725,0.9725,0.9725|256|0|1|1|1|1|0|1",
"P|Part|456.5892,131.7201,110.0832,0,0,-1,-0.812,0.5836,0,0.5836,0.812,0|1.2816,6.7849,4.5497|0.9725,0.9725,0.9725|256|0|1|1|1|1|0|1",
"P|Part|456.5892,143.7654,64.6802,0,0,-1,0.4157,0.9095,0,0.9095,-0.4157,0|1.2816,6.7849,4.5497|0.9725,0.9725,0.9725|256|0|1|1|1|1|0|1",
"P|Part|-210.6284,149.002,168.4316,-1,0,0,0,-1,0,0,0,1|12.174,2.4348,12.174|0.8745,0.8745,0.8706|256|0|1|1|1|1|0|1",
"P|Part|282.6891,112.0205,144.7091,0,-1,0,1,0,0,0,0,1|91.8946,1.5065,1.5065|0.9373,0.7216,0.2196|256|0|1|1|1|1|0.1|1",
"P|Part|456.5896,93.1623,58.6065,0,0,-1,0.784,-0.6207,0,-0.6207,-0.784,0|0.8529,0.453,4.8188|0.9725,0.9725,0.9725|256|0|1|1|1|1|0|1",
"P|Part|-233.8564,115.6452,119.7355,0,0,-1,0,1,0,1,0,0|2.1426,51.6178,1.0713|0.8745,0.8745,0.8706|256|0|1|1|1|1|0|1",
"U|Union|-7.9497,288.6709,146.5682,0.237,-0.6867,-0.6873,0.9454,0,0.326,-0.2238,-0.727,0.6492|0.7571,10.0945,10.0942|0.9725,0.851,0.4275|256|0.4|1|1|1|1|0|1",
"P|Part|456.5887,84.5922,125.5189,0,0,-1,0.4887,-0.8724,0,-0.8724,-0.4887,0|0.5199,0.8181,4.424|0.9373,0.7216,0.2196|256|0|1|1|1|1|0.1|1",
"P|Part|456.5894,143.7246,57.6866,0,0,-1,-0.5542,-0.8324,0,-0.8324,0.5542,0|1.2578,0.6176,7.1059|0.9725,0.9725,0.9725|256|0|1|1|1|1|0|1",
"P|Part|456.5896,111.9959,107.3451,0,0,-1,0.9977,-0.0679,0,-0.0679,-0.9977,0|0.8529,0.4188,4.8188|0.9725,0.9725,0.9725|256|0|1|1|1|1|0|1",
"P|Part|456.5889,102.7738,131.6504,0,0,-1,0.1396,-0.9902,0,-0.9902,-0.1396,0|0.5199,0.8181,4.424|0.9373,0.7216,0.2196|256|0|1|1|1|1|0.1|1",
"P|Part|166.6273,98.387,18.0569,0,1,0,1,0,0,0,0,-1|64.6275,1.5065,1.5065|0.9373,0.7216,0.2196|256|0|1|1|1|1|0.1|1",
"P|Part|456.5893,153.7346,108.4347,0,0,-1,0.8389,0.5442,0,0.5442,-0.8389,0|0.5199,0.8181,4.424|0.9373,0.7216,0.2196|256|0|1|1|1|1|0.1|1",
"P|Part|-206.8788,115.6452,168.4316,0,0,1,0,1,0,-1,0,0|2.1426,51.6178,1.0713|0.8745,0.8745,0.8706|256|0|1|1|1|1|0|1",
"P|Part|456.589,160.5431,92.8151,0,0,-1,0.9697,0.2443,0,0.2443,-0.9697,0|0.5199,0.8181,4.424|0.9373,0.7216,0.2196|256|0|1|1|1|1|0.1|1",
"P|Part|-188.7151,143.402,165.3881,-1,0,0,0,1,0,0,0,-1|2.4348,4.8696,1.2174|0.8745,0.8745,0.8706|256|0|1|1|1|1|0|1",
"P|Part|20.6877,76.1235,85.0807,0,0,-1,-1,0,0,0,1,0|0.1498,0.3434,2.189|0.9373,0.7216,0.2196|256|0|1|1|1|1|0.1|1",
"P|Part|456.589,90.4028,128.312,0,0,-1,-0.3772,0.9261,0,0.9261,0.3772,0|0.5199,0.8181,4.424|0.9373,0.7216,0.2196|256|0|1|1|1|1|0.1|1",
"P|Part|235.549,149.4109,18.0569,0,0,-1,0,1,0,1,0,0|0.467,5.7054,0.9339|0.9373,0.7216,0.2196|256|0|1|1|1|1|0.1|1",
"P|Part|336.3258,77.2092,18.0511,0,-1,0,1,0,0,0,0,1|5.3203,3.0129,3.01|0.9373,0.7216,0.2196|256|0|1|1|1|1|0.1|1",
"P|Part|456.589,91.7254,127.1447,0,0,-1,0.9314,0.3641,0,0.3641,-0.9314,0|0.8691,3.107,3.0853|0.9725,0.9725,0.9725|256|0|1|1|1|1|0.1|1",
"P|Part|456.5894,146.9612,83.3917,0,0,-1,-0.0903,0.9959,0,0.9959,0.0903,0|1.2816,6.7849,4.5497|0.9725,0.9725,0.9725|256|0|1|1|1|1|0|1",
"P|Part|250.4643,66.4674,22.1516,-0.7071,0,-0.7071,0,1,0,0.7071,0,-0.7071|0.0302,0.3862,1.0138|0.4196,0.1961,0.4863|256|0|1|1|1|1|0.1|1",
"P|Part|-39.1434,282.1837,-3.6856,-0.1646,0.3344,-0.9279,0.3516,0.8989,0.2616,0.9216,-0.2832,-0.2656|7.5707,15.1414,7.5707|0.9725,0.9725,0.9725|256|0.5|1|1|1|1|0|1",
"P|Part|456.5892,125.4959,30.3666,0,0,-1,0.2968,-0.9549,0,-0.9549,-0.2968,0|0.5199,0.8181,4.424|0.9373,0.7216,0.2196|256|0|1|1|1|1|0.1|1",
"P|Part|456.5893,138.3802,56.1801,0,0,-1,-0.6454,-0.7638,0,-0.7638,0.6454,0|1.2816,6.7849,4.5497|0.9725,0.9725,0.9725|256|0|1|1|1|1|0|1",
"P|Part|456.5892,146.801,114.8686,0,0,-1,-0.6885,0.7252,0,0.7252,0.6886,0|0.8691,3.107,3.0853|0.9725,0.9725,0.9725|256|0|1|1|1|1|0.1|1",
"P|Part|464.6614,74.2303,108.6782,0,0,1,0,1,0,-1,0,0|32.1977,0.8534,0.9479|0.9373,0.7216,0.2196|256|0|1|1|1|1|0.1|1",
"P|Part|171.4468,66.0812,13.9741,-0.7071,0,-0.7071,0,-1,0,-0.7071,0,0.7071|0.0302,0.3862,1.0138|0.4196,0.1961,0.4863|256|0|1|1|1|1|0.1|1",
"P|Part|456.589,99.376,131.0566,0,0,-1,0.2048,-0.9788,0,-0.9788,-0.2048,0|0.5199,0.8181,4.424|0.9373,0.7216,0.2196|256|0|1|1|1|1|0.1|1",
"P|Part|456.5894,116.2032,53.3842,0,0,-1,0.9751,0.2218,0,0.2218,-0.9751,0|0.8529,0.453,4.8188|0.9725,0.9725,0.9725|256|0|1|1|1|1|0|1",
"P|Part|393.6152,149.4109,18.0569,0,0,1,0,1,0,-1,0,0|0.467,5.7054,0.9339|0.9373,0.7216,0.2196|256|0|1|1|1|1|0.1|1",
"P|Part|456.5893,96.5784,103.8162,0,0,-1,0.8686,0.4955,0,0.4955,-0.8686,0|0.8529,0.4188,4.8188|0.9725,0.9725,0.9725|256|0|1|1|1|1|0|1",
"P|Part|456.5892,101.2771,131.4148,0,0,-1,-0.1683,0.9857,0,0.9857,0.1683,0|0.5199,0.8181,4.424|0.9373,0.7216,0.2196|256|0|1|1|1|1|0.1|1",
"P|Part|456.5889,112.9732,130.5265,0,0,-1,0.9984,-0.0562,0,-0.0562,-0.9984,0|0.8691,3.107,3.0853|0.9725,0.9725,0.9725|256|0|1|1|1|1|0.1|1",
"P|Part|456.5892,114.1926,104.8003,0,0,-1,-0.9868,0.1617,0,0.1617,0.9868,0|0.8691,4.6011,3.0853|0.9725,0.9725,0.9725|256|0|1|1|1|1|0|1",
"P|Part|456.5894,135.7419,53.3691,0,0,-1,-0.7214,-0.6925,0,-0.6925,0.7214,0|1.2816,6.7849,4.5497|0.9725,0.9725,0.9725|256|0|1|1|1|1|0|1",
"P|Part|456.5893,139.1315,121.4752,0,0,-1,-0.8192,0.5735,0,0.5735,0.8192,0|0.8691,3.107,3.0853|0.9725,0.9725,0.9725|256|0|1|1|1|1|0.1|1",
"P|Part|456.5893,148.3931,92.8899,0,0,-1,0.3182,-0.948,0,-0.948,-0.3182,0|1.2578,0.6176,7.1059|0.9725,0.9725,0.9725|256|0|1|1|1|1|0|1",
"P|Part|177.9814,152.7408,140.4316,-0.7071,0,0.7071,0,-1,0,0.7071,0,0.7071|0.0481,0.6156,1.616|0.9373,0.7216,0.2196|256|0|1|1|1|1|0.1|1",
"P|Part|-129.0624,147.1759,171.3533,0,0,1,0,1,0,-1,0,0|2.9218,2.6783,1.4609|0.8745,0.8745,0.8706|256|0|1|1|1|1|0|1",
"P|Part|177.0036,109.5029,149.942,0,0.7071,0.7071,1,0,0,0,0.7071,-0.7071|92.9902,0.6058,0.6058|0.9373,0.7216,0.2196|256|0|1|1|1|1|0.1|1",
"P|Part|336.9347,66.4674,21.4627,0.7071,0,-0.7071,0,1,0,0.7071,0,0.7071|0.0302,0.3862,1.0138|0.4196,0.1961,0.4863|256|0|1|1|1|1|0.1|1",
"P|Part|-227.672,143.402,20.5173,1,0,0,0,1,0,0,0,1|2.4348,4.8696,1.2174|0.8745,0.8745,0.8706|256|0|1|1|1|1|0|1",
"P|Part|456.5893,148.837,47.5279,0,0,-1,0.6433,0.7656,0,0.7656,-0.6433,0|0.8691,3.107,3.0853|0.9725,0.9725,0.9725|256|0|1|1|1|1|0.1|1",
"P|Part|407.5603,152.8554,145.2376,1,0,0,0,-1,0,0,0,-1|0.0302,0.3862,1.0138|0.4196,0.1961,0.4863|256|0|1|1|1|1|0.1|1",
"P|Part|456.5889,86.1058,51.9355,0,0,-1,-0.7602,0.6496,0,0.6496,0.7602,0|1.2816,6.7849,4.5497|0.9725,0.9725,0.9725|256|0|1|1|1|1|0|1",
"P|Part|-227.4285,115.6452,39.6792,0,0,1,0,1,0,-1,0,0|2.1426,51.6178,1.0713|0.8745,0.8745,0.8706|256|0|1|1|1|1|0|1",
"P|Part|-91.9317,143.402,170.8664,0,0,-1,0,1,0,1,0,0|2.4348,4.8696,1.2174|0.8745,0.8745,0.8706|256|0|1|1|1|1|0|1",
"P|Part|456.5889,91.4628,48.1277,0,0,-1,-0.8632,0.5048,0,0.5048,0.8632,0|1.2816,6.7849,4.5497|0.9725,0.9725,0.9725|256|0|1|1|1|1|0|1",
"P|Part|229.8093,107.9531,144.7148,0,1,0,1,0,0,0,0,-1|83.7597,1.5065,1.5065|0.9373,0.7216,0.2196|256|0|1|1|1|1|0.1|1",
"P|Part|-106.224,115.6452,-4.196,1,0,0,0,1,0,0,0,1|2.1426,51.6178,1.0713|0.8745,0.8745,0.8706|256|0|1|1|1|1|0|1",
"P|Part|456.5893,139.6469,39.0089,0,0,-1,0.811,0.585,0,0.585,-0.811,0|1.0178,3.107,3.0853|0.9725,0.9725,0.9725|256|0|1|1|1|1|0.1|1",
"P|Part|329.6982,153.3564,140.4576,0.7071,0,-0.7071,0,1,0,0.7071,0,0.7071|0.0481,0.6156,1.616|0.9373,0.7216,0.2196|256|0|1|1|1|1|0.1|1",
"P|Part|18.5548,77.8007,84.7434,0,-0.7071,-0.7071,-1,0,0,0,0.7071,-0.7071|0.1828,0.4192,2.6724|0.9373,0.7216,0.2196|256|0|1|1|1|1|0.1|1",
"P|Part|456.5892,158.813,98.317,0,0,-1,-0.9367,-0.3501,0,-0.3501,0.9367,0|0.5199,0.8181,4.424|0.9373,0.7216,0.2196|256|0|1|1|1|1|0.1|1",
"P|Part|456.5889,93.0546,47.2486,0,0,-1,-0.887,0.4618,0,0.4618,0.887,0|1.2816,6.7849,4.5497|0.9725,0.9725,0.9725|256|0|1|1|1|1|0|1",
"P|Part|352.6106,152.0048,18.0511,0,0,-1,0,-1,0,-1,0,0|0.467,0.2547,0.9339|0.9373,0.7216,0.2196|256|0|1|1|1|1|0.1|1",
"P|Part|-210.6284,86.7928,164.1707,-1,0,0,0,1,0,0,0,-1|2.4348,6.087,1.2174|0.8745,0.8745,0.8706|256|0|1|1|1|1|0|1",
"P|Part|304.0037,159.5042,144.7148,0,0,-1,0,1,0,1,0,0|0.467,5.7054,0.9339|0.9373,0.7216,0.2196|256|0|1|1|1|1|0.1|1",
"P|Part|253.3455,152.8554,139.3676,0,0,1,0,-1,0,1,0,0|0.0302,0.3862,1.0138|0.4196,0.1961,0.4863|256|0|1|1|1|1|0.1|1",
"P|Part|456.5889,80.591,124.7774,0,1,0,1,0,0,0,0,-1|0.8534,17.0929,26.3483|0.9373,0.7216,0.2196|256|0|1|1|1|1|0.1|1",
"P|Part|456.5893,127.1222,101.5041,0,0,-1,0.784,-0.6207,0,-0.6207,-0.784,0|0.8529,0.4188,4.8188|0.9725,0.9725,0.9725|256|0|1|1|1|1|0|1",
"P|Part|250.716,65.9665,22.3241,0.7071,0,-0.7071,0,-1,0,-0.7071,0,-0.7071|0.0481,0.6156,1.616|0.9373,0.7216,0.2196|256|0|1|1|1|1|0.1|1",
"P|Part|-213.0632,86.7928,-3.8308,1,0,0,0,1,0,0,0,1|2.4348,6.087,1.2174|0.8745,0.8745,0.8706|256|0|1|1|1|1|0|1",
"P|Part|456.5893,130.6048,126.2864,0,0,-1,-0.9144,0.4049,0,0.4049,0.9144,0|0.8691,3.107,3.0853|0.9725,0.9725,0.9725|256|0|1|1|1|1|0.1|1",
"P|Part|177.0036,109.5029,23.284,0,0.7071,0.7071,1,0,0,0,0.7071,-0.7071|92.9902,0.6058,0.6058|0.9373,0.7216,0.2196|256|0|1|1|1|1|0.1|1",
"P|Part|388.8093,82.1805,18.0568,0,0,-1,0,1,0,1,0,0|3.0129,1.4035,31.6359|0.9373,0.7216,0.2196|256|0|1|1|1|1|0.1|1",
"P|Part|407.6153,65.9665,17.2638,-1,0,0,0,-1,0,0,0,1|0.0481,0.6156,1.616|0.9373,0.7216,0.2196|256|0|1|1|1|1|0.1|1",
"P|Part|362.6891,118.1851,18.0511,0,1,0,1,0,0,0,0,-1|2.0061,3.0129,3.01|0.9373,0.7216,0.2196|256|0|1|1|1|1|0.1|1",
"P|Part|456.5894,137.2645,83.6392,0,0,-1,0.1312,-0.9914,0,-0.9914,-0.1312,0|0.8529,0.4188,4.8188|0.9725,0.9725,0.9725|256|0|1|1|1|1|0|1",
"P|Part|456.5892,79.8757,58.7867,0,0,-1,-0.575,0.8181,0,0.8181,0.575,0|1.2816,6.7849,4.5497|0.9725,0.9725,0.9725|256|0|1|1|1|1|0|1",
"P|Part|456.5893,93.5627,61.2253,0,0,-1,-0.7506,0.6607,0,0.6607,0.7506,0|0.8691,4.6011,3.0853|0.9725,0.9725,0.9725|256|0|1|1|1|1|0|1",
"P|Part|456.5896,104.6606,53.2588,0,0,-1,0.9797,-0.2003,0,-0.2003,-0.9797,0|0.8529,0.453,4.8188|0.9725,0.9725,0.9725|256|0|1|1|1|1|0|1",
"P|Part|175.8189,77.2092,144.7081,0,0,-1,0,1,0,1,0,0|3.0129,4.7177,3.0129|0.9373,0.7216,0.2196|256|0|1|1|1|1|0.1|1",
"P|Part|-230.1068,147.1759,46.9349,1,0,0,0,1,0,0,0,1|2.9218,2.6783,1.4609|0.8745,0.8745,0.8706|256|0|1|1|1|1|0|1",
"P|Part|253.8527,109.5029,13.937,0,0,1,-1,0,0,0,-1,0|92.9901,2.157,4.3139|1,1,1|256|0|1|1|1|1|0|1",
"P|Part|456.5892,126.8569,47.0653,0,0,-1,-0.8919,-0.4522,0,-0.4522,0.8919,0|1.2816,6.7849,4.5497|0.9725,0.9725,0.9725|256|0|1|1|1|1|0|1",
"P|Part|456.5892,149.1142,47.8536,0,0,-1,0.6368,0.771,0,0.771,-0.6368,0|0.8691,3.107,3.0853|0.9725,0.9725,0.9725|256|0|1|1|1|1|0.1|1",
"P|Part|179.1078,152.7408,21.2088,-0.7071,0,-0.7071,0,-1,0,-0.7071,0,0.7071|0.0481,0.6156,1.616|0.9373,0.7216,0.2196|256|0|1|1|1|1|0.1|1",
"P|Part|250.6982,66.5821,13.7994,0.7071,0,-0.7071,0,1,0,0.7071,0,0.7071|0.0481,0.6156,1.616|0.9373,0.7216,0.2196|256|0|1|1|1|1|0.1|1",
"P|Part|293.6089,163.1526,18.0569,0,0,-1,0,-1,0,-1,0,0|0.467,0.2547,0.9339|0.9373,0.7216,0.2196|256|0|1|1|1|1|0.1|1",
"P|Part|261.1314,143.0838,144.7091,0,0,1,0,1,0,-1,0,0|0.467,5.7054,0.9339|0.9373,0.7216,0.2196|256|0|1|1|1|1|0.1|1",
"P|Part|456.589,106.4189,43.2546,0,0,-1,-0.9949,0.1004,0,0.1004,0.9949,0|1.2816,6.7849,4.5497|0.9725,0.9725,0.9725|256|0|1|1|1|1|0|1",
"P|Part|456.5894,117.3614,116.3228,0,0,-1,-0.9807,0.1954,0,0.1954,0.9807,0|1.2816,6.7849,4.5497|0.9725,0.9725,0.9725|256|0|1|1|1|1|0|1",
"P|Part|249.5552,65.9665,14.9421,0.7071,0,0.7071,0,-1,0,0.7071,0,-0.7071|0.0481,0.6156,1.616|0.9373,0.7216,0.2196|256|0|1|1|1|1|0.1|1",
"P|Part|-135.7581,143.402,170.8664,0,0,-1,0,1,0,1,0,0|2.4348,4.8696,1.2174|0.8745,0.8745,0.8706|256|0|1|1|1|1|0|1",
"P|Part|17.9439,77.6461,82.6099,0,-1,0,-1,0,0,0,0,-1|0.1663,0.3813,2.4307|0.9373,0.7216,0.2196|256|0|1|1|1|1|0.1|1",
"P|Part|124.222,163.1198,144.7091,0,0,1,0,1,0,-1,0,0|0.467,5.7054,0.9339|0.9373,0.7216,0.2196|256|0|1|1|1|1|0.1|1",
"P|Part|456.5893,85.7597,112.1993,0,0,-1,0.7969,0.6042,0,0.6042,-0.7969,0|1.2578,0.6176,7.1059|0.9725,0.9725,0.9725|256|0|1|1|1|1|0|1",
"P|Part|456.5892,105.8064,131.9872,0,0,-1,0.0813,-0.9967,0,-0.9967,-0.0813,0|0.5199,0.8181,4.424|0.9373,0.7216,0.2196|256|0|1|1|1|1|0.1|1",
"P|Part|169.6157,152.7408,145.5376,1,0,0,0,-1,0,0,0,-1|0.0481,0.6156,1.616|0.9373,0.7216,0.2196|256|0|1|1|1|1|0.1|1",
"P|Part|418.0926,66.5821,17.264,1,0,0,0,1,0,0,0,1|0.0481,0.6156,1.616|0.9373,0.7216,0.2196|256|0|1|1|1|1|0.1|1",
"P|Part|-213.5501,147.1759,-10.5265,-1,0,0,0,1,0,0,0,-1|2.9218,2.6783,1.4609|0.8745,0.8745,0.8706|256|0|1|1|1|1|0|1",
"P|Part|-84.6273,86.7928,144.0835,0,0,1,0,1,0,-1,0,0|2.4348,6.087,1.2174|0.8745,0.8745,0.8706|256|0|1|1|1|1|0|1",
"P|Part|259.0926,153.3564,145.5378,-1,0,0,0,1,0,0,0,-1|0.0481,0.6156,1.616|0.9373,0.7216,0.2196|256|0|1|1|1|1|0.1|1",
"P|Part|409.6982,153.3564,140.4576,0.7071,0,-0.7071,0,1,0,0.7071,0,0.7071|0.0481,0.6156,1.616|0.9373,0.7216,0.2196|256|0|1|1|1|1|0.1|1",
"P|Part|456.5892,150.299,47.0577,0,0,-1,0.7731,-0.6343,0,-0.6343,-0.7731,0|0.5199,0.8181,4.424|0.9373,0.7216,0.2196|256|0|1|1|1|1|0.1|1",
"P|Part|418.0926,65.9665,145.538,1,0,0,0,-1,0,0,0,-1|0.0481,0.6156,1.616|0.9373,0.7216,0.2196|256|0|1|1|1|1|0.1|1",
"M|Cloud|409.1996,164.1442,-184.4045,1,0,0,0,-1,0,0,0,-1|51.8872,26.887,72.9216|1,1,1|256|0|1|1|1|1|0|1|rbxassetid://4862430258|",
"P|Part|456.5893,161.7367,86.3985,0,0,-1,0.9926,0.1211,0,0.1211,-0.9926,0|0.5199,0.8181,4.424|0.9373,0.7216,0.2196|256|0|1|1|1|1|0.1|1",
"P|Part|108.8712,145.4051,144.7091,0,1,0,1,0,0,0,0,-1|2.2924,0.5094,0.467|0.9373,0.7216,0.2196|256|0|1|1|1|1|0.1|1",
"P|Part|456.5889,137.3914,82.4947,0,0,-1,0.0894,-0.996,0,-0.996,-0.0894,0|0.8529,0.4188,4.8188|0.9725,0.9725,0.9725|256|0|1|1|1|1|0|1",
"P|Part|333.3592,152.8554,139.3676,0,0,-1,0,-1,0,-1,0,0|0.0302,0.3862,1.0138|0.4196,0.1961,0.4863|256|0|1|1|1|1|0.1|1",
"P|Part|-154.0192,86.7928,170.8664,0,0,1,0,1,0,-1,0,0|2.4348,6.087,1.2174|0.8745,0.8745,0.8706|256|0|1|1|1|1|0|1",
"P|Part|456.5893,145.7901,98.9508,0,0,-1,0.4684,-0.8835,0,-0.8835,-0.4684,0|1.2578,0.6176,7.1059|0.9725,0.9725,0.9725|256|0|1|1|1|1|0|1",
"P|Part|327.5603,153.2417,18.5797,-1,0,0,0,1,0,0,0,-1|0.0302,0.3862,1.0138|0.4196,0.1961,0.4863|256|0|1|1|1|1|0.1|1",
"P|Part|193.1438,150.9791,18.0511,0,1,0,1,0,0,0,0,-1|2.2924,0.5094,0.467|0.9373,0.7216,0.2196|256|0|1|1|1|1|0.1|1",
"P|Part|456.5892,156.9385,102.7434,0,0,-1,0.9005,0.4349,0,0.4349,-0.9005,0|0.5199,0.8181,4.424|0.9373,0.7216,0.2196|256|0|1|1|1|1|0.1|1",
"P|Part|335.9651,153.3564,22.3513,-0.7071,0,0.7071,0,1,0,-0.7071,0,-0.7071|0.0481,0.6156,1.616|0.9373,0.7216,0.2196|256|0|1|1|1|1|0.1|1",
"P|Part|408.7296,66.0812,14.6909,0.7071,0,0.7071,0,-1,0,0.7071,0,-0.7071|0.0302,0.3862,1.0138|0.4196,0.1961,0.4863|256|0|1|1|1|1|0.1|1",
"P|Part|456.589,87.2652,33.269,0,0,-1,-0.4374,-0.8992,0,-0.8992,0.4374,0|0.5199,0.8181,4.424|0.9373,0.7216,0.2196|256|0|1|1|1|1|0.1|1",
"P|Part|456.5894,129.8151,44.8527,0,0,-1,0.8728,0.488,0,0.488,-0.8728,0|1.2578,0.668,7.1059|0.9725,0.9725,0.9725|256|0|1|1|1|1|0|1",
"M|Cloud|-98.5249,179.1442,414.9742,1,0,0,0,-1,0,0,0,-1|67.6584,35.0593,95.0862|1,1,1|256|0|1|1|1|1|0|1|rbxassetid://4862430258|",
"P|Part|-91.323,86.7928,38.7783,-1,0,0,0,1,0,0,0,-1|2.4348,6.087,1.2174|0.8745,0.8745,0.8706|256|0|1|1|1|1|0|1",
"P|Part|456.5893,115.102,130.3614,0,0,-1,0.9952,-0.0983,0,-0.0983,-0.9952,0|0.8691,3.107,3.0853|0.9725,0.9725,0.9725|256|0|1|1|1|1|0.1|1",
"P|Part|456.5893,124.396,117.7993,0,0,-1,0.9355,-0.3534,0,-0.3534,-0.9355,0|1.2578,0.6176,7.1059|0.9725,0.9725,0.9725|256|0|1|1|1|1|0|1",
"P|Part|253.8546,150.5255,144.7133,0,1,0,1,0,0,0,0,-1|0.4577,12.0518,12.0518|0.9373,0.7216,0.2196|256|0|1|1|1|1|0.1|1",
"P|Part|456.5893,103.4208,106.5721,0,0,-1,0.9694,0.2455,0,0.2455,-0.9694,0|0.8529,0.4188,4.8188|0.9725,0.9725,0.9725|256|0|1|1|1|1|0|1",
"P|Part|456.5893,135.1849,78.8653,0,0,-1,-0.0472,-0.9989,0,-0.9989,0.0472,0|0.8691,4.6011,3.0853|0.9725,0.9725,0.9725|256|0|1|1|1|1|0|1",
"P|Part|-230.1068,115.6452,123.4851,1,0,0,0,1,0,0,0,1|2.1426,51.6178,1.0713|0.8745,0.8745,0.8706|256|0|1|1|1|1|0|1",
"P|Part|-207.5849,143.402,170.8664,0,0,1,0,1,0,-1,0,0|2.4348,4.8696,1.2174|0.8745,0.8745,0.8706|256|0|1|1|1|1|0|1",
"P|Part|456.5893,157.6268,101.2585,0,0,-1,0.9137,0.4064,0,0.4064,-0.9137,0|0.5199,0.8181,4.424|0.9373,0.7216,0.2196|256|0|1|1|1|1|0.1|1",
"P|Part|456.5894,123.0495,55.9443,0,0,-1,0.8815,0.4722,0,0.4722,-0.8815,0|0.8529,0.453,4.8188|0.9725,0.9725,0.9725|256|0|1|1|1|1|0|1",
"P|Part|456.589,102.7528,28.5368,0,0,-1,0.14,0.9902,0,0.9902,-0.14,0|0.5199,0.8181,4.424|0.9373,0.7216,0.2196|256|0|1|1|1|1|0.1|1",
"P|Part|-154.0192,86.7928,165.9968,0,0,1,0,1,0,-1,0,0|2.4348,6.087,1.2174|0.8745,0.8745,0.8706|256|0|1|1|1|1|0|1",
"P|Part|456.5893,142.9718,56.5962,0,0,-1,-0.5812,-0.8137,0,-0.8137,0.5812,0|1.2578,0.6176,7.1059|0.9725,0.9725,0.9725|256|0|1|1|1|1|0|1",
"P|Part|456.5893,143.6588,42.2076,0,0,-1,0.7485,0.6631,0,0.6631,-0.7485,0|0.8691,3.107,3.0853|0.9725,0.9725,0.9725|256|0|1|1|1|1|0.1|1",
"P|Part|456.5892,112.9717,104.9697,0,0,-1,-0.9936,0.113,0,0.113,0.9936,0|0.8691,4.6011,3.0853|0.9725,0.9725,0.9725|256|0|1|1|1|1|0|1",
"P|Part|456.5892,108.8834,29.5166,0,0,-1,0.9997,-0.0247,0,-0.0247,-0.9997,0|0.8691,3.107,3.0853|0.9725,0.9725,0.9725|256|0|1|1|1|1|0.1|1",
"P|Part|456.5892,155.9938,58.7677,0,0,-1,0.421,0.9071,0,0.9071,-0.421,0|0.8691,3.107,3.0853|0.9725,0.9725,0.9725|256|0|1|1|1|1|0.1|1",
"P|Part|-227.1851,147.1759,123.3877,1,0,0,0,1,0,0,0,1|2.9218,2.6783,1.4609|0.8745,0.8745,0.8706|256|0|1|1|1|1|0|1",
"P|Part|394.549,146.4309,18.0569,0,0,-1,0,-1,0,-1,0,0|0.467,0.2547,0.9339|0.9373,0.7216,0.2196|256|0|1|1|1|1|0.1|1",
"P|Part|413.6599,65.9665,23.2899,0,0,-1,0,-1,0,-1,0,0|0.0481,0.6156,1.616|0.9373,0.7216,0.2196|256|0|1|1|1|1|0.1|1",
"P|Part|-210.6284,84.9667,-6.8743,1,0,0,0,1,0,0,0,1|12.174,2.4348,12.174|0.8745,0.8745,0.8706|256|0|1|1|1|1|0|1",
"P|Part|456.5893,118.4947,54.0106,0,0,-1,0.9522,0.3056,0,0.3056,-0.9522,0|0.8529,0.453,4.8188|0.9725,0.9725,0.9725|256|0|1|1|1|1|0|1",
"P|Part|259.0926,152.7408,145.5378,1,0,0,0,-1,0,0,0,-1|0.0481,0.6156,1.616|0.9373,0.7216,0.2196|256|0|1|1|1|1|0.1|1",
"P|Part|352.1438,118.1851,144.7091,0,1,0,1,0,0,0,0,-1|2.0061,3.0129,3.01|0.9373,0.7216,0.2196|256|0|1|1|1|1|0.1|1",
"P|Part|347.3379,146.4309,144.709,0,0,-1,0,-1,0,-1,0,0|0.467,0.2547,0.9339|0.9373,0.7216,0.2196|256|0|1|1|1|1|0.1|1",
"P|Part|-84.6273,86.7928,168.4315,0,0,1,0,1,0,-1,0,0|2.4348,6.087,1.2174|0.8745,0.8745,0.8706|256|0|1|1|1|1|0|1",
"P|Part|456.5893,137.9186,124.0656,0,0,-1,-0.5354,-0.8446,0,-0.8446,0.5354,0|0.5199,0.8181,4.424|0.9373,0.7216,0.2196|256|0|1|1|1|1|0.1|1",
"P|Part|456.5894,79.0148,60.0766,0,0,-1,-0.5402,0.8415,0,0.8415,0.5402,0|1.2816,6.7849,4.5497|0.9725,0.9725,0.9725|256|0|1|1|1|1|0|1",
"P|Part|-232.5416,143.402,116.692,-1,0,0,0,1,0,0,0,-1|2.4348,4.8696,1.2174|0.8745,0.8745,0.8706|256|0|1|1|1|1|0|1",
"P|Part|448.5211,80.6007,108.6785,0,0,1,0,1,0,-1,0,0|32.1977,0.8534,0.9479|0.9373,0.7216,0.2196|256|0|1|1|1|1|0.1|1",
"P|Part|456.5893,126.334,129.5428,0,0,-1,0.3129,0.9498,0,0.9498,-0.3129,0|0.5199,0.8181,4.424|0.9373,0.7216,0.2196|256|0|1|1|1|1|0.1|1",
"P|Part|335.9651,66.5821,22.3518,-0.7071,0,0.7071,0,1,0,-0.7071,0,-0.7071|0.0481,0.6156,1.616|0.9373,0.7216,0.2196|256|0|1|1|1|1|0.1|1",
"P|Part|250.9289,109.5029,147.655,0,-0.7071,-0.7071,-1,0,0,0,0.7071,-0.7071|92.9901,2.157,4.3139|1,1,1|256|0|1|1|1|1|0|1",
"P|Part|336.2178,152.8554,148.8375,0.7071,0,0.7071,0,-1,0,0.7071,0,-0.7071|0.0302,0.3862,1.0138|0.4196,0.1961,0.4863|256|0|1|1|1|1|0.1|1",
"P|Part|20.6879,77.4864,80.1482,0,0,1,-1,0,0,0,-1,0|0.1492,0.3421,2.1808|0.9373,0.7216,0.2196|256|0|1|1|1|1|0.1|1",
"P|Part|-104.1057,143.402,168.4316,0,0,1,0,1,0,-1,0,0|2.4348,4.8696,1.2174|0.8745,0.8745,0.8706|256|0|1|1|1|1|0|1",
"P|Part|456.5892,124.6174,42.4128,0,0,-1,0.9333,0.3591,0,0.3591,-0.9333,0|1.2578,0.668,7.1059|0.9725,0.9725,0.9725|256|0|1|1|1|1|0|1",
"P|Part|456.589,96.7147,29.7583,0,0,-1,0.256,0.9667,0,0.9667,-0.256,0|0.5199,0.8181,4.424|0.9373,0.7216,0.2196|256|0|1|1|1|1|0.1|1",
"P|Part|-233.8564,115.6452,144.0835,0,0,-1,0,1,0,1,0,0|2.1426,51.6178,1.0713|0.8745,0.8745,0.8706|256|0|1|1|1|1|0|1",
"P|Part|235.0819,105.1661,144.7148,0,1,0,1,0,0,0,0,-1|78.1858,1.5065,1.5065|0.9373,0.7216,0.2196|256|0|1|1|1|1|0.1|1",
"P|Part|-227.0633,143.402,39.387,0,0,1,0,1,0,-1,0,0|2.4348,4.8696,1.2174|0.8745,0.8745,0.8706|256|0|1|1|1|1|0|1",
"P|Part|456.5893,150.017,86.1969,0,0,-1,0.1523,-0.9883,0,-0.9883,-0.1523,0|1.2578,0.6176,7.1059|0.9725,0.9725,0.9725|256|0|1|1|1|1|0|1",
"M|Object.b1ab|-193.0214,111.6433,74.2222,0,0,-1,0,1,0,1,0,0|2.536,9.9052,1.2693|0.9373,0.7216,0.2196|256|0|0|1|1|1|0|1|rbxassetid://1619395746|",
"P|Part|-91.323,143.402,44.8653,1,0,0,0,1,0,0,0,1|2.4348,4.8696,1.2174|0.8745,0.8745,0.8706|256|0|1|1|1|1|0|1",
"P|Part|456.5893,79.4082,100.6334,0,0,-1,-0.5565,-0.8309,0,-0.8309,0.5565,0|1.2816,6.7849,4.5497|0.9725,0.9725,0.9725|256|0|1|1|1|1|0|1",
"P|Part|456.5892,84.8369,111.4778,0,0,-1,0.779,0.6271,0,0.6271,-0.779,0|1.2578,0.6176,7.1059|0.9725,0.9725,0.9725|256|0|1|1|1|1|0|1",
"P|Part|456.5892,146.6459,85.9187,0,0,-1,0.1587,-0.9873,0,-0.9873,-0.1587,0|1.2816,6.7849,4.5497|0.9725,0.9725,0.9725|256|0|1|1|1|1|0|1",
"P|Part|198.4164,110.2127,18.0511,0,-1,0,1,0,0,0,0,1|88.2791,1.5065,1.5065|0.9373,0.7216,0.2196|256|0|1|1|1|1|0.1|1",
"P|Part|327.5606,66.4674,145.2378,-1,0,0,0,1,0,0,0,-1|0.0302,0.3862,1.0138|0.4196,0.1961,0.4863|256|0|1|1|1|1|0.1|1",
"P|Part|456.5894,95.8863,42.3213,0,0,-1,0.9355,-0.3534,0,-0.3534,-0.9355,0|1.2578,0.668,7.1059|0.9725,0.9725,0.9725|256|0|1|1|1|1|0|1",
"P|Part|456.5893,130.0372,64.7902,0,0,-1,-0.6084,-0.7936,0,-0.7936,0.6084,0|0.8691,4.6011,3.0853|0.9725,0.9725,0.9725|256|0|1|1|1|1|0|1",
"P|Part|172.6896,109.5029,12.8628,0,0.7071,0.7071,1,0,0,0,0.7071,-0.7071|92.9902,0.6058,0.6058|0.9373,0.7216,0.2196|256|0|1|1|1|1|0.1|1",
"P|Part|229.8093,118.1851,144.7148,0,0,-1,0,1,0,1,0,0|3.0129,1.4035,31.6359|0.9373,0.7216,0.2196|256|0|1|1|1|1|0.1|1",
"P|Part|456.5893,138.1115,122.1709,0,0,-1,-0.833,0.5533,0,0.5533,0.833,0|0.8691,3.107,3.0853|0.9725,0.9725,0.9725|256|0|1|1|1|1|0.1|1",
"P|Part|20.6882,77.8007,85.6268,0,0,-1,-1,0,0,0,1,0|0.1828,0.4192,2.6724|0.9373,0.7216,0.2196|256|0|1|1|1|1|0.1|1",
"P|Part|456.5892,90.6962,48.5882,0,0,-1,-0.8508,0.5255,0,0.5255,0.8508,0|1.2816,6.7849,4.5497|0.9725,0.9725,0.9725|256|0|1|1|1|1|0|1",
"P|Part|456.5894,103.6975,131.7718,0,0,-1,0.1218,-0.9925,0,-0.9925,-0.1218,0|0.5199,0.8181,4.424|0.9373,0.7216,0.2196|256|0|1|1|1|1|0.1|1",
"P|Part|-36.9415,279.3248,-11.6049,-0.2059,0.2199,-0.9536,0.1868,0.9653,0.1822,0.9606,-0.1406,-0.2399|7.5707,15.1414,7.5707|0.9725,0.9725,0.9725|256|0.5|1|1|1|1|0|1",
"P|Part|166.6273,77.2092,144.7148,0,1,0,1,0,0,0,0,-1|5.3203,3.0129,3.01|0.9373,0.7216,0.2196|256|0|1|1|1|1|0.1|1",
"P|Part|456.5894,160.5875,76.8428,0,0,-1,0.0635,0.998,0,0.998,-0.0635,0|0.8691,3.107,3.0853|0.9725,0.9725,0.9725|256|0|1|1|1|1|0.1|1",
"P|Part|-111.4101,86.7928,-9.3091,0,0,-1,0,1,0,1,0,0|2.4348,6.087,1.2174|0.8745,0.8745,0.8706|256|0|1|1|1|1|0|1",
"P|Part|418.0926,65.9665,17.264,-1,0,0,0,-1,0,0,0,1|0.0481,0.6156,1.616|0.9373,0.7216,0.2196|256|0|1|1|1|1|0.1|1",
"P|Part|175.3592,153.2417,150.0042,0,0,-1,0,1,0,1,0,0|0.0302,0.3862,1.0138|0.4196,0.1961,0.4863|256|0|1|1|1|1|0.1|1",
"U|CorinthianCapital|88.6227,152.1356,139.8629,-0.7071,-0.7071,0,0,0,-1,0.7071,-0.7071,0|8.0252,2.6197,8.6911|0.9725,0.9725,0.9725|256|0|1|1|1|1|0|1",
"P|Part|-85.9664,147.1759,147.7357,1,0,0,0,1,0,0,0,1|2.9218,2.6783,1.4609|0.8745,0.8745,0.8706|256|0|1|1|1|1|0|1",
"P|Part|287.8109,113.527,144.7091,0,-1,0,1,0,0,0,0,1|94.9076,1.5065,1.5065|0.9373,0.7216,0.2196|256|0|1|1|1|1|0.1|1",
"P|Part|-91.81,147.1759,-10.5265,-1,0,0,0,1,0,0,0,-1|2.9218,2.6783,1.4609|0.8745,0.8745,0.8706|256|0|1|1|1|1|0|1",
"P|Part|-94.0013,147.1759,119.7355,0,0,-1,0,1,0,1,0,0|2.9218,2.6783,1.4609|0.8745,0.8745,0.8706|256|0|1|1|1|1|0|1",
"P|Part|-233.1503,86.7928,117.3007,0,0,-1,0,1,0,1,0,0|2.4348,6.087,1.2174|0.8745,0.8745,0.8706|256|0|1|1|1|1|0|1",
"P|Part|-186.2803,149.002,168.4316,-1,0,0,0,-1,0,0,0,1|12.174,2.4348,12.174|0.8745,0.8745,0.8706|256|0|1|1|1|1|0|1",
"P|EP2|14.3398,71.3506,76.2628,0,0.7071,-0.7071,1,0,0,0,-0.7071,-0.7071|1.7679,5.3516,1.7679|0.9725,0.9725,0.9725|256|1|0|1|1|1|0|0|AT:Attachment:0,0,0,0,0,0|PE:ParticleEmitter:rbxassetid://277916207:1:12:1:1:1.6724:1.6724",
"P|Part|-161.3236,143.402,-6.8743,0,0,-1,0,1,0,1,0,0|2.4348,4.8696,1.2174|0.8745,0.8745,0.8706|256|0|1|1|1|1|0|1",
"P|Part|257.9347,152.8554,148.1206,-0.7071,0,-0.7071,0,-1,0,-0.7071,0,0.7071|0.0302,0.3862,1.0138|0.4196,0.1961,0.4863|256|0|1|1|1|1|0.1|1",
"P|Part|456.5892,146.3192,62.1886,0,0,-1,-0.4426,-0.8967,0,-0.8967,0.4426,0|1.2578,0.6176,7.1059|0.9725,0.9725,0.9725|256|0|1|1|1|1|0|1",
"P|Part|456.589,102.8918,56.039,0,0,-1,-0.9574,0.2887,0,0.2887,0.9574,0|0.8691,4.6011,3.0853|0.9725,0.9725,0.9725|256|0|1|1|1|1|0|1",
"P|Part|256.9651,66.5821,22.3518,-0.7071,0,0.7071,0,1,0,-0.7071,0,-0.7071|0.0481,0.6156,1.616|0.9373,0.7216,0.2196|256|0|1|1|1|1|0.1|1",
"P|Part|456.589,94.7779,57.4141,0,0,-1,0.8276,-0.5613,0,-0.5613,-0.8276,0|0.8529,0.453,4.8188|0.9725,0.9725,0.9725|256|0|1|1|1|1|0|1",
"P|Part|456.5892,78.9545,105.6183,0,0,-1,-0.6341,-0.7733,0,-0.7733,0.6341,0|1.2578,0.668,7.1059|0.9725,0.9725,0.9725|256|0|1|1|1|1|0|1",
"P|Part|456.5892,127.8601,97.7956,0,0,-1,-0.7076,0.7066,0,0.7066,0.7076,0|0.8691,4.6011,3.0853|0.9725,0.9725,0.9725|256|0|1|1|1|1|0|1",
"P|Part|456.5893,131.6309,110.146,0,0,-1,-0.8138,0.5812,0,0.5812,0.8138,0|1.2816,6.7849,4.5497|0.9725,0.9725,0.9725|256|0|1|1|1|1|0|1",
"P|Part|456.5892,88.5984,127.5411,0,0,-1,0.4118,-0.9113,0,-0.9113,-0.4118,0|0.5199,0.8181,4.424|0.9373,0.7216,0.2196|256|0|1|1|1|1|0.1|1",
"P|Part|-110.5092,115.6452,165.7533,-1,0,0,0,1,0,0,0,-1|2.1426,51.6178,1.0713|0.8745,0.8745,0.8706|256|0|1|1|1|1|0|1",
"P|Part|456.5896,110.4013,105.1257,0,0,-1,-0.9999,0.0106,0,0.0106,0.9999,0|0.8691,4.6011,3.0853|0.9725,0.9725,0.9725|256|0|1|1|1|1|0|1",
"P|Part|17.8312,83.4571,79.7536,0,-0.7071,0.7071,-1,0,0,0,-0.7071,-0.7071|0.2448,0.5613,3.5786|0.9373,0.7216,0.2196|256|0|1|1|1|1|0.1|1",
"P|Part|417.1078,152.7408,21.2088,-0.7071,0,-0.7071,0,-1,0,-0.7071,0,0.7071|0.0481,0.6156,1.616|0.9373,0.7216,0.2196|256|0|1|1|1|1|0.1|1",
"P|Part|-227.4285,115.6452,166.2889,0,0,1,0,1,0,-1,0,0|2.1426,51.6178,1.0713|0.8745,0.8745,0.8706|256|0|1|1|1|1|0|1",
"P|Part|404.6273,82.1805,18.0569,0,-1,0,1,0,0,0,0,1|2.0061,3.0129,3.01|0.9373,0.7216,0.2196|256|0|1|1|1|1|0.1|1",
"P|Part.0dd3|-186.5856,94.4704,81.6785,0,0,1,0,1,0,-1,0,0|0.1967,0.4945,17.2214|0.8353,0.451,0.2392|256|0|1|1|1|1|0|1",
"P|Part|407.6157,152.7408,145.5376,1,0,0,0,-1,0,0,0,-1|0.0481,0.6156,1.616|0.9373,0.7216,0.2196|256|0|1|1|1|1|0.1|1",
"P|Part|-189.2021,147.1759,172.0838,1,0,0,0,1,0,0,0,1|2.9218,2.6783,1.4609|0.8745,0.8745,0.8706|256|0|1|1|1|1|0|1",
"P|Part|103.1314,143.0838,18.0511,0,0,1,0,1,0,-1,0,0|0.467,5.7054,0.9339|0.9373,0.7216,0.2196|256|0|1|1|1|1|0.1|1",
"P|Part|418.0926,152.7408,145.5378,1,0,0,0,-1,0,0,0,-1|0.0481,0.6156,1.616|0.9373,0.7216,0.2196|256|0|1|1|1|1|0.1|1",
"P|Part|456.589,109.5494,54.9773,0,0,-1,-0.9997,0.0233,0,0.0233,0.9997,0|0.8691,4.6011,3.0853|0.9725,0.9725,0.9725|256|0|1|1|1|1|0|1",
"P|Part|335.9651,66.5821,149.0098,-0.7071,0,0.7071,0,1,0,-0.7071,0,-0.7071|0.0481,0.6156,1.616|0.9373,0.7216,0.2196|256|0|1|1|1|1|0.1|1",
"P|Part|456.589,99.7457,29.0512,0,0,-1,-0.1977,-0.9803,0,-0.9803,0.1977,0|0.5199,0.8181,4.424|0.9373,0.7216,0.2196|256|0|1|1|1|1|0.1|1",
"P|Part|456.5893,106.6558,55.2164,0,0,-1,0.9903,-0.1387,0,-0.1387,-0.9903,0|0.8691,4.6011,3.0853|0.9725,0.9725,0.9725|256|0|1|1|1|1|0|1",
"P|Part|456.5892,110.9984,117.0255,0,0,-1,-0.9997,0.0233,0,0.0233,0.9997,0|1.2816,6.7849,4.5497|0.9725,0.9725,0.9725|256|0|1|1|1|1|0|1",
"P|Part|332.8539,63.2071,18.0541,0,1,0,1,0,0,0,0,-1|0.4577,12.0518,12.0518|0.9373,0.7216,0.2196|256|0|1|1|1|1|0.1|1",
"P|Part|456.5892,144.5281,41.0711,0,0,-1,0.6622,-0.7493,0,-0.7493,-0.6622,0|0.5199,0.8181,4.424|0.9373,0.7216,0.2196|256|0|1|1|1|1|0.1|1",
"P|Object.7656|-193.9073,113.6424,76.1126,0,0,1,0,1,0,-1,0,0|1.4573,0.0246,3.0289|0.9373,0.7216,0.2196|256|0|1|1|1|1|0|1",
"P|Part|174.8501,109.5029,148.8639,0,0,-1,-1,0,0,0,1,0|92.9901,2.157,4.3139|1,1,1|256|0|1|1|1|1|0|1",
"P|Part|-207.7066,147.1759,-3.2221,1,0,0,0,1,0,0,0,1|2.9218,2.6783,1.4609|0.8745,0.8745,0.8706|256|0|1|1|1|1|0|1",
"P|Part|145.5366,110.2127,18.0568,0,1,0,1,0,0,0,0,-1|88.2791,1.5065,1.5065|0.9373,0.7216,0.2196|256|0|1|1|1|1|0.1|1",
"P|Part|456.5894,127.6099,127.4865,0,0,-1,0.9383,-0.3457,0,-0.3457,-0.9383,0|0.8691,3.107,3.0853|0.9725,0.9725,0.9725|256|0|1|1|1|1|0.1|1",
"P|Part|456.5893,159.6011,90.4847,0,0,-1,-0.2064,0.9785,0,0.9785,0.2064,0|0.8691,3.107,3.0853|0.9725,0.9725,0.9725|256|0|1|1|1|1|0.1|1",
"P|Part|338.1486,66.4674,18.5801,-1,0,0,0,1,0,0,0,-1|0.0302,0.3862,1.0138|0.4196,0.1961,0.4863|256|0|1|1|1|1|0.1|1",
"P|Part|456.589,90.9807,96.239,0,0,-1,-0.6454,-0.7638,0,-0.7638,0.6454,0|0.8691,4.6011,3.0853|0.9725,0.9725,0.9725|256|0|1|1|1|1|0|1",
"P|Part|456.5892,142.2813,39.1959,0,0,-1,0.6191,-0.7853,0,-0.7853,-0.6191,0|0.5199,0.8181,4.424|0.9373,0.7216,0.2196|256|0|1|1|1|1|0.1|1",
"P|Part|456.5893,84.6166,106.8239,0,0,-1,0.7238,0.69,0,0.69,-0.7238,0|1.2816,6.7849,4.5497|0.9725,0.9725,0.9725|256|0|1|1|1|1|0|1",
"P|Part|287.9618,82.1805,18.0511,0,1,0,1,0,0,0,0,-1|2.0061,3.0129,3.01|0.9373,0.7216,0.2196|256|0|1|1|1|1|0.1|1",
"P|Part|456.589,86.6108,33.589,0,0,-1,-0.45,-0.893,0,-0.893,0.45,0|0.5199,0.8181,4.424|0.9373,0.7216,0.2196|256|0|1|1|1|1|0.1|1",
"P|Part|456.5893,71.5666,68.2754,0,0,-1,0.2919,-0.9564,0,-0.9564,-0.2919,0|1.2578,0.668,7.1059|0.9725,0.9725,0.9725|256|0|1|1|1|1|0|1",
"P|Part|456.5893,83.8244,106.042,0,0,-1,-0.7027,-0.7115,0,-0.7115,0.7027,0|1.2816,6.7849,4.5497|0.9725,0.9725,0.9725|256|0|1|1|1|1|0|1",
"P|Part|-186.2803,115.6452,-3.1247,1,0,0,0,1,0,0,0,1|2.1426,51.6178,1.0713|0.8745,0.8745,0.8706|256|0|1|1|1|1|0|1",
"P|Part|258.1078,152.7408,147.8668,-0.7071,0,-0.7071,0,-1,0,-0.7071,0,0.7071|0.0481,0.6156,1.616|0.9373,0.7216,0.2196|256|0|1|1|1|1|0.1|1",
"P|Part|456.5894,103.5395,130.1731,0,0,-1,0.9915,0.1305,0,0.1305,-0.9915,0|0.8691,3.107,3.0853|0.9725,0.9725,0.9725|256|0|1|1|1|1|0.1|1",
"P|Part|282.222,160.1397,18.0511,0,0,1,0,-1,0,1,0,0|0.467,0.2547,0.9339|0.9373,0.7216,0.2196|256|0|1|1|1|1|0.1|1",
"P|Part|456.5892,152.5736,52.574,0,0,-1,0.5435,0.8394,0,0.8394,-0.5435,0|0.8691,3.107,3.0853|0.9725,0.9725,0.9725|256|0|1|1|1|1|0.1|1",
"P|Part|456.5894,102.4906,106.3202,0,0,-1,0.9602,0.2794,0,0.2794,-0.9602,0|0.8529,0.4188,4.8188|0.9725,0.9725,0.9725|256|0|1|1|1|1|0|1",
"P|Part|318.8878,140.1037,18.0569,0,0,1,0,-1,0,1,0,0|0.467,0.2547,0.9339|0.9373,0.7216,0.2196|256|0|1|1|1|1|0.1|1",
"P|Part|328.7296,66.0812,141.3488,0.7071,0,0.7071,0,-1,0,0.7071,0,-0.7071|0.0302,0.3862,1.0138|0.4196,0.1961,0.4863|256|0|1|1|1|1|0.1|1",
"P|Part|-88.8882,86.7928,13.2129,-1,0,0,0,1,0,0,0,-1|2.4348,6.087,1.2174|0.8745,0.8745,0.8706|256|0|1|1|1|1|0|1",
"P|Part|456.5892,104.3175,28.3376,0,0,-1,-0.1099,-0.9939,0,-0.9939,0.1099,0|0.5199,0.8181,4.424|0.9373,0.7216,0.2196|256|0|1|1|1|1|0.1|1",
"P|Part|456.5897,77.1756,63.2859,0,0,-1,-0.4534,0.8913,0,0.8913,0.4534,0|1.2816,6.7849,4.5497|0.9725,0.9725,0.9725|256|0|1|1|1|1|0|1",
"P|Part|328.5734,152.7408,21.1811,-0.7071,0,0.7071,0,-1,0,0.7071,0,0.7071|0.0481,0.6156,1.616|0.9373,0.7216,0.2196|256|0|1|1|1|1|0.1|1",
"P|Part|456.5894,106.2028,29.6535,0,0,-1,0.997,-0.0778,0,-0.0778,-0.997,0|0.8691,3.107,3.0853|0.9725,0.9725,0.9725|256|0|1|1|1|1|0.1|1",
"P|Part|456.5893,101.2399,105.9073,0,0,-1,-0.9456,-0.3253,0,-0.3253,0.9456,0|0.8529,0.453,4.8188|0.9725,0.9725,0.9725|256|0|1|1|1|1|0|1",
"P|Part|-227.0633,86.7928,165.9968,0,0,1,0,1,0,-1,0,0|2.4348,6.087,1.2174|0.8745,0.8745,0.8706|256|0|1|1|1|1|0|1",
"P|Part|108.404,146.4309,18.0511,0,0,1,0,-1,0,1,0,0|0.467,0.2547,0.9339|0.9373,0.7216,0.2196|256|0|1|1|1|1|0.1|1",
"P|Part|332.0445,152.7408,139.4229,0,0,1,0,-1,0,1,0,0|0.0481,0.6156,1.616|0.9373,0.7216,0.2196|256|0|1|1|1|1|0.1|1",
"P|Part|-183.2368,143.402,170.8664,0,0,1,0,1,0,-1,0,0|2.4348,4.8696,1.2174|0.8745,0.8745,0.8706|256|0|1|1|1|1|0|1",
"P|Part|456.5893,130.9014,32.3844,0,0,-1,-0.4006,0.9162,0,0.9162,0.4006,0|0.5199,0.8181,4.424|0.9373,0.7216,0.2196|256|0|1|1|1|1|0.1|1",
"P|Part|-88.8882,115.6452,21.2234,1,0,0,0,1,0,0,0,1|2.1426,51.6178,1.0713|0.8745,0.8745,0.8706|256|0|1|1|1|1|0|1",
"P|Part|456.5893,134.5215,85.8947,0,0,-1,-0.2331,0.9725,0,0.9725,0.2331,0|0.8691,4.6011,3.0853|0.9725,0.9725,0.9725|256|0|1|1|1|1|0|1",
"U|CorinthianCapital|89.7451,156.0227,145.5145,-0.866,0,-0.5,0,1,0,0.5,0,-0.866|5.8439,10.4786,7.4869|0.9725,0.9725,0.9725|256|0|1|1|1|1|0|1",
"P|Part|456.5893,141.7555,60.8751,0,0,-1,-0.5185,-0.8551,0,-0.8551,0.5185,0|1.2816,6.7849,4.5497|0.9725,0.9725,0.9725|256|0|1|1|1|1|0|1",
"P|Part|456.5893,106.4194,55.2475,0,0,-1,-0.989,0.1481,0,0.1481,0.989,0|0.8691,4.6011,3.0853|0.9725,0.9725,0.9725|256|0|1|1|1|1|0|1",
"P|Part|409.6982,66.5821,13.7994,0.7071,0,-0.7071,0,1,0,0.7071,0,0.7071|0.0481,0.6156,1.616|0.9373,0.7216,0.2196|256|0|1|1|1|1|0.1|1",
"P|Part|456.5892,134.8565,68.3031,0,0,-1,-0.4294,-0.9031,0,-0.9031,0.4294,0|0.8529,0.4188,4.8188|0.9725,0.9725,0.9725|256|0|1|1|1|1|0|1",
"P|Part|383.5366,82.1805,144.7148,0,-1,0,1,0,0,0,0,1|2.0061,3.0129,3.01|0.9373,0.7216,0.2196|256|0|1|1|1|1|0.1|1",
"P|Part|456.5894,128.1708,32.8263,0,0,-1,0.9342,0.3568,0,0.3568,-0.9342,0|0.8691,3.107,3.0853|0.9725,0.9725,0.9725|256|0|1|1|1|1|0.1|1",
"P|Part|287.3438,163.1526,18.0511,0,0,1,0,-1,0,1,0,0|0.467,0.2547,0.9339|0.9373,0.7216,0.2196|256|0|1|1|1|1|0.1|1",
"P|Part|456.589,110.8918,130.6008,0,0,-1,0.9999,-0.015,0,-0.015,-0.9999,0|0.8691,3.107,3.0853|0.9725,0.9725,0.9725|256|0|1|1|1|1|0.1|1",
"P|Part|214.1422,113.527,18.0568,0,1,0,1,0,0,0,0,-1|94.9076,1.5065,1.5065|0.9373,0.7216,0.2196|256|0|1|1|1|1|0.1|1",
"P|Part|-88.8882,143.402,115.4746,-1,0,0,0,1,0,0,0,-1|2.4348,4.8696,1.2174|0.8745,0.8745,0.8706|256|0|1|1|1|1|0|1",
"P|Part|456.5894,125.3619,31.8472,0,0,-1,0.9535,0.3012,0,0.3012,-0.9535,0|0.8691,3.107,3.0853|0.9725,0.9725,0.9725|256|0|1|1|1|1|0.1|1",
"P|Part|-91.9317,86.7928,39.387,0,0,-1,0,1,0,1,0,0|2.4348,6.087,1.2174|0.8745,0.8745,0.8706|256|0|1|1|1|1|0|1",
"P|Part|357.4164,110.2127,144.7091,0,-1,0,1,0,0,0,0,1|88.2791,1.5065,1.5065|0.9373,0.7216,0.2196|256|0|1|1|1|1|0.1|1",
"P|Part|456.5893,84.2089,106.4255,0,0,-1,-0.7131,-0.7011,0,-0.7011,0.7131,0|1.2816,6.7849,4.5497|0.9725,0.9725,0.9725|256|0|1|1|1|1|0|1",
"P|Part|456.589,90.8897,63.9737,0,0,-1,0.6411,-0.7674,0,-0.7674,-0.6411,0|0.8691,4.6011,3.0853|0.9725,0.9725,0.9725|256|0|1|1|1|1|0|1",
"P|Part|456.5896,160.2705,73.5433,0,0,-1,0.1287,0.9917,0,0.9917,-0.1287,0|0.8691,3.107,3.0853|0.9725,0.9725,0.9725|256|0|1|1|1|1|0.1|1",
"P|Part|456.589,161.3356,89.1002,0,0,-1,0.9849,0.173,0,0.173,-0.9849,0|0.5199,0.8181,4.424|0.9373,0.7216,0.2196|256|0|1|1|1|1|0.1|1",
"P|Part|456.5896,94.5875,129.8147,0,0,-1,0.2968,-0.9549,0,-0.9549,-0.2968,0|0.5199,0.8181,4.424|0.9373,0.7216,0.2196|256|0|1|1|1|1|0.1|1",
"P|Part|456.5897,133.537,112.9244,0,0,-1,0.8147,-0.5799,0,-0.5799,-0.8147,0|1.2578,0.6176,7.1059|0.9725,0.9725,0.9725|256|0|1|1|1|1|0|1",
"P|Part|456.5894,112.1909,107.3308,0,0,-1,0.9972,-0.0751,0,-0.0751,-0.9972,0|0.8529,0.4188,4.8188|0.9725,0.9725,0.9725|256|0|1|1|1|1|0|1",
"P|Part|456.5893,87.7489,125.3898,0,0,-1,0.8967,0.4427,0,0.4427,-0.8967,0|0.8691,3.107,3.0853|0.9725,0.9725,0.9725|256|0|1|1|1|1|0.1|1",
"P|Part|-108.3666,115.6452,172.1812,1,0,0,0,1,0,0,0,1|2.1426,51.6178,1.0713|0.8745,0.8745,0.8706|256|0|1|1|1|1|0|1",
"P|Part|456.589,78.513,99.2287,0,0,-1,-0.5185,-0.8551,0,-0.8551,0.5185,0|1.2816,6.7849,4.5497|0.9725,0.9725,0.9725|256|0|1|1|1|1|0|1",
"P|Part|456.5896,114.1817,120.1943,0,0,-1,0.995,-0.1003,0,-0.1003,-0.995,0|1.2578,0.6176,7.1059|0.9725,0.9725,0.9725|256|0|1|1|1|1|0|1",
"P|Part|388.8093,118.1851,18.0568,0,-1,0,1,0,0,0,0,1|2.0061,3.0129,3.01|0.9373,0.7216,0.2196|256|0|1|1|1|1|0.1|1",
"P|Part|-108.3666,86.7928,-2.6134,1,0,0,0,1,0,0,0,1|2.4348,6.087,1.2174|0.8745,0.8745,0.8706|256|0|1|1|1|1|0|1",
"P|Part|456.5894,145.5096,43.9377,0,0,-1,0.7144,0.6998,0,0.6998,-0.7144,0|0.8691,3.107,3.0853|0.9725,0.9725,0.9725|256|0|1|1|1|1|0.1|1",
"P|Object.c916|-193.9073,113.6424,83.6384,0,0,1,0,1,0,-1,0,0|1.4573,0.0246,3.0289|0.9373,0.7216,0.2196|256|0|1|1|1|1|0|1",
"P|Part|415.9651,153.3564,22.3513,-0.7071,0,0.7071,0,1,0,-0.7071,0,-0.7071|0.0481,0.6156,1.616|0.9373,0.7216,0.2196|256|0|1|1|1|1|0.1|1",
"P|Part|253.0438,152.7408,149.9476,0,0,1,0,-1,0,1,0,0|0.0481,0.6156,1.616|0.9373,0.7216,0.2196|256|0|1|1|1|1|0.1|1",
"P|Part|-86.4534,86.7928,147.127,1,0,0,0,1,0,0,0,1|2.4348,6.087,1.2174|0.8745,0.8745,0.8706|256|0|1|1|1|1|0|1",
"P|Part|456.5894,123.6564,118.062,0,0,-1,0.9422,-0.3351,0,-0.3351,-0.9422,0|1.2578,0.6176,7.1059|0.9725,0.9725,0.9725|256|0|1|1|1|1|0|1",
"P|Part|-86.7456,115.6452,117.0572,-1,0,0,0,1,0,0,0,-1|2.1426,51.6178,1.0713|0.8745,0.8745,0.8706|256|0|1|1|1|1|0|1",
"P|Part|456.5893,127.0124,58.5329,0,0,-1,0.7868,0.6172,0,0.6172,-0.7868,0|0.8529,0.453,4.8188|0.9725,0.9725,0.9725|256|0|1|1|1|1|0|1",
"P|Part|413.6606,65.9665,139.4228,0,0,-1,0,-1,0,-1,0,0|0.0481,0.6156,1.616|0.9373,0.7216,0.2196|256|0|1|1|1|1|0.1|1",
"P|Part|-108.3666,86.7928,172.6925,1,0,0,0,1,0,0,0,1|2.4348,6.087,1.2174|0.8745,0.8745,0.8706|256|0|1|1|1|1|0|1",
"P|Part|456.589,112.1304,28.0631,0,0,-1,0.0401,-0.9992,0,-0.9992,-0.0401,0|0.5199,0.8181,4.424|0.9373,0.7216,0.2196|256|0|1|1|1|1|0.1|1",
"P|Part|456.5894,128.7964,100.0666,0,0,-1,0.7315,-0.6819,0,-0.6819,-0.7315,0|0.8529,0.4188,4.8188|0.9725,0.9725,0.9725|256|0|1|1|1|1|0|1",
"P|Part|287.9618,118.1851,18.0511,0,1,0,1,0,0,0,0,-1|2.0061,3.0129,3.01|0.9373,0.7216,0.2196|256|0|1|1|1|1|0.1|1",
"P|Part|456.5893,81.8124,51.3416,0,0,-1,0.7118,-0.7024,0,-0.7024,-0.7118,0|1.2578,0.668,7.1059|0.9725,0.9725,0.9725|256|0|1|1|1|1|0|1",
"P|Part|352.1438,150.9791,144.7091,0,1,0,1,0,0,0,0,-1|2.2924,0.5094,0.467|0.9373,0.7216,0.2196|256|0|1|1|1|1|0.1|1",
"P|Part|250.6982,152.7408,140.4576,-0.7071,0,-0.7071,0,-1,0,-0.7071,0,0.7071|0.0481,0.6156,1.616|0.9373,0.7216,0.2196|256|0|1|1|1|1|0.1|1",
"P|Part|-183.8456,86.7928,-9.9178,-1,0,0,0,1,0,0,0,-1|2.4348,6.087,1.2174|0.8745,0.8745,0.8706|256|0|1|1|1|1|0|1",
"P|Part|261.5985,139.078,18.0511,0,1,0,1,0,0,0,0,-1|2.2924,0.5094,0.467|0.9373,0.7216,0.2196|256|0|1|1|1|1|0.1|1",
"P|Part|456.5893,105.828,120.1642,0,0,-1,0.9943,0.1068,0,0.1068,-0.9943,0|1.2578,0.6176,7.1059|0.9725,0.9725,0.9725|256|0|1|1|1|1|0|1",
"P|Part|456.5892,108.898,117.015,0,0,-1,-0.9994,-0.0335,0,-0.0335,0.9994,0|1.2816,6.7849,4.5497|0.9725,0.9725,0.9725|256|0|1|1|1|1|0|1",
"P|Part|257.2178,152.8554,22.1795,0.7071,0,0.7071,0,-1,0,0.7071,0,-0.7071|0.0302,0.3862,1.0138|0.4196,0.1961,0.4863|256|0|1|1|1|1|0.1|1",
"P|Part|412.0445,152.7408,12.765,0,0,1,0,-1,0,1,0,0|0.0481,0.6156,1.616|0.9373,0.7216,0.2196|256|0|1|1|1|1|0.1|1",
"P|Part|18.9404,84.114,80.8627,0,-0.7071,0.7071,-1,0,0,0,-0.7071,-0.7071|0.1498,0.3434,2.189|0.9373,0.7216,0.2196|256|0|1|1|1|1|0.1|1",
"P|Part|-157.0627,86.7928,-11.1352,-1,0,0,0,1,0,0,0,-1|2.4348,6.087,1.2174|0.8745,0.8745,0.8706|256|0|1|1|1|1|0|1",
"P|Part|253.8539,155.7692,144.7121,0,1,0,1,0,0,0,0,-1|0.4577,12.0518,12.0518|0.9373,0.7216,0.2196|256|0|1|1|1|1|0.1|1",
"P|Part|456.5894,144.8531,116.8138,0,0,-1,-0.727,0.6867,0,0.6867,0.727,0|0.8691,3.107,3.0853|0.9725,0.9725,0.9725|256|0|1|1|1|1|0.1|1",
"P|Part|456.5894,93.6177,43.2585,0,0,-1,0.9122,-0.4096,0,-0.4096,-0.9123,0|1.2578,0.668,7.1059|0.9725,0.9725,0.9725|256|0|1|1|1|1|0|1",
"P|Part|193.1438,118.1851,144.7091,0,1,0,1,0,0,0,0,-1|2.0061,3.0129,3.01|0.9373,0.7216,0.2196|256|0|1|1|1|1|0.1|1",
"P|Part|-208.1936,86.7928,-3.8308,1,0,0,0,1,0,0,0,1|2.4348,6.087,1.2174|0.8745,0.8745,0.8706|256|0|1|1|1|1|0|1",
"P|Part|456.589,155.2074,54.1688,0,0,-1,0.8673,-0.4978,0,-0.4978,-0.8673,0|0.5199,0.8181,4.424|0.9373,0.7216,0.2196|256|0|1|1|1|1|0.1|1",
"P|Part|456.5896,139.1342,36.9056,0,0,-1,0.5587,-0.8294,0,-0.8294,-0.5587,0|0.5199,0.8181,4.424|0.9373,0.7216,0.2196|256|0|1|1|1|1|0.1|1",
"P|Part|456.5894,138.9627,38.526,0,0,-1,0.8214,0.5703,0,0.5703,-0.8214,0|0.8691,3.107,3.0853|0.9725,0.9725,0.9725|256|0|1|1|1|1|0.1|1",
"P|Part|456.589,89.5853,32.2056,0,0,-1,-0.3928,-0.9196,0,-0.9196,0.3928,0|0.5199,0.8181,4.424|0.9373,0.7216,0.2196|256|0|1|1|1|1|0.1|1",
"P|Part|412.8539,155.7692,18.0542,0,1,0,1,0,0,0,0,-1|0.4577,12.0518,12.0518|0.9373,0.7216,0.2196|256|0|1|1|1|1|0.1|1",
"P|Part|-214.8893,86.7928,-6.8743,0,0,-1,0,1,0,1,0,0|2.4348,6.087,1.2174|0.8745,0.8745,0.8706|256|0|1|1|1|1|0|1",
"P|Part|-135.3929,115.6452,166.2889,0,0,-1,0,1,0,1,0,0|2.1426,51.6178,1.0713|0.8745,0.8745,0.8706|256|0|1|1|1|1|0|1",
"P|Object.f712|-193.9967,133.025,88.0774,0,0,1,0,1,0,-1,0,0|2.4344,2.4344,2.4344|0.9373,0.7216,0.2196|256|0|1|1|1|1|0|1",
"P|Part|108.8712,82.1805,144.7091,0,1,0,1,0,0,0,0,-1|2.0061,3.0129,3.01|0.9373,0.7216,0.2196|256|0|1|1|1|1|0.1|1",
"P|Part|253.3455,152.8554,150.0042,0,0,1,0,-1,0,1,0,0|0.0302,0.3862,1.0138|0.4196,0.1961,0.4863|256|0|1|1|1|1|0.1|1",
"P|Part|249.5552,65.9665,141.6,0.7071,0,0.7071,0,-1,0,0.7071,0,-0.7071|0.0481,0.6156,1.616|0.9373,0.7216,0.2196|256|0|1|1|1|1|0.1|1",
"P|Part|456.589,161.8609,75.0428,0,0,-1,-0.9953,0.0969,0,0.0969,0.9953,0|0.5199,0.8181,4.424|0.9373,0.7216,0.2196|256|0|1|1|1|1|0.1|1",
"P|Part|407.6157,152.7408,143.9217,-1,0,0,0,-1,0,0,0,1|0.0481,0.6156,1.616|0.9373,0.7216,0.2196|256|0|1|1|1|1|0.1|1",
"P|Part|-92.5404,147.1759,147.0053,0,0,-1,0,1,0,1,0,0|2.9218,2.6783,1.4609|0.8745,0.8745,0.8706|256|0|1|1|1|1|0|1",
"P|Part|20.6881,78.7081,87.279,0,0,-1,-1,0,0,0,1,0|0.283,0.6488,4.1363|0.9373,0.7216,0.2196|256|0|1|1|1|1|0.1|1",
"P|Part|452.4374,133.0923,117.1626,-1,0,0,0,0.866,-0.5,0,-0.5,-0.866|0.2283,2.9223,7.6709|0.9373,0.7216,0.2196|256|0|1|1|1|1|0.1|1",
"U|CorinthianCapital|83.4019,149.3139,138.2578,0,0,-1,0.2588,0.9659,0,0.9659,-0.2588,0|2.0992,5.5728,2.2216|0.9725,0.9725,0.9725|256|0|1|1|1|1|0|1",
"P|Part|456.589,134.0077,66.6716,0,0,-1,-0.4889,-0.8724,0,-0.8724,0.4889,0|0.8529,0.4188,4.8188|0.9725,0.9725,0.9725|256|0|1|1|1|1|0|1",
"P|Part|250.4465,152.8554,140.6321,-0.7071,0,-0.7071,0,-1,0,-0.7071,0,0.7071|0.0302,0.3862,1.0138|0.4196,0.1961,0.4863|256|0|1|1|1|1|0.1|1",
"P|Part|336.2178,66.0812,148.8376,0.7071,0,0.7071,0,-1,0,0.7071,0,-0.7071|0.0302,0.3862,1.0138|0.4196,0.1961,0.4863|256|0|1|1|1|1|0.1|1",
"P|Part|456.5893,90.9696,63.8743,0,0,-1,-0.6451,0.7641,0,0.7641,0.6451,0|0.8691,4.6011,3.0853|0.9725,0.9725,0.9725|256|0|1|1|1|1|0|1",
"P|Part|338.0926,152.7408,17.264,-1,0,0,0,-1,0,0,0,1|0.0481,0.6156,1.616|0.9373,0.7216,0.2196|256|0|1|1|1|1|0.1|1",
"P|Part|327.5603,152.8554,145.2376,1,0,0,0,-1,0,0,0,-1|0.0302,0.3862,1.0138|0.4196,0.1961,0.4863|256|0|1|1|1|1|0.1|1",
"P|Part|170.7474,66.4674,21.4347,0.7071,0,0.7071,0,1,0,-0.7071,0,0.7071|0.0302,0.3862,1.0138|0.4196,0.1961,0.4863|256|0|1|1|1|1|0.1|1",
"P|Part|456.5894,141.1393,54.26,0,0,-1,0.6395,0.7688,0,0.7688,-0.6395,0|1.2578,0.668,7.1059|0.9725,0.9725,0.9725|256|0|1|1|1|1|0|1",
"P|Part|456.5889,105.2634,131.94,0,0,-1,0.0918,-0.9958,0,-0.9958,-0.0918,0|0.5199,0.8181,4.424|0.9373,0.7216,0.2196|256|0|1|1|1|1|0.1|1",
"P|Part|140.264,82.1805,144.7148,0,-1,0,1,0,0,0,0,1|2.0061,3.0129,3.01|0.9373,0.7216,0.2196|256|0|1|1|1|1|0.1|1",
"P|Part|456.5892,124.6642,130.0687,0,0,-1,-0.2808,-0.9598,0,-0.9598,0.2808,0|0.5199,0.8181,4.424|0.9373,0.7216,0.2196|256|0|1|1|1|1|0.1|1",
"P|Part|418.0398,67.1523,80.3452,0,-0.4226,-0.9063,0,0.9063,-0.4226,1,0,0|72.2891,0.3719,30.0095|0.9373,0.7216,0.2196|256|1|1|1|1|1|0|1",
"P|Part|456.589,153.8872,105.3829,0,0,-1,-0.501,0.8654,0,0.8654,0.501,0|0.8691,3.107,3.0853|0.9725,0.9725,0.9725|256|0|1|1|1|1|0.1|1",
"P|Part|456.5894,152.8079,107.162,0,0,-1,-0.5362,0.8441,0,0.8441,0.5362,0|0.8691,3.107,3.0853|0.9725,0.9725,0.9725|256|0|1|1|1|1|0.1|1",
"U|CorinthianCapital|89.7446,156.0227,16.5145,-0.866,0,-0.5,0,1,0,0.5,0,-0.866|5.8439,10.4786,7.4869|0.9725,0.9725,0.9725|256|0|1|1|1|1|0|1",
"P|Part|418.0926,65.9665,143.922,-1,0,0,0,-1,0,0,0,1|0.0481,0.6156,1.616|0.9373,0.7216,0.2196|256|0|1|1|1|1|0.1|1",
"P|Part|456.589,144.8717,43.3137,0,0,-1,0.7266,0.6871,0,0.6871,-0.7266,0|0.8691,3.107,3.0853|0.9725,0.9725,0.9725|256|0|1|1|1|1|0.1|1",
"P|Part|124.6891,159.114,144.7091,0,1,0,1,0,0,0,0,-1|2.2924,0.5094,0.467|0.9373,0.7216,0.2196|256|0|1|1|1|1|0.1|1",
"P|Part|-88.8882,115.6452,172.1812,1,0,0,0,1,0,0,0,1|2.1426,51.6178,1.0713|0.8745,0.8745,0.8706|256|0|1|1|1|1|0|1",
"P|Part|-91.9317,143.402,15.039,0,0,-1,0,1,0,1,0,0|2.4348,4.8696,1.2174|0.8745,0.8745,0.8706|256|0|1|1|1|1|0|1",
"P|Part|338.0681,109.5029,15.9142,0,0.7071,0.7071,1,0,0,0,0.7071,-0.7071|92.9902,0.6058,0.6058|0.9373,0.7216,0.2196|256|0|1|1|1|1|0.1|1",
"P|Part|456.5892,115.3264,28.293,0,0,-1,-0.1015,0.9948,0,0.9948,0.1015,0|0.5199,0.8181,4.424|0.9373,0.7216,0.2196|256|0|1|1|1|1|0.1|1",
"P|Object.9b1a|-186.5856,94.4704,74.53,0,0,1,0,1,0,-1,0,0|0.1967,0.4945,17.2214|0.8353,0.451,0.2392|256|0|1|1|1|1|0|1",
"P|Part|-207.5849,143.402,-4.4395,0,0,1,0,1,0,-1,0,0|2.4348,4.8696,1.2174|0.8745,0.8745,0.8706|256|0|1|1|1|1|0|1",
"P|Part|456.5892,135.1632,81.6314,0,0,-1,0.0631,-0.998,0,-0.998,-0.0631,0|0.8691,4.6011,3.0853|0.9725,0.9725,0.9725|256|0|1|1|1|1|0|1",
"P|Part|456.5894,134.0997,126.2812,0,0,-1,0.4619,0.8869,0,0.8869,-0.4619,0|0.5199,0.8181,4.424|0.9373,0.7216,0.2196|256|0|1|1|1|1|0.1|1",
"P|Part|456.5893,147.7067,65.3293,0,0,-1,-0.3648,-0.9311,0,-0.9311,0.3648,0|1.2578,0.6176,7.1059|0.9725,0.9725,0.9725|256|0|1|1|1|1|0|1",
"P|Part|-86.7456,115.6452,141.4052,-1,0,0,0,1,0,0,0,-1|2.1426,51.6178,1.0713|0.8745,0.8745,0.8706|256|0|1|1|1|1|0|1",
"P|Part|-112.6275,86.7928,-6.8743,0,0,-1,0,1,0,1,0,0|2.4348,6.087,1.2174|0.8745,0.8745,0.8706|256|0|1|1|1|1|0|1",
"P|Part|168.1335,77.2092,144.7136,0,0,1,0,1,0,-1,0,0|3.0129,4.7177,3.0129|0.9373,0.7216,0.2196|256|0|1|1|1|1|0.1|1",
"P|Part|-230.1068,84.9667,168.4316,1,0,0,0,1,0,0,0,1|12.174,2.4348,12.174|0.8745,0.8745,0.8706|256|0|1|1|1|1|0|1",
"P|Part|456.5894,150.1417,74.7795,0,0,-1,-0.1306,-0.9914,0,-0.9914,0.1306,0|1.2578,0.6176,7.1059|0.9725,0.9725,0.9725|256|0|1|1|1|1|0|1",
"P|Part|-91.0308,115.6452,146.7618,1,0,0,0,1,0,0,0,1|2.1426,51.6178,1.0713|0.8745,0.8745,0.8706|256|0|1|1|1|1|0|1",
"P|Part.a596|-186.5856,94.4704,72.5593,0,0,1,0,1,0,-1,0,0|0.1967,0.4945,17.2214|0.8353,0.451,0.2392|256|0|1|1|1|1|0|1",
"P|Part|456.5893,116.809,55.8744,0,0,-1,-0.9639,-0.2661,0,-0.2661,0.9639,0|0.8691,4.6011,3.0853|0.9725,0.9725,0.9725|256|0|1|1|1|1|0|1",
"P|Part|456.5896,139.1479,121.4645,0,0,-1,-0.819,0.5738,0,0.5738,0.819,0|0.8691,3.107,3.0853|0.9725,0.9725,0.9725|256|0|1|1|1|1|0.1|1",
"P|Part|169.6153,66.5821,143.9217,1,0,0,0,1,0,0,0,1|0.0481,0.6156,1.616|0.9373,0.7216,0.2196|256|0|1|1|1|1|0.1|1",
"P|Part|456.5894,113.2519,52.8805,0,0,-1,0.9935,0.1139,0,0.1139,-0.9935,0|0.8529,0.453,4.8188|0.9725,0.9725,0.9725|256|0|1|1|1|1|0|1",
"P|Part|456.5892,151.8974,49.1242,0,0,-1,-0.8039,0.5948,0,0.5948,0.8039,0|0.5199,0.8181,4.424|0.9373,0.7216,0.2196|256|0|1|1|1|1|0.1|1",
"P|Part|-226.4546,147.1759,-9.7961,0,0,1,0,1,0,-1,0,0|2.9218,2.6783,1.4609|0.8745,0.8745,0.8706|256|0|1|1|1|1|0|1",
"P|Part|456.589,91.8795,116.0313,0,0,-1,0.8918,0.4525,0,0.4525,-0.8918,0|1.2578,0.6176,7.1059|0.9725,0.9725,0.9725|256|0|1|1|1|1|0|1",
"P|Part|23.3201,78.2,85.242,0,0.7071,-0.7071,-1,0,0,0,0.7071,0.7071|0.2256,0.5172,3.2973|0.9373,0.7216,0.2196|256|0|1|1|1|1|0.1|1",
"P|Part|108.8712,82.1805,18.0511,0,1,0,1,0,0,0,0,-1|2.0061,3.0129,3.01|0.9373,0.7216,0.2196|256|0|1|1|1|1|0.1|1",
"P|Part|456.5893,101.7889,103.7011,0,0,-1,-0.943,-0.3328,0,-0.3328,0.943,0|0.8691,4.6011,3.0853|0.9725,0.9725,0.9725|256|0|1|1|1|1|0|1",
"P|Part|-227.672,86.7928,20.5173,1,0,0,0,1,0,0,0,1|2.4348,6.087,1.2174|0.8745,0.8745,0.8706|256|0|1|1|1|1|0|1",
"P|Part|-233.8564,115.6452,-6.8743,0,0,-1,0,1,0,1,0,0|2.1426,51.6178,1.0713|0.8745,0.8745,0.8706|256|0|1|1|1|1|0|1",
"P|Part|456.5894,135.7304,125.3947,0,0,-1,0.4933,0.8699,0,0.8699,-0.4933,0|0.5199,0.8181,4.424|0.9373,0.7216,0.2196|256|0|1|1|1|1|0.1|1",
"P|Part|456.5894,98.0901,104.6152,0,0,-1,0.8979,0.4403,0,0.4403,-0.8979,0|0.8529,0.4188,4.8188|0.9725,0.9725,0.9725|256|0|1|1|1|1|0|1",
"P|Part|-86.4534,86.7928,20.5173,1,0,0,0,1,0,0,0,1|2.4348,6.087,1.2174|0.8745,0.8745,0.8706|256|0|1|1|1|1|0|1",
"P|Part|161.3546,82.1805,144.7148,0,-1,0,1,0,0,0,0,1|2.0061,3.0129,3.01|0.9373,0.7216,0.2196|256|0|1|1|1|1|0.1|1",
"P|Part|-183.3586,147.1759,-10.5265,-1,0,0,0,1,0,0,0,-1|2.9218,2.6783,1.4609|0.8745,0.8745,0.8706|256|0|1|1|1|1|0|1",
"P|Part|198.4164,110.2127,144.7091,0,-1,0,1,0,0,0,0,1|88.2791,1.5065,1.5065|0.9373,0.7216,0.2196|256|0|1|1|1|1|0.1|1",
"P|Part|456.5892,147.1806,45.6428,0,0,-1,0.6805,0.7327,0,0.7327,-0.6805,0|0.8691,3.107,3.0853|0.9725,0.9725,0.9725|256|0|1|1|1|1|0.1|1",
"P|Part|-186.2803,150.6455,168.4316,-1,0,0,0,-1,0,0,0,1|14.6088,0.8522,14.6088|0.8745,0.8745,0.8706|256|0|1|1|1|1|0|1",
"P|Part|456.589,95.1507,100.161,0,0,-1,-0.8018,-0.5975,0,-0.5975,0.8018,0|0.8691,4.6011,3.0853|0.9725,0.9725,0.9725|256|0|1|1|1|1|0|1",
"P|Part|456.5896,76.8094,102.7514,0,0,-1,-0.563,-0.8264,0,-0.8265,0.563,0|1.2578,0.668,7.1059|0.9725,0.9725,0.9725|256|0|1|1|1|1|0|1",
"P|Part|-234.3677,86.7928,119.7355,0,0,-1,0,1,0,1,0,0|2.4348,6.087,1.2174|0.8745,0.8745,0.8706|256|0|1|1|1|1|0|1",
"P|Part|182.5985,102.0025,144.709,0,-1,0,1,0,0,0,0,1|71.8586,1.5065,1.5065|0.9373,0.7216,0.2196|256|0|1|1|1|1|0.1|1",
"P|Part|175.3595,66.0812,139.3673,0,0,-1,0,-1,0,-1,0,0|0.0302,0.3862,1.0138|0.4196,0.1961,0.4863|256|0|1|1|1|1|0.1|1",
"P|Part|456.5894,157.4082,58.4762,0,0,-1,-0.9098,0.4151,0,0.4151,0.9098,0|0.5199,0.8181,4.424|0.9373,0.7216,0.2196|256|0|1|1|1|1|0.1|1",
"P|Part|456.5893,114.3415,107.0853,0,0,-1,0.9881,-0.1537,0,-0.1537,-0.9881,0|0.8529,0.4188,4.8188|0.9725,0.9725,0.9725|256|0|1|1|1|1|0|1",
"P|Part|456.5893,147.8084,94.5106,0,0,-1,0.3584,-0.9336,0,-0.9336,-0.3584,0|1.2578,0.6176,7.1059|0.9725,0.9725,0.9725|256|0|1|1|1|1|0|1",
"P|Part|175.6606,65.9665,139.4228,0,0,-1,0,-1,0,-1,0,0|0.0481,0.6156,1.616|0.9373,0.7216,0.2196|256|0|1|1|1|1|0.1|1",
"P|Part|388.8093,118.1851,144.7148,0,0,-1,0,1,0,1,0,0|3.0129,1.4035,31.6359|0.9373,0.7216,0.2196|256|0|1|1|1|1|0.1|1",
"P|Part|456.5892,131.5806,45.901,0,0,-1,0.8469,0.5318,0,0.5318,-0.8469,0|1.2578,0.668,7.1059|0.9725,0.9725,0.9725|256|0|1|1|1|1|0|1",
"P|Part|456.5892,101.091,105.8727,0,0,-1,0.9438,0.3306,0,0.3306,-0.9438,0|0.8529,0.4188,4.8188|0.9725,0.9725,0.9725|256|0|1|1|1|1|0|1",
"P|Part|456.589,158.1019,100.1555,0,0,-1,0.9228,0.3853,0,0.3853,-0.9228,0|0.5199,0.8181,4.424|0.9373,0.7216,0.2196|256|0|1|1|1|1|0.1|1",
"P|Part|-85.1386,115.6452,41.8218,0,0,1,0,1,0,-1,0,0|2.1426,51.6178,1.0713|0.8745,0.8745,0.8706|256|0|1|1|1|1|0|1",
"P|Part|332.8527,109.5029,140.5949,0,0,1,-1,0,0,0,-1,0|92.9901,2.157,4.3139|1,1,1|256|0|1|1|1|1|0|1",
"P|Part|456.5893,121.6569,57.7779,0,0,-1,-0.8882,-0.4595,0,-0.4595,0.8882,0|0.8691,4.6011,3.0853|0.9725,0.9725,0.9725|256|0|1|1|1|1|0|1",
"P|Part|456.5892,122.7268,29.5902,0,0,-1,0.2436,-0.9699,0,-0.9699,-0.2436,0|0.5199,0.8181,4.424|0.9373,0.7216,0.2196|256|0|1|1|1|1|0.1|1",
"P|Part|248.5606,66.4674,144.224,1,0,0,0,1,0,0,0,1|0.0302,0.3862,1.0138|0.4196,0.1961,0.4863|256|0|1|1|1|1|0.1|1",
"P|Part|114.6106,152.0048,144.7091,0,0,-1,0,-1,0,-1,0,0|0.467,0.2547,0.9339|0.9373,0.7216,0.2196|256|0|1|1|1|1|0.1|1",
"P|Part|456.5892,90.8634,126.797,0,0,-1,0.9245,0.3811,0,0.3811,-0.9245,0|0.8691,3.107,3.0853|0.9725,0.9725,0.9725|256|0|1|1|1|1|0.1|1",
"P|Part|180.0607,109.5029,20.233,0,0.7071,0.7071,1,0,0,0,0.7071,-0.7071|92.9902,0.6058,0.6058|0.9373,0.7216,0.2196|256|0|1|1|1|1|0.1|1",
"P|Part|328.5552,152.7408,14.9421,0.7071,0,0.7071,0,-1,0,0.7071,0,-0.7071|0.0481,0.6156,1.616|0.9373,0.7216,0.2196|256|0|1|1|1|1|0.1|1",
"P|Part|456.589,80.7864,102.5552,0,0,-1,-0.6084,-0.7936,0,-0.7936,0.6084,0|1.2816,6.7849,4.5497|0.9725,0.9725,0.9725|256|0|1|1|1|1|0|1",
"P|Part|456.5894,135.0555,77.1899,0,0,-1,-0.1142,-0.9935,0,-0.9935,0.1142,0|0.8691,4.6011,3.0853|0.9725,0.9725,0.9725|256|0|1|1|1|1|0|1",
"P||-232.7851,115.6452,170.5742,0,0,-1,0,1,0,1,0,0|2.1426,51.6178,1.0713|0.8745,0.8745,0.8706|256|0|1|1|1|1|0|1",
"P|Part|319.8217,143.0838,18.0569,0,0,-1,0,1,0,1,0,0|0.467,5.7054,0.9339|0.9373,0.7216,0.2196|256|0|1|1|1|1|0.1|1",
"P|Part|-227.4285,115.6452,-4.7316,0,0,1,0,1,0,-1,0,0|2.1426,51.6178,1.0713|0.8745,0.8745,0.8706|256|0|1|1|1|1|0|1",
"P|Part|456.5893,96.2189,29.8859,0,0,-1,-0.2654,-0.9641,0,-0.9641,0.2654,0|0.5199,0.8181,4.424|0.9373,0.7216,0.2196|256|0|1|1|1|1|0.1|1",
"P|Part|456.5892,151.7032,51.2821,0,0,-1,0.5691,0.8223,0,0.8223,-0.5691,0|0.8691,3.107,3.0853|0.9725,0.9725,0.9725|256|0|1|1|1|1|0.1|1",
"P|Part|456.5893,159.7796,89.6015,0,0,-1,-0.1889,0.982,0,0.982,0.1889,0|0.8691,3.107,3.0853|0.9725,0.9725,0.9725|256|0|1|1|1|1|0.1|1",
"P|Part|257.9347,66.0812,21.4627,-0.7071,0,-0.7071,0,-1,0,-0.7071,0,0.7071|0.0302,0.3862,1.0138|0.4196,0.1961,0.4863|256|0|1|1|1|1|0.1|1",
"P|Part|456.5894,108.2442,116.987,0,0,-1,-0.9987,-0.0512,0,-0.0512,0.9987,0|1.2816,6.7849,4.5497|0.9725,0.9725,0.9725|256|0|1|1|1|1|0|1",
"P|Part|-86.7456,115.6452,122.4138,1,0,0,0,1,0,0,0,1|2.1426,51.6178,1.0713|0.8745,0.8745,0.8706|256|0|1|1|1|1|0|1",
"P|Part|456.5892,76.5566,95.5472,0,0,-1,-0.419,-0.908,0,-0.908,0.419,0|1.2816,6.7849,4.5497|0.9725,0.9725,0.9725|256|0|1|1|1|1|0|1",
"P|Part|456.5894,136.5021,110.5992,0,0,-1,0.757,-0.6534,0,-0.6534,-0.757,0|1.2578,0.6176,7.1059|0.9725,0.9725,0.9725|256|0|1|1|1|1|0|1",
"P|Part|-85.9664,147.1759,-10.5265,-1,0,0,0,1,0,0,0,-1|2.9218,2.6783,1.4609|0.8745,0.8745,0.8706|256|0|1|1|1|1|0|1",
"P|Part|-135.7581,86.7928,170.8664,0,0,-1,0,1,0,1,0,0|2.4348,6.087,1.2174|0.8745,0.8745,0.8706|256|0|1|1|1|1|0|1",
"P|Part|-232.2495,115.6452,171.1099,1,0,0,0,1,0,0,0,1|2.1426,51.6178,1.0713|0.8745,0.8745,0.8706|256|0|1|1|1|1|0|1",
"P|Part|456.5892,93.4117,113.0386,0,0,-1,-0.8919,-0.4522,0,-0.4522,0.8919,0|1.2816,6.7849,4.5497|0.9725,0.9725,0.9725|256|0|1|1|1|1|0|1",
"P|Part|456.5894,143.8039,102.2943,0,0,-1,0.5512,-0.8343,0,-0.8343,-0.5512,0|1.2578,0.6176,7.1059|0.9725,0.9725,0.9725|256|0|1|1|1|1|0|1",
"P|Part|456.5892,89.6013,33.8458,0,0,-1,-0.9138,0.4061,0,0.4061,0.9138,0|0.8691,3.107,3.0853|0.9725,0.9725,0.9725|256|0|1|1|1|1|0.1|1",
"P|Part|456.5894,106.4275,39.8947,0,0,-1,0.9958,-0.092,0,-0.092,-0.9958,0|1.2578,0.668,7.1059|0.9725,0.9725,0.9725|256|0|1|1|1|1|0|1",
"P|Part|193.6106,152.0048,18.0511,0,0,-1,0,-1,0,-1,0,0|0.467,0.2547,0.9339|0.9373,0.7216,0.2196|256|0|1|1|1|1|0.1|1",
"P|Part|456.5893,70.159,74.7575,0,0,-1,0.1312,-0.9914,0,-0.9914,-0.1312,0|1.2578,0.668,7.1059|0.9725,0.9725,0.9725|256|0|1|1|1|1|0|1",
"P|Part|456.5892,87.247,126.9064,0,0,-1,0.4378,-0.8991,0,-0.8991,-0.4378,0|0.5199,0.8181,4.424|0.9373,0.7216,0.2196|256|0|1|1|1|1|0.1|1",
"P|Part|456.5894,144.5075,93.687,0,0,-1,-0.3687,0.9295,0,0.9295,0.3687,0|1.2816,6.7849,4.5497|0.9725,0.9725,0.9725|256|0|1|1|1|1|0|1",
"P|Part|456.5896,123.4747,118.1247,0,0,-1,0.9438,-0.3306,0,-0.3306,-0.9438,0|1.2578,0.6176,7.1059|0.9725,0.9725,0.9725|256|0|1|1|1|1|0|1",
"P|Part|283.1559,163.1198,144.7091,0,0,-1,0,1,0,1,0,0|0.467,5.7054,0.9339|0.9373,0.7216,0.2196|256|0|1|1|1|1|0.1|1",
"P|Part|298.7311,163.1198,18.0568,0,0,-1,0,1,0,1,0,0|0.467,5.7054,0.9339|0.9373,0.7216,0.2196|256|0|1|1|1|1|0.1|1",
"P|Part|456.5914,80.6007,92.1058,-1,0,0,0,1,0,0,0,-1|17.089,0.8534,0.9479|0.9373,0.7216,0.2196|256|0|1|1|1|1|0.1|1",
"P|Part|456.5893,93.3594,47.0918,0,0,-1,-0.8913,0.4535,0,0.4535,0.8913,0|1.2816,6.7849,4.5497|0.9725,0.9725,0.9725|256|0|1|1|1|1|0|1",
"P|Part|456.5893,161.938,75.7506,0,0,-1,0.9965,-0.0833,0,-0.0833,-0.9965,0|0.5199,0.8181,4.424|0.9373,0.7216,0.2196|256|0|1|1|1|1|0.1|1",
"P|Part|-135.7581,86.7928,-4.4395,0,0,-1,0,1,0,1,0,0|2.4348,6.087,1.2174|0.8745,0.8745,0.8706|256|0|1|1|1|1|0|1",
"P|Part|456.5896,161.772,74.202,0,0,-1,-0.9936,0.1131,0,0.1131,0.9936,0|0.5199,0.8181,4.424|0.9373,0.7216,0.2196|256|0|1|1|1|1|0.1|1",
"P|Part|297.7972,163.1198,144.7148,0,0,1,0,1,0,-1,0,0|0.467,5.7054,0.9339|0.9373,0.7216,0.2196|256|0|1|1|1|1|0.1|1",
"P|Part|456.5893,135.7912,89.5711,0,0,-1,0.348,-0.9375,0,-0.9375,-0.348,0|0.8529,0.4188,4.8188|0.9725,0.9725,0.9725|256|0|1|1|1|1|0|1",
"P|Part|456.5894,100.4731,54.464,0,0,-1,0.9355,-0.3534,0,-0.3534,-0.9355,0|0.8529,0.453,4.8188|0.9725,0.9725,0.9725|256|0|1|1|1|1|0|1",
"P|Part|456.5892,134.3219,92.8686,0,0,-1,0.4684,-0.8835,0,-0.8835,-0.4684,0|0.8529,0.4188,4.8188|0.9725,0.9725,0.9725|256|0|1|1|1|1|0|1",
"P|Part|456.5894,160.2708,86.5448,0,0,-1,-0.1284,0.9917,0,0.9917,0.1284,0|0.8691,3.107,3.0853|0.9725,0.9725,0.9725|256|0|1|1|1|1|0.1|1",
"P|Part|456.5892,140.4619,122.3461,0,0,-1,-0.5843,-0.8116,0,-0.8116,0.5843,0|0.5199,0.8181,4.424|0.9373,0.7216,0.2196|256|0|1|1|1|1|0.1|1",
"P|Part|357.4164,110.2127,18.0511,0,-1,0,1,0,0,0,0,1|88.2791,1.5065,1.5065|0.9373,0.7216,0.2196|256|0|1|1|1|1|0.1|1",
"P|Part|170.7474,152.8554,148.0926,-0.7071,0,0.7071,0,-1,0,0.7071,0,0.7071|0.0302,0.3862,1.0138|0.4196,0.1961,0.4863|256|0|1|1|1|1|0.1|1",
"P|Part|373.6089,163.1526,18.0569,0,0,-1,0,-1,0,-1,0,0|0.467,0.2547,0.9339|0.9373,0.7216,0.2196|256|0|1|1|1|1|0.1|1",
"P|Part|456.589,149.0699,114.5757,0,0,-1,0.7494,0.6621,0,0.6621,-0.7494,0|0.5199,0.8181,4.424|0.9373,0.7216,0.2196|256|0|1|1|1|1|0.1|1",
"P|Part|456.589,115.3119,43.4323,0,0,-1,-0.9901,-0.14,0,-0.14,0.9901,0|1.2816,6.7849,4.5497|0.9725,0.9725,0.9725|256|0|1|1|1|1|0|1",
"P|Part|456.5892,102.4542,119.6608,0,0,-1,0.9817,0.1904,0,0.1904,-0.9817,0|1.2578,0.6176,7.1059|0.9725,0.9725,0.9725|256|0|1|1|1|1|0|1",
"P|Part|-84.6273,143.402,-6.8743,0,0,1,0,1,0,-1,0,0|2.4348,4.8696,1.2174|0.8745,0.8745,0.8706|256|0|1|1|1|1|0|1",
"P|Part|456.589,148.9517,45.4793,0,0,-1,0.7472,-0.6646,0,-0.6646,-0.7472,0|0.5199,0.8181,4.424|0.9373,0.7216,0.2196|256|0|1|1|1|1|0.1|1",
"P|Part|329.716,65.9665,22.3241,0.7071,0,-0.7071,0,-1,0,-0.7071,0,-0.7071|0.0481,0.6156,1.616|0.9373,0.7216,0.2196|256|0|1|1|1|1|0.1|1",
"P|Part|-182.6281,147.1759,171.3533,0,0,1,0,1,0,-1,0,0|2.9218,2.6783,1.4609|0.8745,0.8745,0.8706|256|0|1|1|1|1|0|1",
"P|Part|378.7311,163.1198,144.7148,0,0,-1,0,1,0,1,0,0|0.467,5.7054,0.9339|0.9373,0.7216,0.2196|256|0|1|1|1|1|0.1|1",
"P|Part|456.5893,148.3685,67.1438,0,0,-1,-0.3198,-0.9475,0,-0.9475,0.3198,0|1.2578,0.6176,7.1059|0.9725,0.9725,0.9725|256|0|1|1|1|1|0|1",
"P|Part|456.5892,120.5844,105.3412,0,0,-1,0.9242,-0.3818,0,-0.3818,-0.9243,0|0.8529,0.4188,4.8188|0.9725,0.9725,0.9725|256|0|1|1|1|1|0|1",
"P|Part|456.5893,130.2601,95.0125,0,0,-1,0.5966,-0.8025,0,-0.8025,-0.5966,0|0.8691,4.6011,3.0853|0.9725,0.9725,0.9725|256|0|1|1|1|1|0|1",
"P|Part|-86.4534,86.7928,14.4303,-1,0,0,0,1,0,0,0,-1|2.4348,6.087,1.2174|0.8745,0.8745,0.8706|256|0|1|1|1|1|0|1",
"P|Part|456.5894,87.6333,64.5094,0,0,-1,0.5682,-0.8229,0,-0.8229,-0.5682,0|0.8529,0.453,4.8188|0.9725,0.9725,0.9725|256|0|1|1|1|1|0|1",
"P|Part|389.2764,152.0048,18.0568,0,0,-1,0,-1,0,-1,0,0|0.467,0.2547,0.9339|0.9373,0.7216,0.2196|256|0|1|1|1|1|0.1|1",
"P|Part|169.6153,65.9665,17.2638,-1,0,0,0,-1,0,0,0,1|0.0481,0.6156,1.616|0.9373,0.7216,0.2196|256|0|1|1|1|1|0.1|1",
"P|Part|456.5894,126.3455,102.098,0,0,-1,0.8057,-0.5923,0,-0.5923,-0.8057,0|0.8529,0.4188,4.8188|0.9725,0.9725,0.9725|256|0|1|1|1|1|0|1",
"P|Part|456.5893,133.4721,65.7581,0,0,-1,-0.5223,-0.8528,0,-0.8528,0.5223,0|0.8529,0.4188,4.8188|0.9725,0.9725,0.9725|256|0|1|1|1|1|0|1",
"P|Part|180.0926,65.9665,143.922,-1,0,0,0,-1,0,0,0,1|0.0481,0.6156,1.616|0.9373,0.7216,0.2196|256|0|1|1|1|1|0.1|1",
"P|Part|409.716,65.9665,22.3241,0.7071,0,-0.7071,0,-1,0,-0.7071,0,-0.7071|0.0481,0.6156,1.616|0.9373,0.7216,0.2196|256|0|1|1|1|1|0.1|1",
"P|Part|407.635,109.5029,15.9166,0,0.7071,0.7071,1,0,0,0,0.7071,-0.7071|92.9902,0.6058,0.6058|0.9373,0.7216,0.2196|256|0|1|1|1|1|0.1|1",
"P|Part|456.589,87.7255,33.0443,0,0,-1,-0.4286,-0.9035,0,-0.9035,0.4286,0|0.5199,0.8181,4.424|0.9373,0.7216,0.2196|256|0|1|1|1|1|0.1|1",
"P|Part|174.8546,149.61,18.0554,0,1,0,1,0,0,0,0,-1|0.4577,12.0518,12.0518|0.9373,0.7216,0.2196|256|0|1|1|1|1|0.1|1",
"P|Part|298.264,118.1851,18.0568,0,-1,0,1,0,0,0,0,1|2.0061,3.0129,3.01|0.9373,0.7216,0.2196|256|0|1|1|1|1|0.1|1",
"P|Part|456.5893,156.3758,100.4892,0,0,-1,-0.4042,0.9147,0,0.9147,0.4042,0|0.8691,3.107,3.0853|0.9725,0.9725,0.9725|256|0|1|1|1|1|0.1|1",
"P|Part|456.5894,78.2346,104.7147,0,0,-1,-0.6117,-0.7911,0,-0.7911,0.6117,0|1.2578,0.668,7.1059|0.9725,0.9725,0.9725|256|0|1|1|1|1|0|1",
"P|Part|456.5892,134.4265,92.6507,0,0,-1,0.4605,-0.8877,0,-0.8877,-0.4605,0|0.8529,0.4188,4.8188|0.9725,0.9725,0.9725|256|0|1|1|1|1|0|1",
"P|Part|-233.1503,143.402,44.2566,0,0,-1,0,1,0,1,0,0|2.4348,4.8696,1.2174|0.8745,0.8745,0.8706|256|0|1|1|1|1|0|1",
"P|Part|129.3438,163.1526,144.7091,0,0,1,0,-1,0,1,0,0|0.467,0.2547,0.9339|0.9373,0.7216,0.2196|256|0|1|1|1|1|0.1|1",
"P|Part|456.5893,96.7545,118.1149,0,0,-1,0.9434,0.3316,0,0.3316,-0.9434,0|1.2578,0.6176,7.1059|0.9725,0.9725,0.9725|256|0|1|1|1|1|0|1",
"P|Part|456.5893,139.4264,37.1036,0,0,-1,0.5643,-0.8256,0,-0.8256,-0.5643,0|0.5199,0.8181,4.424|0.9373,0.7216,0.2196|256|0|1|1|1|1|0.1|1",
"P|Part|456.5893,83.1726,50.0605,0,0,-1,0.7436,-0.6687,0,-0.6687,-0.7436,0|1.2578,0.668,7.1059|0.9725,0.9725,0.9725|256|0|1|1|1|1|0|1",
"P|Part|256.3258,98.387,144.709,0,-1,0,1,0,0,0,0,1|64.6275,1.5065,1.5065|0.9373,0.7216,0.2196|256|0|1|1|1|1|0.1|1",
"P|Part|219.264,112.0205,144.7148,0,1,0,1,0,0,0,0,-1|91.8946,1.5065,1.5065|0.9373,0.7216,0.2196|256|0|1|1|1|1|0.1|1",
"P|Part|452.4377,127.0824,48.3398,1,0,0,0,-0.866,0.5,0,-0.5,-0.866|0.2283,2.9223,7.6709|0.9373,0.7216,0.2196|256|0|1|1|1|1|0.1|1",
"P|Part|456.5896,117.602,53.7413,0,0,-1,0.962,0.273,0,0.273,-0.962,0|0.8529,0.453,4.8188|0.9725,0.9725,0.9725|256|0|1|1|1|1|0|1",
"P|Part|357.4161,155.4984,144.7091,0,1,0,1,0,0,0,0,-1|2.2924,0.5094,0.467|0.9373,0.7216,0.2196|256|0|1|1|1|1|0.1|1",
"P|Part|347.3379,146.4309,18.0511,0,0,-1,0,-1,0,-1,0,0|0.467,0.2547,0.9339|0.9373,0.7216,0.2196|256|0|1|1|1|1|0.1|1",
"P|Part|456.5893,129.4934,60.7334,0,0,-1,0.7064,0.7079,0,0.7079,-0.7063,0|0.8529,0.453,4.8188|0.9725,0.9725,0.9725|256|0|1|1|1|1|0|1",
"P|Part|456.5892,137.3368,105.1013,0,0,-1,0.6774,-0.7356,0,-0.7356,-0.6774,0|1.2816,6.7849,4.5497|0.9725,0.9725,0.9725|256|0|1|1|1|1|0|1",
"P|Part|456.5892,149.7503,48.6398,0,0,-1,0.6213,0.7836,0,0.7836,-0.6213,0|0.8691,3.107,3.0853|0.9725,0.9725,0.9725|256|0|1|1|1|1|0.1|1",
"P|Part|-227.0633,143.402,141.6487,0,0,1,0,1,0,-1,0,0|2.4348,4.8696,1.2174|0.8745,0.8745,0.8706|256|0|1|1|1|1|0|1",
"P|Part|456.589,94.1481,117.093,0,0,-1,0.9181,0.3963,0,0.3963,-0.9181,0|1.2578,0.6176,7.1059|0.9725,0.9725,0.9725|256|0|1|1|1|1|0|1",
"P|Part|413.6599,65.9665,149.9478,0,0,-1,0,-1,0,-1,0,0|0.0481,0.6156,1.616|0.9373,0.7216,0.2196|256|0|1|1|1|1|0.1|1",
"P|Part|456.5893,87.3052,50.9608,0,0,-1,0.7867,-0.6173,0,-0.6173,-0.7867,0|1.2816,6.7849,4.5497|0.9725,0.9725,0.9725|256|0|1|1|1|1|0|1",
"P|Part|456.5893,80.9987,35.2443,0,-1,0,1,0,0,0,0,1|14.3902,15.1978,22.4602|0.9725,0.9725,0.9725|256|0|1|1|1|1|0|1",
"P|Part|248.6376,109.5029,20.2313,0,0.7071,0.7071,1,0,0,0,0.7071,-0.7071|92.9902,0.6058,0.6058|0.9373,0.7216,0.2196|256|0|1|1|1|1|0.1|1",
"P|Part|341.1314,140.1037,144.7091,0,0,1,0,-1,0,1,0,0|0.467,0.2547,0.9339|0.9373,0.7216,0.2196|256|0|1|1|1|1|0.1|1",
"P|Part|456.5897,135.1039,82.3886,0,0,-1,0.0932,-0.9956,0,-0.9956,-0.0932,0|0.8691,4.6011,3.0853|0.9725,0.9725,0.9725|256|0|1|1|1|1|0|1",
"P|Part|-214.8893,143.402,-6.8743,0,0,-1,0,1,0,1,0,0|2.4348,4.8696,1.2174|0.8745,0.8745,0.8706|256|0|1|1|1|1|0|1",
"P|Part|-233.1503,143.402,-4.4395,0,0,-1,0,1,0,1,0,0|2.4348,4.8696,1.2174|0.8745,0.8745,0.8706|256|0|1|1|1|1|0|1",
"P|Part|456.5893,123.9472,29.9118,0,0,-1,0.2671,-0.9637,0,-0.9637,-0.2671,0|0.5199,0.8181,4.424|0.9373,0.7216,0.2196|256|0|1|1|1|1|0.1|1",
"P|Part|456.5893,89.0063,34.1134,0,0,-1,-0.9085,0.4179,0,0.4179,0.9085,0|0.8691,3.107,3.0853|0.9725,0.9725,0.9725|256|0|1|1|1|1|0.1|1",
"P|Part|453.8937,128.8248,26.5208,0,0,-1,0.866,0.5,0,0.5,-0.866,0|0.2446,0.4306,2.3048|0.9373,0.7216,0.2196|256|0|1|1|1|1|0|1",
"P|Part|-232.5416,143.402,20.5173,1,0,0,0,1,0,0,0,1|2.4348,4.8696,1.2174|0.8745,0.8745,0.8706|256|0|1|1|1|1|0|1",
"P|Part|456.5894,126.1153,43.0265,0,0,-1,0.9181,0.3963,0,0.3963,-0.9181,0|1.2578,0.668,7.1059|0.9725,0.9725,0.9725|256|0|1|1|1|1|0|1",
"P|Part|253.8539,156.6846,144.7121,0,1,0,1,0,0,0,0,-1|0.4577,12.0518,12.0518|0.9373,0.7216,0.2196|256|0|1|1|1|1|0.1|1",
"P|Part|456.5892,123.6413,31.3374,0,0,-1,0.9636,0.2672,0,0.2672,-0.9636,0|0.8691,3.107,3.0853|0.9725,0.9725,0.9725|256|0|1|1|1|1|0.1|1",
"P|Part|332.3458,66.0812,139.3673,0,0,1,0,-1,0,1,0,0|0.0302,0.3862,1.0138|0.4196,0.1961,0.4863|256|0|1|1|1|1|0.1|1",
"P|Part|253.0438,153.3564,23.2896,0,0,1,0,1,0,-1,0,0|0.0481,0.6156,1.616|0.9373,0.7216,0.2196|256|0|1|1|1|1|0.1|1",
"P|Part|197.9493,156.5242,18.0511,0,0,1,0,-1,0,1,0,0|0.467,0.2547,0.9339|0.9373,0.7216,0.2196|256|0|1|1|1|1|0.1|1",
"P|Part|259.1486,66.0812,18.5801,1,0,0,0,-1,0,0,0,-1|0.0302,0.3862,1.0138|0.4196,0.1961,0.4863|256|0|1|1|1|1|0.1|1",
"M|Cloud|285.5997,282.1442,325.9955,1,0,0,0,-1,0,0,0,-1|51.8872,26.887,72.9216|1,1,1|256|0|1|1|1|1|0|1|rbxassetid://4862430258|",
"P|Part|456.5894,123.1349,55.9884,0,0,-1,0.8798,0.4753,0,0.4753,-0.8798,0|0.8529,0.453,4.8188|0.9725,0.9725,0.9725|256|0|1|1|1|1|0|1",
"P|Part|-152.8018,86.7928,168.4315,0,0,1,0,1,0,-1,0,0|2.4348,6.087,1.2174|0.8745,0.8745,0.8706|256|0|1|1|1|1|0|1",
"P|Part|373.1422,113.527,144.7148,0,1,0,1,0,0,0,0,-1|94.9076,1.5065,1.5065|0.9373,0.7216,0.2196|256|0|1|1|1|1|0.1|1",
"P|Part|-230.1068,115.6452,140.3339,-1,0,0,0,1,0,0,0,-1|2.1426,51.6178,1.0713|0.8745,0.8745,0.8706|256|0|1|1|1|1|0|1",
"P|Part|-105.9318,86.7928,-3.8308,1,0,0,0,1,0,0,0,1|2.4348,6.087,1.2174|0.8745,0.8745,0.8706|256|0|1|1|1|1|0|1",
"P|Part|329.716,152.7408,148.9814,0.7071,0,-0.7071,0,-1,0,-0.7071,0,-0.7071|0.0481,0.6156,1.616|0.9373,0.7216,0.2196|256|0|1|1|1|1|0.1|1",
"P|Part|456.589,91.5321,96.865,0,0,-1,0.6705,0.7419,0,0.7419,-0.6705,0|0.8691,4.6011,3.0853|0.9725,0.9725,0.9725|256|0|1|1|1|1|0|1",
"P|Part|456.5893,127.7251,43.7639,0,0,-1,0.8999,0.4362,0,0.4362,-0.8999,0|1.2578,0.668,7.1059|0.9725,0.9725,0.9725|256|0|1|1|1|1|0|1",
"P|Part|333.6606,65.9665,139.4228,0,0,-1,0,-1,0,-1,0,0|0.0481,0.6156,1.616|0.9373,0.7216,0.2196|256|0|1|1|1|1|0.1|1",
"P|Part|-186.2803,147.1759,-11.9874,-1,0,0,0,1,0,0,0,-1|2.9218,2.6783,1.4609|0.8745,0.8745,0.8706|256|0|1|1|1|1|0|1",
"P|Part|456.5893,87.9648,46.3624,0,0,-1,0.8353,-0.5498,0,-0.5498,-0.8353,0|1.2578,0.668,7.1059|0.9725,0.9725,0.9725|256|0|1|1|1|1|0|1",
"P|Part|452.1966,130.3123,117.1037,1,0,0,0,-0.866,-0.5,0,0.5,-0.866|0.1432,1.8333,4.8125|0.4196,0.1961,0.4863|256|0|1|1|1|1|0.1|1",
"P|Part|407.5606,152.8554,17.566,-1,0,0,0,-1,0,0,0,1|0.0302,0.3862,1.0138|0.4196,0.1961,0.4863|256|0|1|1|1|1|0.1|1",
"P|Part|-152.8018,143.402,168.4316,0,0,1,0,1,0,-1,0,0|2.4348,4.8696,1.2174|0.8745,0.8745,0.8706|256|0|1|1|1|1|0|1",
"P|Part|456.589,92.7411,47.4135,0,0,-1,-0.8825,0.4702,0,0.4702,0.8825,0|1.2816,6.7849,4.5497|0.9725,0.9725,0.9725|256|0|1|1|1|1|0|1",
"P|Part|259.0681,109.5029,142.5721,0,0.7071,0.7071,1,0,0,0,0.7071,-0.7071|92.9902,0.6058,0.6058|0.9373,0.7216,0.2196|256|0|1|1|1|1|0.1|1",
"P|Part|456.589,123.0979,128.9146,0,0,-1,0.9666,-0.2565,0,-0.2565,-0.9666,0|0.8691,3.107,3.0853|0.9725,0.9725,0.9725|256|0|1|1|1|1|0.1|1",
"P|Part|409.4643,66.0812,148.8095,0.7071,0,-0.7071,0,-1,0,-0.7071,0,-0.7071|0.0302,0.3862,1.0138|0.4196,0.1961,0.4863|256|0|1|1|1|1|0.1|1",
"P|Part|-215.7415,147.1759,-6.8743,0,0,-1,0,1,0,1,0,0|2.9218,2.6783,1.4609|0.8745,0.8745,0.8706|256|0|1|1|1|1|0|1",
"P|Part|-91.323,143.402,20.5173,1,0,0,0,1,0,0,0,1|2.4348,4.8696,1.2174|0.8745,0.8745,0.8706|256|0|1|1|1|1|0|1",
"P|Part|448.5164,80.6007,51.3433,0,0,-1,0,1,0,1,0,0|32.1977,0.8534,0.9479|0.9373,0.7216,0.2196|256|0|1|1|1|1|0.1|1",
"P|Part|-159.4646,67.4599,81.3318,0,0,-1,0,1,0,1,0,0|43.7385,4.0374,164.8606|0.8745,0.8745,0.8706|256|0|1|1|1|1|0|1",
"P|Part|456.5892,136.0103,88.9579,0,0,-1,0.3255,-0.9455,0,-0.9455,-0.3255,0|0.8529,0.4188,4.8188|0.9725,0.9725,0.9725|256|0|1|1|1|1|0|1",
"P|Part|352.1438,82.1805,144.7091,0,1,0,1,0,0,0,0,-1|2.0061,3.0129,3.01|0.9373,0.7216,0.2196|256|0|1|1|1|1|0.1|1",
"P|Part|253.3458,66.4674,12.7094,0,0,1,0,1,0,-1,0,0|0.0302,0.3862,1.0138|0.4196,0.1961,0.4863|256|0|1|1|1|1|0.1|1",
"P|Part|456.5892,129.2383,31.6873,0,0,-1,0.3687,-0.9296,0,-0.9296,-0.3687,0|0.5199,0.8181,4.424|0.9373,0.7216,0.2196|256|0|1|1|1|1|0.1|1",
"P|Part|-86.2099,115.6452,117.5929,0,0,1,0,1,0,-1,0,0|2.1426,51.6178,1.0713|0.8745,0.8745,0.8706|256|0|1|1|1|1|0|1",
"P|Part|174.8542,69.9577,144.7128,0,1,0,1,0,0,0,0,-1|0.4577,13.5582,13.5582|0.9373,0.7216,0.2196|256|0|1|1|1|1|0.1|1",
"P|Part|456.5893,123.4678,41.9897,0,0,-1,0.9438,0.3306,0,0.3306,-0.9438,0|1.2578,0.668,7.1059|0.9725,0.9725,0.9725|256|0|1|1|1|1|0|1",
"P|Part|456.5892,101.7551,131.496,0,0,-1,0.1591,-0.9873,0,-0.9873,-0.1591,0|0.5199,0.8181,4.424|0.9373,0.7216,0.2196|256|0|1|1|1|1|0.1|1",
"P|Part|456.5893,114.1675,28.1878,0,0,-1,-0.0792,0.9969,0,0.9969,0.0792,0|0.5199,0.8181,4.424|0.9373,0.7216,0.2196|256|0|1|1|1|1|0.1|1",
"P|Part|248.6157,152.7408,143.9217,-1,0,0,0,-1,0,0,0,1|0.0481,0.6156,1.616|0.9373,0.7216,0.2196|256|0|1|1|1|1|0.1|1",
"U|CorinthianCapital|78.0955,152.1357,21.5135,0.7071,0.7071,0,0,0,-1,-0.7071,0.7071,0|8.0252,2.6197,8.6911|0.9725,0.9725,0.9725|256|0|1|1|1|1|0|1",
"P|Part|456.5896,160.6725,81.404,0,0,-1,-0.0267,0.9996,0,0.9996,0.0267,0|0.8691,3.107,3.0853|0.9725,0.9725,0.9725|256|0|1|1|1|1|0.1|1",
"P|Part|456.5892,88.5483,50.02,0,0,-1,-0.812,0.5836,0,0.5836,0.812,0|1.2816,6.7849,4.5497|0.9725,0.9725,0.9725|256|0|1|1|1|1|0|1",
"P|Part|456.5893,98.0462,41.5791,0,0,-1,0.954,-0.2998,0,-0.2998,-0.954,0|1.2578,0.668,7.1059|0.9725,0.9725,0.9725|256|0|1|1|1|1|0|1",
"P|Part|-234.3677,86.7928,41.8218,0,0,-1,0,1,0,1,0,0|2.4348,6.087,1.2174|0.8745,0.8745,0.8706|256|0|1|1|1|1|0|1",
"P|Part|456.5892,106.993,104.9332,0,0,-1,-0.9921,-0.1253,0,-0.1253,0.9921,0|0.8691,4.6011,3.0853|0.9725,0.9725,0.9725|256|0|1|1|1|1|0|1",
"P|Part|-88.8882,115.6452,45.5714,1,0,0,0,1,0,0,0,1|2.1426,51.6178,1.0713|0.8745,0.8745,0.8706|256|0|1|1|1|1|0|1",
"P|Part|456.5893,107.1099,39.8422,0,0,-1,0.9972,-0.0751,0,-0.0751,-0.9972,0|1.2578,0.668,7.1059|0.9725,0.9725,0.9725|256|0|1|1|1|1|0|1",
"P|Part|456.589,130.9881,97.7723,0,0,-1,0.6476,-0.7619,0,-0.7619,-0.6476,0|0.8529,0.4188,4.8188|0.9725,0.9725,0.9725|256|0|1|1|1|1|0|1",
"P|Part|456.589,87.8889,32.9663,0,0,-1,-0.4254,-0.905,0,-0.905,0.4254,0|0.5199,0.8181,4.424|0.9373,0.7216,0.2196|256|0|1|1|1|1|0.1|1",
"P|Part|456.589,156.9393,102.7409,0,0,-1,0.9005,0.4349,0,0.4349,-0.9005,0|0.5199,0.8181,4.424|0.9373,0.7216,0.2196|256|0|1|1|1|1|0.1|1",
"P|Part|169.6153,65.9665,143.9217,-1,0,0,0,-1,0,0,0,1|0.0481,0.6156,1.616|0.9373,0.7216,0.2196|256|0|1|1|1|1|0.1|1",
"P|Part|456.5894,89.032,66.5048,0,0,-1,-0.5402,0.8415,0,0.8415,0.5402,0|0.8691,4.6011,3.0853|0.9725,0.9725,0.9725|256|0|1|1|1|1|0|1",
"P|Part|-233.1503,143.402,165.9968,0,0,-1,0,1,0,1,0,0|2.4348,4.8696,1.2174|0.8745,0.8745,0.8706|256|0|1|1|1|1|0|1",
"P|Part|399.3546,102.0025,18.0569,0,1,0,1,0,0,0,0,-1|71.8586,1.5065,1.5065|0.9373,0.7216,0.2196|256|0|1|1|1|1|0.1|1",
"P|Part|456.5893,94.9077,99.978,0,0,-1,-0.7945,-0.6072,0,-0.6072,0.7945,0|0.8691,4.6011,3.0853|0.9725,0.9725,0.9725|256|0|1|1|1|1|0|1",
"P|Part|456.589,99.6979,115.5322,0,0,-1,-0.9593,-0.2822,0,-0.2822,0.9593,0|1.2816,6.7849,4.5497|0.9725,0.9725,0.9725|256|0|1|1|1|1|0|1",
"P|Part|456.5893,115.536,53.2414,0,0,-1,0.9803,0.1974,0,0.1974,-0.9803,0|0.8529,0.453,4.8188|0.9725,0.9725,0.9725|256|0|1|1|1|1|0|1",
"P|Part|456.5893,101.7874,54.0106,0,0,-1,0.9522,-0.3054,0,-0.3054,-0.9522,0|0.8529,0.453,4.8188|0.9725,0.9725,0.9725|256|0|1|1|1|1|0|1",
"P|Part|119.4164,82.1805,18.0511,0,1,0,1,0,0,0,0,-1|2.0061,3.0129,3.01|0.9373,0.7216,0.2196|256|0|1|1|1|1|0.1|1",
"P|Part|-86.2099,115.6452,-4.7316,0,0,1,0,1,0,-1,0,0|2.1426,51.6178,1.0713|0.8745,0.8745,0.8706|256|0|1|1|1|1|0|1",
"P|Part|407.635,109.5029,142.5746,0,0.7071,0.7071,1,0,0,0,0.7071,-0.7071|92.9902,0.6058,0.6058|0.9373,0.7216,0.2196|256|0|1|1|1|1|0.1|1",
"P|Part|456.5894,71.2899,69.2237,0,0,-1,0.2684,-0.9633,0,-0.9633,-0.2684,0|1.2578,0.668,7.1059|0.9725,0.9725,0.9725|256|0|1|1|1|1|0|1",
"P|Part|456.5897,160.0265,71.8862,0,0,-1,0.1615,0.9869,0,0.9869,-0.1615,0|0.8691,3.107,3.0853|0.9725,0.9725,0.9725|256|0|1|1|1|1|0.1|1",
"U|CorinthianCapital|83.3294,153.8503,16.2013,-1,0,0,0,1,0,0,0,-1|21.3945,15.7394,21.3945|0.9725,0.9725,0.9725|256|0|1|1|1|1|0|1",
"P|Part|456.5892,112.0579,132.1182,0,0,-1,0.0387,0.9993,0,0.9993,-0.0387,0|0.5199,0.8181,4.424|0.9373,0.7216,0.2196|256|0|1|1|1|1|0.1|1",
"P|Part|456.5896,137.4987,79.7806,0,0,-1,-0.0098,-0.9999,0,-1,0.0098,0|0.8529,0.4188,4.8188|0.9725,0.9725,0.9725|256|0|1|1|1|1|0|1",
"P|Part|456.5892,121.9872,115.0851,0,0,-1,-0.9473,0.3204,0,0.3204,0.9473,0|1.2816,6.7849,4.5497|0.9725,0.9725,0.9725|256|0|1|1|1|1|0|1",
"U|CorinthianCapital|76.0405,152.3697,146.7676,0.933,-0.25,0.2588,0.2588,0.9659,0,-0.25,0.067,0.9659|2.0992,5.5728,2.2216|0.9725,0.9725,0.9725|256|0|1|1|1|1|0|1",
"P|Part|456.5893,98.2022,104.6694,0,0,-1,0.8999,0.4362,0,0.4362,-0.8999,0|0.8529,0.4188,4.8188|0.9725,0.9725,0.9725|256|0|1|1|1|1|0|1",
"P|Part|-85.9664,147.1759,38.1696,-1,0,0,0,1,0,0,0,-1|2.9218,2.6783,1.4609|0.8745,0.8745,0.8706|256|0|1|1|1|1|0|1",
"P|Part|-86.4534,143.402,122.779,1,0,0,0,1,0,0,0,1|2.4348,4.8696,1.2174|0.8745,0.8745,0.8706|256|0|1|1|1|1|0|1",
"P|Part|456.5894,128.2513,128.8735,0,0,-1,-0.3497,-0.9369,0,-0.9369,0.3497,0|0.5199,0.8181,4.424|0.9373,0.7216,0.2196|256|0|1|1|1|1|0.1|1",
"P|Part|456.5893,125.6899,102.5656,0,0,-1,0.8228,-0.5684,0,-0.5684,-0.8228,0|0.8529,0.4188,4.8188|0.9725,0.9725,0.9725|256|0|1|1|1|1|0|1",
"P|Part|456.5894,112.1081,130.5671,0,0,-1,0.9992,-0.0391,0,-0.0391,-0.9992,0|0.8691,3.107,3.0853|0.9725,0.9725,0.9725|256|0|1|1|1|1|0.1|1",
"P|Part|249.7474,66.4674,148.0926,0.7071,0,0.7071,0,1,0,-0.7071,0,0.7071|0.0302,0.3862,1.0138|0.4196,0.1961,0.4863|256|0|1|1|1|1|0.1|1",
"P|Part|336.9881,109.5029,18.0707,0,1,0,-1,0,0,0,0,1|92.9901,2.157,4.3139|1,1,1|256|0|1|1|1|1|0|1",
"P|Part|456.5893,98.8685,55.133,0,0,-1,0.9111,-0.4121,0,-0.4121,-0.9112,0|0.8529,0.453,4.8188|0.9725,0.9725,0.9725|256|0|1|1|1|1|0|1",
"P|Part|456.589,157.0505,57.708,0,0,-1,-0.9029,0.4299,0,0.4299,0.9029,0|0.5199,0.8181,4.424|0.9373,0.7216,0.2196|256|0|1|1|1|1|0.1|1",
"P|Part|203.222,160.1397,144.7091,0,0,1,0,-1,0,1,0,0|0.467,0.2547,0.9339|0.9373,0.7216,0.2196|256|0|1|1|1|1|0.1|1",
"P|Part|456.5894,126.6219,127.8389,0,0,-1,0.9453,-0.3262,0,-0.3262,-0.9453,0|0.8691,3.107,3.0853|0.9725,0.9725,0.9725|256|0|1|1|1|1|0.1|1",
"P|Part|456.5893,89.3916,32.2885,0,0,-1,-0.3966,-0.918,0,-0.918,0.3966,0|0.5199,0.8181,4.424|0.9373,0.7216,0.2196|256|0|1|1|1|1|0.1|1",
"P|Part|456.5892,97.5523,129.024,0,0,-1,0.9685,0.2488,0,0.2488,-0.9685,0|0.8691,3.107,3.0853|0.9725,0.9725,0.9725|256|0|1|1|1|1|0.1|1",
"P|Part|409.4465,153.2417,140.6321,0.7071,0,-0.7071,0,1,0,0.7071,0,0.7071|0.0302,0.3862,1.0138|0.4196,0.1961,0.4863|256|0|1|1|1|1|0.1|1",
"P|Part|456.5893,129.9441,98.9314,0,0,-1,0.69,-0.7238,0,-0.7238,-0.69,0|0.8529,0.4188,4.8188|0.9725,0.9725,0.9725|256|0|1|1|1|1|0|1",
"P|Part|178.2346,153.2417,13.9483,0.7071,0,0.7071,0,1,0,-0.7071,0,0.7071|0.0302,0.3862,1.0138|0.4196,0.1961,0.4863|256|0|1|1|1|1|0.1|1",
"P|Part|-129.0624,147.1759,-3.9525,0,0,1,0,1,0,-1,0,0|2.9218,2.6783,1.4609|0.8745,0.8745,0.8706|256|0|1|1|1|1|0|1",
"P|Part|453.8934,137.9251,32.5573,0,0,-1,0.866,0.5,0,0.5,-0.866,0|21.5537,1.7843,2.3048|0.9373,0.7216,0.2196|256|0|1|1|1|1|0.1|1",
"P|Part|456.5894,149.1616,69.7895,0,0,-1,-0.2543,-0.9671,0,-0.9671,0.2543,0|1.2578,0.6176,7.1059|0.9725,0.9725,0.9725|256|0|1|1|1|1|0|1",
"P|Part|456.5893,145.7533,99.0165,0,0,-1,0.47,-0.8827,0,-0.8827,-0.47,0|1.2578,0.6176,7.1059|0.9725,0.9725,0.9725|256|0|1|1|1|1|0|1",
"P|Part|17.3864,78.7081,85.9116,0,-0.7071,-0.7071,-1,0,0,0,0.7071,-0.7071|0.283,0.6488,4.1363|0.9373,0.7216,0.2196|256|0|1|1|1|1|0.1|1",
"P|Part|357.4164,82.1805,18.0511,0,1,0,1,0,0,0,0,-1|2.0061,3.0129,3.01|0.9373,0.7216,0.2196|256|0|1|1|1|1|0.1|1",
"P|Part|456.5896,137.5031,122.5701,0,0,-1,-0.8408,0.5413,0,0.5413,0.8408,0|0.8691,3.107,3.0853|0.9725,0.9725,0.9725|256|0|1|1|1|1|0.1|1",
"P|Part|456.5892,153.9396,54.8155,0,0,-1,0.4992,0.8665,0,0.8665,-0.4992,0|0.8691,3.107,3.0853|0.9725,0.9725,0.9725|256|0|1|1|1|1|0.1|1",
"P|Part|456.5892,97.6398,130.6616,0,0,-1,0.2382,-0.9712,0,-0.9712,-0.2382,0|0.5199,0.8181,4.424|0.9373,0.7216,0.2196|256|0|1|1|1|1|0.1|1",
"P|Part|456.5893,133.6752,66.0937,0,0,-1,-0.51,-0.8602,0,-0.8602,0.51,0|0.8529,0.4188,4.8188|0.9725,0.9725,0.9725|256|0|1|1|1|1|0|1",
"P|Part|332.8542,154.5785,18.0666,0,0,1,0,1,0,-1,0,0|10.3946,10.3946,10.3946|0.9373,0.7216,0.2196|256|0|1|1|1|1|0.1|1",
"P|Part|456.5892,86.611,33.5897,0,0,-1,-0.45,-0.893,0,-0.893,0.45,0|0.5199,0.8181,4.424|0.9373,0.7216,0.2196|256|0|1|1|1|1|0.1|1",
"P|Part|341.5985,139.078,144.709,0,1,0,1,0,0,0,0,-1|2.2924,0.5094,0.467|0.9373,0.7216,0.2196|256|0|1|1|1|1|0.1|1",
"P|Part|18.947,77.4864,80.8691,0,-0.7071,0.7071,-1,0,0,0,-0.7071,-0.7071|0.1492,0.3421,2.1808|0.9373,0.7216,0.2196|256|0|1|1|1|1|0.1|1",
"P|Part|261.5985,118.1851,144.709,0,1,0,1,0,0,0,0,-1|2.0061,3.0129,3.01|0.9373,0.7216,0.2196|256|0|1|1|1|1|0.1|1",
"P|Part|456.5892,131.8499,96.7031,0,0,-1,0.6086,-0.7935,0,-0.7935,-0.6086,0|0.8529,0.4188,4.8188|0.9725,0.9725,0.9725|256|0|1|1|1|1|0|1",
"P|Part|179.124,152.7408,141.5741,0.7071,0,-0.7071,0,-1,0,-0.7071,0,-0.7071|0.0481,0.6156,1.616|0.9373,0.7216,0.2196|256|0|1|1|1|1|0.1|1",
"P|Part|456.589,150.089,74.3949,0,0,-1,-0.1401,-0.9901,0,-0.9901,0.1401,0|1.2578,0.6176,7.1059|0.9725,0.9725,0.9725|256|0|1|1|1|1|0|1",
"P|Part|456.589,140.9013,59.5328,0,0,-1,-0.5548,-0.832,0,-0.832,0.5548,0|1.2816,6.7849,4.5497|0.9725,0.9725,0.9725|256|0|1|1|1|1|0|1",
"P|Part|456.5893,120.8162,129.4628,0,0,-1,0.9774,-0.2113,0,-0.2113,-0.9774,0|0.8691,3.107,3.0853|0.9725,0.9725,0.9725|256|0|1|1|1|1|0.1|1",
"P|Part|456.5889,161.7416,86.3606,0,0,-1,0.9927,0.1204,0,0.1204,-0.9927,0|0.5199,0.8181,4.424|0.9373,0.7216,0.2196|256|0|1|1|1|1|0.1|1",
"P|Part|22.4348,81.3159,80.8628,0,0.7071,-0.7071,1,0,0,0,-0.7071,-0.7071|0.1498,0.3434,2.189|0.9373,0.7216,0.2196|256|0|1|1|1|1|0.1|1",
"P|Part|-183.6021,115.6452,-9.0169,0,0,1,0,1,0,-1,0,0|2.1426,51.6178,1.0713|0.8745,0.8745,0.8706|256|0|1|1|1|1|0|1",
"P|Part|-154.1409,147.1759,-3.2221,1,0,0,0,1,0,0,0,1|2.9218,2.6783,1.4609|0.8745,0.8745,0.8706|256|0|1|1|1|1|0|1",
"P|Part|456.589,101.6023,28.7111,0,0,-1,-0.1621,-0.9868,0,-0.9868,0.1621,0|0.5199,0.8181,4.424|0.9373,0.7216,0.2196|256|0|1|1|1|1|0.1|1",
"P|Part|248.5606,153.2417,144.224,1,0,0,0,1,0,0,0,1|0.0302,0.3862,1.0138|0.4196,0.1961,0.4863|256|0|1|1|1|1|0.1|1",
"P|Part|456.5893,129.1781,44.5038,0,0,-1,0.8815,0.4722,0,0.4722,-0.8815,0|1.2578,0.668,7.1059|0.9725,0.9725,0.9725|256|0|1|1|1|1|0|1",
"P|Object.cd06|-193.8147,112.9365,71.893,0,0,-1,-1,0,0,0,1,0|0.2272,2.8493,3.4154|0.1059,0.1647,0.2078|256|0|1|1|1|1|0|1",
"P|Part|17.0715,83.2175,82.6099,0,-1,0,-1,0,0,0,0,-1|0.2192,0.5025,3.2036|0.9373,0.7216,0.2196|256|0|1|1|1|1|0.1|1",
"P|Part|456.5893,111.3947,117.0141,0,0,-1,-0.9994,0.034,0,0.034,0.9994,0|1.2816,6.7849,4.5497|0.9725,0.9725,0.9725|256|0|1|1|1|1|0|1",
"P|Part|456.589,154.8893,106.5704,0,0,-1,0.8611,0.5084,0,0.5084,-0.8611,0|0.5199,0.8181,4.424|0.9373,0.7216,0.2196|256|0|1|1|1|1|0.1|1",
"P|Part|456.5896,137.4987,79.7806,0,0,-1,-0.0098,-0.9999,0,-1,0.0098,0|0.8529,0.4188,4.8188|0.9725,0.9725,0.9725|256|0|1|1|1|1|0|1",
"P|Part|456.5892,100.3109,105.5855,0,0,-1,0.9333,0.3591,0,0.3591,-0.9333,0|0.8529,0.4188,4.8188|0.9725,0.9725,0.9725|256|0|1|1|1|1|0|1",
"P|Part|-91.9317,143.402,165.9968,0,0,-1,0,1,0,1,0,0|2.4348,4.8696,1.2174|0.8745,0.8745,0.8706|256|0|1|1|1|1|0|1",
"P|Part|-85.1386,115.6452,-6.8743,0,0,1,0,1,0,-1,0,0|2.1426,51.6178,1.0713|0.8745,0.8745,0.8706|256|0|1|1|1|1|0|1",
"P|Part|178.9347,66.0812,21.4627,-0.7071,0,-0.7071,0,-1,0,-0.7071,0,0.7071|0.0302,0.3862,1.0138|0.4196,0.1961,0.4863|256|0|1|1|1|1|0.1|1",
"P|Part|456.5897,86.4238,66.4259,0,0,-1,0.4981,-0.8671,0,-0.8671,-0.4981,0|0.8529,0.453,4.8188|0.9725,0.9725,0.9725|256|0|1|1|1|1|0|1",
"P|Part|412.0438,152.7408,23.2896,0,0,1,0,-1,0,1,0,0|0.0481,0.6156,1.616|0.9373,0.7216,0.2196|256|0|1|1|1|1|0.1|1",
"P|Part|248.6153,66.5821,145.5377,-1,0,0,0,1,0,0,0,-1|0.0481,0.6156,1.616|0.9373,0.7216,0.2196|256|0|1|1|1|1|0.1|1",
"P|Part|456.589,112.9383,116.9287,0,0,-1,-0.9971,0.0758,0,0.0758,0.9971,0|1.2816,6.7849,4.5497|0.9725,0.9725,0.9725|256|0|1|1|1|1|0|1",
"P|Part|456.5893,111.3522,29.5164,0,0,-1,0.9997,0.0241,0,0.0241,-0.9997,0|0.8691,3.107,3.0853|0.9725,0.9725,0.9725|256|0|1|1|1|1|0.1|1",
"P|Part|456.5894,129.4033,33.3087,0,0,-1,0.9245,0.3811,0,0.3811,-0.9245,0|0.8691,3.107,3.0853|0.9725,0.9725,0.9725|256|0|1|1|1|1|0.1|1",
"P|Part|456.5894,139.7969,52.7268,0,0,-1,0.6775,0.7355,0,0.7355,-0.6775,0|1.2578,0.668,7.1059|0.9725,0.9725,0.9725|256|0|1|1|1|1|0|1",
"P|Part|456.5892,123.3817,103.9955,0,0,-1,0.8751,-0.484,0,-0.484,-0.8751,0|0.8529,0.4188,4.8188|0.9725,0.9725,0.9725|256|0|1|1|1|1|0|1",
"P|Part|456.5894,134.1627,108.1678,0,0,-1,-0.7602,0.6496,0,0.6496,0.7602,0|1.2816,6.7849,4.5497|0.9725,0.9725,0.9725|256|0|1|1|1|1|0|1",
"P|Part|407.5606,66.4674,17.5661,1,0,0,0,1,0,0,0,1|0.0302,0.3862,1.0138|0.4196,0.1961,0.4863|256|0|1|1|1|1|0.1|1",
"P|Part|456.5889,104.9685,104.5921,0,0,-1,-0.9785,-0.2061,0,-0.2061,0.9785,0|0.8691,4.6011,3.0853|0.9725,0.9725,0.9725|256|0|1|1|1|1|0|1",
"P|Part|456.5894,137.7716,122.3949,0,0,-1,-0.8374,0.5466,0,0.5466,0.8374,0|0.8691,3.107,3.0853|0.9725,0.9725,0.9725|256|0|1|1|1|1|0.1|1",
"P|Part|456.5894,93.3396,30.7756,0,0,-1,0.3208,0.9472,0,0.9472,-0.3208,0|0.5199,0.8181,4.424|0.9373,0.7216,0.2196|256|0|1|1|1|1|0.1|1",
"P|Part|456.5896,149.9757,73.6449,0,0,-1,-0.1587,-0.9873,0,-0.9873,0.1587,0|1.2578,0.6176,7.1059|0.9725,0.9725,0.9725|256|0|1|1|1|1|0|1",
"P|Part|456.5892,155.3658,57.4632,0,0,-1,0.4468,0.8946,0,0.8946,-0.4468,0|0.8691,3.107,3.0853|0.9725,0.9725,0.9725|256|0|1|1|1|1|0.1|1",
"P|Part|456.5893,125.448,113.7179,0,0,-1,0.9103,-0.414,0,-0.414,-0.9103,0|1.2816,6.7849,4.5497|0.9725,0.9725,0.9725|256|0|1|1|1|1|0|1",
"P|Part|456.5894,110.7213,105.124,0,0,-1,-0.9997,0.0233,0,0.0233,0.9997,0|0.8691,4.6011,3.0853|0.9725,0.9725,0.9725|256|0|1|1|1|1|0|1",
"P|Part|456.5893,130.2601,95.0125,0,0,-1,0.5966,-0.8025,0,-0.8025,-0.5966,0|0.8691,4.6011,3.0853|0.9725,0.9725,0.9725|256|0|1|1|1|1|0|1",
"P|Part|-224.9937,147.1759,144.0835,0,0,1,0,1,0,-1,0,0|2.9218,2.6783,1.4609|0.8745,0.8745,0.8706|256|0|1|1|1|1|0|1",
"P|Part|456.589,113.8587,107.1542,0,0,-1,0.9907,-0.136,0,-0.136,-0.9907,0|0.8529,0.4188,4.8188|0.9725,0.9725,0.9725|256|0|1|1|1|1|0|1",
"P|Part|456.5892,161.0515,90.5194,0,0,-1,-0.9797,-0.2003,0,-0.2003,0.9797,0|0.5199,0.8181,4.424|0.9373,0.7216,0.2196|256|0|1|1|1|1|0.1|1",
"P|Part|456.5892,158.41,95.0667,0,0,-1,-0.297,0.9549,0,0.9549,0.297,0|0.8691,3.107,3.0853|0.9725,0.9725,0.9725|256|0|1|1|1|1|0.1|1",
"P|Part|336.2346,152.8554,13.9483,-0.7071,0,0.7071,0,-1,0,0.7071,0,0.7071|0.0302,0.3862,1.0138|0.4196,0.1961,0.4863|256|0|1|1|1|1|0.1|1",
"P|Part|456.5894,93.9463,117.0091,0,0,-1,0.916,0.4012,0,0.4012,-0.916,0|1.2578,0.6176,7.1059|0.9725,0.9725,0.9725|256|0|1|1|1|1|0|1",
"P|Part|-111.4101,143.402,170.8664,0,0,-1,0,1,0,1,0,0|2.4348,4.8696,1.2174|0.8745,0.8745,0.8706|256|0|1|1|1|1|0|1",
"P|Part|456.5893,117.9073,53.8293,0,0,-1,0.9588,0.2841,0,0.2841,-0.9588,0|0.8529,0.453,4.8188|0.9725,0.9725,0.9725|256|0|1|1|1|1|0|1",
"P|Part|180.0926,65.9665,18.88,1,0,0,0,-1,0,0,0,-1|0.0481,0.6156,1.616|0.9373,0.7216,0.2196|256|0|1|1|1|1|0.1|1",
"P|Part|456.5892,103.7951,53.451,0,0,-1,0.9727,-0.2319,0,-0.2319,-0.9727,0|0.8529,0.453,4.8188|0.9725,0.9725,0.9725|256|0|1|1|1|1|0|1",
"P|Part|-111.2884,147.1759,-3.2221,1,0,0,0,1,0,0,0,1|2.9218,2.6783,1.4609|0.8745,0.8745,0.8706|256|0|1|1|1|1|0|1",
"P|Part|456.589,130.0157,61.244,0,0,-1,-0.6872,-0.7265,0,-0.7265,0.6872,0|0.8529,0.4188,4.8188|0.9725,0.9725,0.9725|256|0|1|1|1|1|0|1",
"P|Part|456.5893,121.5953,41.3853,0,0,-1,0.9588,0.2841,0,0.2841,-0.9588,0|1.2578,0.668,7.1059|0.9725,0.9725,0.9725|256|0|1|1|1|1|0|1",
"P|Part|456.5894,110.6693,52.7087,0,0,-1,0.9998,0.0195,0,0.0195,-0.9998,0|0.8529,0.453,4.8188|0.9725,0.9725,0.9725|256|0|1|1|1|1|0|1",
"P|Part|456.5892,98.6137,102.3235,0,0,-1,-0.8882,-0.4595,0,-0.4595,0.8882,0|0.8691,4.6011,3.0853|0.9725,0.9725,0.9725|256|0|1|1|1|1|0|1",
"P|Part|456.5894,136.9134,74.4117,0,0,-1,-0.206,-0.9785,0,-0.9786,0.206,0|0.8529,0.4188,4.8188|0.9725,0.9725,0.9725|256|0|1|1|1|1|0|1",
"P|Part|456.5893,102.3789,28.5894,0,0,-1,-0.1472,-0.9891,0,-0.9891,0.1472,0|0.5199,0.8181,4.424|0.9373,0.7216,0.2196|256|0|1|1|1|1|0.1|1",
"P|Part|456.5894,92.3331,59.2884,0,0,-1,0.7591,-0.651,0,-0.651,-0.7591,0|0.8529,0.453,4.8188|0.9725,0.9725,0.9725|256|0|1|1|1|1|0|1",
"P|Part|318.8878,140.1037,144.7148,0,0,1,0,-1,0,1,0,0|0.467,0.2547,0.9339|0.9373,0.7216,0.2196|256|0|1|1|1|1|0.1|1",
"P|Part|398.8878,143.0838,144.7148,0,0,1,0,1,0,-1,0,0|0.467,5.7054,0.9339|0.9373,0.7216,0.2196|256|0|1|1|1|1|0.1|1",
"P|Part|456.5893,98.6749,129.289,0,0,-1,0.974,0.2267,0,0.2267,-0.974,0|0.8691,3.107,3.0853|0.9725,0.9725,0.9725|256|0|1|1|1|1|0.1|1",
"P|Part|-233.759,147.1759,-3.9525,0,0,-1,0,1,0,1,0,0|2.9218,2.6783,1.4609|0.8745,0.8745,0.8706|256|0|1|1|1|1|0|1",
"P|Part|-189.2021,147.1759,164.7794,-1,0,0,0,1,0,0,0,-1|2.9218,2.6783,1.4609|0.8745,0.8745,0.8706|256|0|1|1|1|1|0|1",
"P|Part|-91.81,147.1759,38.1696,-1,0,0,0,1,0,0,0,-1|2.9218,2.6783,1.4609|0.8745,0.8745,0.8706|256|0|1|1|1|1|0|1",
"P|Part|329.4643,153.2417,22.1516,-0.7071,0,-0.7071,0,1,0,0.7071,0,-0.7071|0.0302,0.3862,1.0138|0.4196,0.1961,0.4863|256|0|1|1|1|1|0.1|1",
"P|Part|-135.1495,86.7928,171.4751,1,0,0,0,1,0,0,0,1|2.4348,6.087,1.2174|0.8745,0.8745,0.8706|256|0|1|1|1|1|0|1",
"P|Part|456.5893,104.3499,53.3246,0,0,-1,0.9773,-0.2116,0,-0.2116,-0.9774,0|0.8529,0.453,4.8188|0.9725,0.9725,0.9725|256|0|1|1|1|1|0|1",
"P|Part|456.5893,73.9013,97.7459,0,0,-1,-0.4389,-0.8985,0,-0.8985,0.4389,0|1.2578,0.668,7.1059|0.9725,0.9725,0.9725|256|0|1|1|1|1|0|1",
"P|Part|-227.672,86.7928,165.3881,-1,0,0,0,1,0,0,0,-1|2.4348,6.087,1.2174|0.8745,0.8745,0.8706|256|0|1|1|1|1|0|1",
"P|Part|-183.8456,86.7928,-3.8308,1,0,0,0,1,0,0,0,1|2.4348,6.087,1.2174|0.8745,0.8745,0.8706|256|0|1|1|1|1|0|1",
"U|CorinthianCapital|83.4015,149.3139,9.2578,0,0,-1,0.2588,0.9659,0,0.9659,-0.2588,0|2.0992,5.5728,2.2216|0.9725,0.9725,0.9725|256|0|1|1|1|1|0|1",
"P|Part|456.5892,144.5692,93.5448,0,0,-1,-0.3649,0.931,0,0.931,0.3649,0|1.2816,6.7849,4.5497|0.9725,0.9725,0.9725|256|0|1|1|1|1|0|1",
"P|Part|-88.8882,147.1759,173.5447,1,0,0,0,1,0,0,0,1|2.9218,2.6783,1.4609|0.8745,0.8745,0.8706|256|0|1|1|1|1|0|1",
"P|Part|456.5893,149.1201,112.2509,0,0,-1,-0.6368,0.7711,0,0.7711,0.6368,0|0.8691,3.107,3.0853|0.9725,0.9725,0.9725|256|0|1|1|1|1|0.1|1",
"P|Part|415.9817,66.5821,140.4314,0.7071,0,0.7071,0,1,0,-0.7071,0,0.7071|0.0481,0.6156,1.616|0.9373,0.7216,0.2196|256|0|1|1|1|1|0.1|1",
"P|Part|456.5893,115.6133,116.6275,0,0,-1,-0.989,0.1481,0,0.1481,0.989,0|1.2816,6.7849,4.5497|0.9725,0.9725,0.9725|256|0|1|1|1|1|0|1",
"P|Part|456.5893,122.1621,29.4508,0,0,-1,0.2328,-0.9725,0,-0.9725,-0.2328,0|0.5199,0.8181,4.424|0.9373,0.7216,0.2196|256|0|1|1|1|1|0.1|1",
"P|Part|277.4161,155.4984,144.7091,0,1,0,1,0,0,0,0,-1|2.2924,0.5094,0.467|0.9373,0.7216,0.2196|256|0|1|1|1|1|0.1|1",
"P|Part|456.5893,137.3651,77.3303,0,0,-1,-0.0994,-0.995,0,-0.9951,0.0994,0|0.8529,0.4188,4.8188|0.9725,0.9725,0.9725|256|0|1|1|1|1|0|1",
"P|Part|-232.7851,115.6452,141.9409,0,0,-1,0,1,0,1,0,0|2.1426,51.6178,1.0713|0.8745,0.8745,0.8706|256|0|1|1|1|1|0|1",
"P|Part|456.5892,125.6165,99.7783,0,0,-1,0.7867,-0.6173,0,-0.6173,-0.7867,0|0.8691,4.6011,3.0853|0.9725,0.9725,0.9725|256|0|1|1|1|1|0|1",
"P|Part|456.5893,80.8415,107.7609,0,0,-1,-0.6872,-0.7265,0,-0.7265,0.6872,0|1.2578,0.668,7.1059|0.9725,0.9725,0.9725|256|0|1|1|1|1|0|1",
"P|Part|456.5894,101.408,28.7451,0,0,-1,0.1658,0.9862,0,0.9862,-0.1658,0|0.5199,0.8181,4.424|0.9373,0.7216,0.2196|256|0|1|1|1|1|0.1|1",
"P|Part|456.5893,107.2634,107.2596,0,0,-1,0.9945,0.105,0,0.105,-0.9945,0|0.8529,0.4188,4.8188|0.9725,0.9725,0.9725|256|0|1|1|1|1|0|1",
"P|Part|170.5552,65.9665,141.6,0.7071,0,0.7071,0,-1,0,0.7071,0,-0.7071|0.0481,0.6156,1.616|0.9373,0.7216,0.2196|256|0|1|1|1|1|0.1|1",
"P|Part|20.688,73.1111,94.5618,0,0,1,1,0,0,0,1,0|0.2362,1.661,10.5888|0.9373,0.7216,0.2196|256|0|1|1|1|1|0.1|1",
"P|Part|419.6206,65.2834,80.0103,0,0,-1,0,1,0,1,0,0|72.066,5.2924,5.3146|0.9725,0.9725,0.9725|256|0|1|1|1|1|0|1",
"P|Part|456.5892,132.27,68.2664,0,0,-1,0.4699,0.8827,0,0.8827,-0.4699,0|0.8691,4.6011,3.0853|0.9725,0.9725,0.9725|256|0|1|1|1|1|0|1",
"P|Part|456.5893,148.9954,69.1765,0,0,-1,-0.2694,-0.963,0,-0.963,0.2694,0|1.2578,0.6176,7.1059|0.9725,0.9725,0.9725|256|0|1|1|1|1|0|1",
"P|Part|456.589,137.3986,82.4967,0,0,-1,0.0893,-0.996,0,-0.996,-0.0893,0|0.8529,0.4188,4.8188|0.9725,0.9725,0.9725|256|0|1|1|1|1|0|1",
"P|Part|-181.1673,147.1759,-6.8743,0,0,1,0,1,0,-1,0,0|2.9218,2.6783,1.4609|0.8745,0.8745,0.8706|256|0|1|1|1|1|0|1",
"P|Part|303.5366,82.1805,144.7148,0,-1,0,1,0,0,0,0,1|2.0061,3.0129,3.01|0.9373,0.7216,0.2196|256|0|1|1|1|1|0.1|1",
"P|Part|456.5893,104.6549,43.4762,0,0,-1,-0.989,0.1481,0,0.1481,0.989,0|1.2816,6.7849,4.5497|0.9725,0.9725,0.9725|256|0|1|1|1|1|0|1",
"P|Part|-230.1068,115.6452,172.1812,1,0,0,0,1,0,0,0,1|2.1426,51.6178,1.0713|0.8745,0.8745,0.8706|256|0|1|1|1|1|0|1",
"P|Part|22.994,83.0167,84.9161,0,0.7071,-0.7071,-1,0,0,0,0.7071,0.7071|0.1977,0.4532,2.8894|0.9373,0.7216,0.2196|256|0|1|1|1|1|0.1|1",
"P|Part|328.5734,66.5821,21.1813,0.7071,0,0.7071,0,1,0,-0.7071,0,0.7071|0.0481,0.6156,1.616|0.9373,0.7216,0.2196|256|0|1|1|1|1|0.1|1",
"P|Part|456.589,82.9317,55.002,0,0,-1,0.6774,-0.7356,0,-0.7356,-0.6774,0|1.2816,6.7849,4.5497|0.9725,0.9725,0.9725|256|0|1|1|1|1|0|1",
"P|Part|-227.4285,115.6452,117.5929,0,0,1,0,1,0,-1,0,0|2.1426,51.6178,1.0713|0.8745,0.8745,0.8706|256|0|1|1|1|1|0|1",
"P|Part|109.3379,149.4109,18.0511,0,0,-1,0,1,0,1,0,0|0.467,5.7054,0.9339|0.9373,0.7216,0.2196|256|0|1|1|1|1|0.1|1",
"P|Part|456.5893,75.3362,100.4241,0,0,-1,-0.5053,-0.8629,0,-0.863,0.5053,0|1.2578,0.668,7.1059|0.9725,0.9725,0.9725|256|0|1|1|1|1|0|1",
"P|Object.02c3|-194.0414,123.826,71.9208,0,0,-1,0,1,0,1,0,0|3.4154,3.4154,3.4154|0.9373,0.7216,0.2196|256|0|1|1|1|1|0|1",
"P|Part|-184.1378,115.6452,171.1099,1,0,0,0,1,0,0,0,1|2.1426,51.6178,1.0713|0.8745,0.8745,0.8706|256|0|1|1|1|1|0|1",
"P|Part|456.5894,150.4849,79.6544,0,0,-1,-0.0098,-1,0,-1,0.0098,0|1.2578,0.6176,7.1059|0.9725,0.9725,0.9725|256|0|1|1|1|1|0|1",
"P|Part|456.5894,128.4339,100.3966,0,0,-1,0.7436,-0.6686,0,-0.6686,-0.7436,0|0.8529,0.4188,4.8188|0.9725,0.9725,0.9725|256|0|1|1|1|1|0|1",
"P|Part|456.5894,160.3542,74.2404,0,0,-1,0.1149,0.9934,0,0.9934,-0.1149,0|0.8691,3.107,3.0853|0.9725,0.9725,0.9725|256|0|1|1|1|1|0.1|1",
"P|Part|456.5892,100.7864,105.7637,0,0,-1,0.9398,0.3417,0,0.3417,-0.9398,0|0.8529,0.4188,4.8188|0.9725,0.9725,0.9725|256|0|1|1|1|1|0|1",
"P|Part|192.6767,154.9849,144.7091,0,0,1,0,1,0,-1,0,0|0.467,5.7054,0.9339|0.9373,0.7216,0.2196|256|0|1|1|1|1|0.1|1",
"P|Part|177.9651,66.5821,22.3518,-0.7071,0,0.7071,0,1,0,-0.7071,0,-0.7071|0.0481,0.6156,1.616|0.9373,0.7216,0.2196|256|0|1|1|1|1|0.1|1",
"P|Part|-91.323,86.7928,116.692,-1,0,0,0,1,0,0,0,-1|2.4348,6.087,1.2174|0.8745,0.8745,0.8706|256|0|1|1|1|1|0|1",
"P|Part|327.5606,66.4674,144.224,1,0,0,0,1,0,0,0,1|0.0302,0.3862,1.0138|0.4196,0.1961,0.4863|256|0|1|1|1|1|0.1|1",
"P|Part|456.5893,124.0798,42.2106,0,0,-1,0.9383,0.3458,0,0.3458,-0.9383,0|1.2578,0.668,7.1059|0.9725,0.9725,0.9725|256|0|1|1|1|1|0|1",
"P|Part|413.6602,153.3564,139.423,0,0,-1,0,1,0,1,0,0|0.0481,0.6156,1.616|0.9373,0.7216,0.2196|256|0|1|1|1|1|0.1|1",
"P|Part|-106.224,115.6452,171.1099,1,0,0,0,1,0,0,0,1|2.1426,51.6178,1.0713|0.8745,0.8745,0.8706|256|0|1|1|1|1|0|1",
"P|Part|456.5893,122.4589,129.0782,0,0,-1,0.9698,-0.2438,0,-0.2438,-0.9698,0|0.8691,3.107,3.0853|0.9725,0.9725,0.9725|256|0|1|1|1|1|0.1|1",
"P|Part|150.8096,150.9791,18.0568,0,-1,0,1,0,0,0,0,1|2.2924,0.5094,0.467|0.9373,0.7216,0.2196|256|0|1|1|1|1|0.1|1",
"P|Part|-208.1936,143.402,-3.8308,1,0,0,0,1,0,0,0,1|2.4348,4.8696,1.2174|0.8745,0.8745,0.8706|256|0|1|1|1|1|0|1",
"P|Part|-85.9664,147.1759,21.126,1,0,0,0,1,0,0,0,1|2.9218,2.6783,1.4609|0.8745,0.8745,0.8706|256|0|1|1|1|1|0|1",
"P|Part|456.5892,109.3187,28.0285,0,0,-1,0.0139,0.9999,0,0.9999,-0.0139,0|0.5199,0.8181,4.424|0.9373,0.7216,0.2196|256|0|1|1|1|1|0.1|1",
"P|Part|456.589,121.1305,29.2181,0,0,-1,-0.213,0.9771,0,0.9771,0.213,0|0.5199,0.8181,4.424|0.9373,0.7216,0.2196|256|0|1|1|1|1|0.1|1",
"P|Part|259.0607,109.5029,20.233,0,0.7071,0.7071,1,0,0,0,0.7071,-0.7071|92.9902,0.6058,0.6058|0.9373,0.7216,0.2196|256|0|1|1|1|1|0.1|1",
"P|Part|456.5893,90.7684,99.3754,0,0,-1,0.7064,0.7079,0,0.7079,-0.7063,0|0.8529,0.4188,4.8188|0.9725,0.9725,0.9725|256|0|1|1|1|1|0|1",
"P|Part|456.5892,104.0669,106.7296,0,0,-1,0.9751,0.2218,0,0.2218,-0.9751,0|0.8529,0.4188,4.8188|0.9725,0.9725,0.9725|256|0|1|1|1|1|0|1",
"P|Part|456.5892,86.4746,47.3913,0,0,-1,0.8098,-0.5868,0,-0.5868,-0.8098,0|1.2578,0.668,7.1059|0.9725,0.9725,0.9725|256|0|1|1|1|1|0|1",
"P|Part|254.3595,66.4674,12.7094,0,0,-1,0,1,0,1,0,0|0.0302,0.3862,1.0138|0.4196,0.1961,0.4863|256|0|1|1|1|1|0.1|1",
"P|Part|456.5892,159.4893,69.0933,0,0,-1,0.2168,0.9762,0,0.9762,-0.2168,0|0.8691,3.107,3.0853|0.9725,0.9725,0.9725|256|0|1|1|1|1|0.1|1",
"P|Part|456.589,106.4946,132.037,0,0,-1,-0.0681,0.9977,0,0.9977,0.0681,0|0.5199,0.8181,4.424|0.9373,0.7216,0.2196|256|0|1|1|1|1|0.1|1",
"P|Part|-233.759,147.1759,171.3533,0,0,-1,0,1,0,1,0,0|2.9218,2.6783,1.4609|0.8745,0.8745,0.8706|256|0|1|1|1|1|0|1",
"P|Part|-110.5092,115.6452,171.1099,1,0,0,0,1,0,0,0,1|2.1426,51.6178,1.0713|0.8745,0.8745,0.8706|256|0|1|1|1|1|0|1",
"P|Part|412.0438,152.7408,149.9476,0,0,1,0,-1,0,1,0,0|0.0481,0.6156,1.616|0.9373,0.7216,0.2196|256|0|1|1|1|1|0.1|1",
"P|Part|140.264,118.1851,18.0568,0,-1,0,1,0,0,0,0,1|2.0061,3.0129,3.01|0.9373,0.7216,0.2196|256|0|1|1|1|1|0.1|1",
"P|Part|456.5893,103.9406,40.2034,0,0,-1,0.9881,-0.1537,0,-0.1537,-0.9881,0|1.2578,0.668,7.1059|0.9725,0.9725,0.9725|256|0|1|1|1|1|0|1",
"P|Part|-91.81,147.1759,140.4313,-1,0,0,0,1,0,0,0,-1|2.9218,2.6783,1.4609|0.8745,0.8745,0.8706|256|0|1|1|1|1|0|1",
"P|Part|298.264,118.1851,144.7148,0,-1,0,1,0,0,0,0,1|2.0061,3.0129,3.01|0.9373,0.7216,0.2196|256|0|1|1|1|1|0.1|1",
"P|Part|456.5892,104.8388,130.3269,0,0,-1,0.9945,0.1048,0,0.1048,-0.9945,0|0.8691,3.107,3.0853|0.9725,0.9725,0.9725|256|0|1|1|1|1|0.1|1",
"P|Part|18.9405,78.9215,80.8627,0,-0.7071,-0.7071,1,0,0,0,-0.7071,0.7071|0.1498,0.3434,2.189|0.9373,0.7216,0.2196|256|0|1|1|1|1|0.1|1",
"P|Part|193.6106,154.9849,18.0511,0,0,-1,0,1,0,1,0,0|0.467,5.7054,0.9339|0.9373,0.7216,0.2196|256|0|1|1|1|1|0.1|1",
"P|Part|383.0699,156.5242,18.0569,0,0,1,0,-1,0,1,0,0|0.467,0.2547,0.9339|0.9373,0.7216,0.2196|256|0|1|1|1|1|0.1|1",
"P|Part|456.5894,109.8353,120.3972,0,0,-1,1,0.0075,0,0.0075,-1,0|1.2578,0.6176,7.1059|0.9725,0.9725,0.9725|256|0|1|1|1|1|0|1",
"P|Part|456.5892,122.201,130.7191,0,0,-1,-0.2335,-0.9724,0,-0.9724,0.2335,0|0.5199,0.8181,4.424|0.9373,0.7216,0.2196|256|0|1|1|1|1|0.1|1",
"P|Part|-227.9642,115.6452,146.7618,1,0,0,0,1,0,0,0,1|2.1426,51.6178,1.0713|0.8745,0.8745,0.8706|256|0|1|1|1|1|0|1",
"P|Part|155.6152,146.4309,144.7148,0,0,1,0,-1,0,1,0,0|0.467,0.2547,0.9339|0.9373,0.7216,0.2196|256|0|1|1|1|1|0.1|1",
"P|Part|-233.1503,86.7928,44.2566,0,0,-1,0,1,0,1,0,0|2.4348,6.087,1.2174|0.8745,0.8745,0.8706|256|0|1|1|1|1|0|1",
"P|Part|174.3455,66.4674,23.3463,0,0,1,0,1,0,-1,0,0|0.0302,0.3862,1.0138|0.4196,0.1961,0.4863|256|0|1|1|1|1|0.1|1",
"P|Part|-105.9318,143.402,-9.9178,-1,0,0,0,1,0,0,0,-1|2.4348,4.8696,1.2174|0.8745,0.8745,0.8706|256|0|1|1|1|1|0|1",
"P|Part|456.5892,100.785,40.8267,0,0,-1,0.9727,-0.2319,0,-0.2319,-0.9727,0|1.2578,0.668,7.1059|0.9725,0.9725,0.9725|256|0|1|1|1|1|0|1",
"P|Part|456.5896,77.6337,108.677,0,0,-1,0,1,0,1,0,0|32.1978,7.6603,15.1979|0.9725,0.9725,0.9725|256|0|1|1|1|1|0|1",
"P|Part|456.5889,136.7809,105.6982,0,0,-1,-0.6935,0.7204,0,0.7204,0.6935,0|1.2816,6.7849,4.5497|0.9725,0.9725,0.9725|256|0|1|1|1|1|0|1",
"P|Part|456.5893,116.2064,130.2399,0,0,-1,0.9928,-0.1201,0,-0.1201,-0.9928,0|0.8691,3.107,3.0853|0.9725,0.9725,0.9725|256|0|1|1|1|1|0.1|1",
"P|Part|-227.1851,147.1759,172.0838,1,0,0,0,1,0,0,0,1|2.9218,2.6783,1.4609|0.8745,0.8745,0.8706|256|0|1|1|1|1|0|1",
"P|Part|409.4643,153.2417,22.1516,-0.7071,0,-0.7071,0,1,0,0.7071,0,-0.7071|0.0302,0.3862,1.0138|0.4196,0.1961,0.4863|256|0|1|1|1|1|0.1|1",
"P|Part|352.1438,82.1805,18.0511,0,1,0,1,0,0,0,0,-1|2.0061,3.0129,3.01|0.9373,0.7216,0.2196|256|0|1|1|1|1|0.1|1",
"P|Part|456.5894,96.807,41.9958,0,0,-1,0.9438,-0.3306,0,-0.3306,-0.9438,0|1.2578,0.668,7.1059|0.9725,0.9725,0.9725|256|0|1|1|1|1|0|1",
"P|Object.aa82|-179.3312,97.2534,71.9073,0,0,1,0,1,0,-1,0,0|3.3187,4.4737,2.4154|0.9373,0.7216,0.2196|256|0|1|1|1|1|0|1",
"P|Part|456.5893,97.3567,130.5912,0,0,-1,0.2436,-0.9699,0,-0.9699,-0.2436,0|0.5199,0.8181,4.424|0.9373,0.7216,0.2196|256|0|1|1|1|1|0.1|1",
"P|Part|456.5892,101.077,56.6629,0,0,-1,-0.9325,0.3611,0,0.3611,0.9325,0|0.8691,4.6011,3.0853|0.9725,0.9725,0.9725|256|0|1|1|1|1|0|1",
"P|Part|171.4643,66.4674,22.1516,-0.7071,0,-0.7071,0,1,0,0.7071,0,-0.7071|0.0302,0.3862,1.0138|0.4196,0.1961,0.4863|256|0|1|1|1|1|0.1|1",
"P|Part|456.5893,95.3613,46.153,0,0,-1,-0.9167,0.3995,0,0.3995,0.9167,0|1.2816,6.7849,4.5497|0.9725,0.9725,0.9725|256|0|1|1|1|1|0|1",
"P|Part|456.5889,119.5706,30.3897,0,0,-1,0.9824,0.1867,0,0.1867,-0.9824,0|0.8691,3.107,3.0853|0.9725,0.9725,0.9725|256|0|1|1|1|1|0.1|1",
"P|Part|456.5892,140.1361,120.7519,0,0,-1,-0.8049,0.5934,0,0.5934,0.8049,0|0.8691,3.107,3.0853|0.9725,0.9725,0.9725|256|0|1|1|1|1|0.1|1",
"P|Part|175.3592,152.8554,139.3676,0,0,-1,0,-1,0,-1,0,0|0.0302,0.3862,1.0138|0.4196,0.1961,0.4863|256|0|1|1|1|1|0.1|1",
"P|Part|456.589,145.821,115.8753,0,0,-1,-0.7084,0.7058,0,0.7058,0.7084,0|0.8691,3.107,3.0853|0.9725,0.9725,0.9725|256|0|1|1|1|1|0.1|1",
"P|Part|456.5892,127.6528,47.4807,0,0,-1,-0.8807,-0.4737,0,-0.4737,0.8807,0|1.2816,6.7849,4.5497|0.9725,0.9725,0.9725|256|0|1|1|1|1|0|1",
"P|Part|456.5892,147.052,45.5157,0,0,-1,0.6831,0.7303,0,0.7303,-0.6831,0|0.8691,3.107,3.0853|0.9725,0.9725,0.9725|256|0|1|1|1|1|0.1|1",
"P|Part|351.6767,152.0048,144.7091,0,0,1,0,-1,0,1,0,0|0.467,0.2547,0.9339|0.9373,0.7216,0.2196|256|0|1|1|1|1|0.1|1",
"P|Part|456.589,134.29,92.911,0,0,-1,0.47,-0.8827,0,-0.8827,-0.47,0|0.8529,0.4188,4.8188|0.9725,0.9725,0.9725|256|0|1|1|1|1|0|1",
"P|Part|456.5894,161.3837,88.8143,0,0,-1,0.9859,0.1675,0,0.1675,-0.9859,0|0.5199,0.8181,4.424|0.9373,0.7216,0.2196|256|0|1|1|1|1|0.1|1",
"P|Part.586e|-193.9493,104.5223,72.0019,0,0,-1,0,1,0,1,0,0|3.3187,0.6727,3.0289|0.9373,0.7216,0.2196|256|0|1|1|1|1|0|1",
"P|Part|24.4105,78.2,82.61,0,1,0,-1,0,0,0,0,1|0.2256,0.5172,3.2973|0.9373,0.7216,0.2196|256|0|1|1|1|1|0.1|1",
"P|Part|456.5892,99.4121,29.121,0,0,-1,0.2042,0.9789,0,0.9789,-0.2042,0|0.5199,0.8181,4.424|0.9373,0.7216,0.2196|256|0|1|1|1|1|0.1|1",
"P|Part|-227.185,147.1759,164.7794,-1,0,0,0,1,0,0,0,-1|2.9218,2.6783,1.4609|0.8745,0.8745,0.8706|256|0|1|1|1|1|0|1",
"M|Cloud|214.3997,276.1442,-197.4045,1,0,0,0,-1,0,0,0,-1|51.8872,26.887,72.9216|1,1,1|256|0|1|1|1|1|0|1|rbxassetid://4862430258|",
"P|Part|-210.6284,84.9667,168.4316,1,0,0,0,1,0,0,0,1|12.174,2.4348,12.174|0.8745,0.8745,0.8706|256|0|1|1|1|1|0|1",
"P|Part|456.5892,107.3017,28.0965,0,0,-1,0.0526,0.9986,0,0.9986,-0.0526,0|0.5199,0.8181,4.424|0.9373,0.7216,0.2196|256|0|1|1|1|1|0.1|1",
"P|Part|-86.4534,143.402,44.8653,1,0,0,0,1,0,0,0,1|2.4348,4.8696,1.2174|0.8745,0.8745,0.8706|256|0|1|1|1|1|0|1",
"P|Part|456.5893,131.0717,45.5854,0,0,-1,0.8547,0.5192,0,0.5192,-0.8547,0|1.2578,0.668,7.1059|0.9725,0.9725,0.9725|256|0|1|1|1|1|0|1",
"P|Part|23.3893,82.6997,82.61,0,1,0,-1,0,0,0,0,1|0.1637,0.3754,2.3934|0.9373,0.7216,0.2196|256|0|1|1|1|1|0.1|1",
"P|Part|456.5893,137.9943,37.8699,0,0,-1,0.8344,0.5511,0,0.5511,-0.8344,0|0.8691,3.107,3.0853|0.9725,0.9725,0.9725|256|0|1|1|1|1|0.1|1",
"P|Part|292.675,166.1327,144.7148,0,0,1,0,1,0,-1,0,0|0.467,5.7054,0.9339|0.9373,0.7216,0.2196|256|0|1|1|1|1|0.1|1",
"P|Part|456.5893,89.5141,32.2357,0,0,-1,-0.3942,-0.919,0,-0.919,0.3942,0|0.5199,0.8181,4.424|0.9373,0.7216,0.2196|256|0|1|1|1|1|0.1|1",
"P|Part|253.8546,149.61,18.0554,0,1,0,1,0,0,0,0,-1|0.4577,12.0518,12.0518|0.9373,0.7216,0.2196|256|0|1|1|1|1|0.1|1",
"P|Object.c800|-186.5856,94.4704,82.5104,0,0,1,0,1,0,-1,0,0|0.1967,0.4945,17.2214|0.8353,0.451,0.2392|256|0|1|1|1|1|0|1",
"P|Part|178.2346,66.4674,13.9482,0.7071,0,0.7071,0,1,0,-0.7071,0,0.7071|0.0302,0.3862,1.0138|0.4196,0.1961,0.4863|256|0|1|1|1|1|0.1|1",
"P|Part|332.3455,66.4674,23.3463,0,0,1,0,1,0,-1,0,0|0.0302,0.3862,1.0138|0.4196,0.1961,0.4863|256|0|1|1|1|1|0.1|1",
"P|Part|456.5893,93.1181,43.4913,0,0,-1,0.9066,-0.422,0,-0.4221,-0.9066,0|1.2578,0.668,7.1059|0.9725,0.9725,0.9725|256|0|1|1|1|1|0|1",
"P|Part|456.589,108.4606,120.3634,0,0,-1,0.9991,0.0415,0,0.0415,-0.9991,0|1.2578,0.6176,7.1059|0.9725,0.9725,0.9725|256|0|1|1|1|1|0|1",
"M|Object.6ac5|-193.0264,111.6358,80.5571,0,0,-1,0,1,0,1,0,0|15.1831,9.8889,1.2503|0.9373,0.7216,0.2196|256|0|0|1|1|1|0|1|rbxassetid://1619394557|",
"P|Part|-130.0364,115.6452,170.5742,0,0,1,0,1,0,-1,0,0|2.1426,51.6178,1.0713|0.8745,0.8745,0.8706|256|0|1|1|1|1|0|1",
"P|Part|415.0119,109.5029,12.8584,0,0.7071,0.7071,1,0,0,0,0.7071,-0.7071|92.9902,0.6058,0.6058|0.9373,0.7216,0.2196|256|0|1|1|1|1|0.1|1",
"P|Part|456.589,96.3074,29.8677,0,0,-1,0.2638,0.9646,0,0.9646,-0.2638,0|0.5199,0.8181,4.424|0.9373,0.7216,0.2196|256|0|1|1|1|1|0.1|1",
"P|Part|456.5889,86.9488,89.6052,0,0,-1,-0.381,-0.9246,0,-0.9246,0.381,0|0.8691,4.6011,3.0853|0.9725,0.9725,0.9725|256|0|1|1|1|1|0|1",
"P|Part|456.5892,129.1035,96.4581,0,0,-1,-0.6543,0.7563,0,0.7563,0.6543,0|0.8691,4.6011,3.0853|0.9725,0.9725,0.9725|256|0|1|1|1|1|0|1",
"U|CorinthianCapital|84.9285,152.3697,8.9184,-0.25,0.067,-0.9659,0.2588,0.9659,0,0.933,-0.25,-0.2588|2.0992,5.5728,2.2216|0.9725,0.9725,0.9725|256|0|1|1|1|1|0|1",
"P|Part|456.5893,132.1523,92.062,0,0,-1,-0.479,0.8778,0,0.8778,0.479,0|0.8691,4.6011,3.0853|0.9725,0.9725,0.9725|256|0|1|1|1|1|0|1",
"P|Part|456.5892,144.2559,101.5942,0,0,-1,0.5339,-0.8455,0,-0.8455,-0.5339,0|1.2578,0.6176,7.1059|0.9725,0.9725,0.9725|256|0|1|1|1|1|0|1",
"P|Part|456.5892,111.2714,52.7251,0,0,-1,0.9991,0.0416,0,0.0416,-0.9991,0|0.8529,0.453,4.8188|0.9725,0.9725,0.9725|256|0|1|1|1|1|0|1",
"P|Part|-188.7151,86.7928,-3.8308,1,0,0,0,1,0,0,0,1|2.4348,6.087,1.2174|0.8745,0.8745,0.8706|256|0|1|1|1|1|0|1",
"P|Part|456.5893,122.0078,118.6084,0,0,-1,0.9557,-0.2942,0,-0.2942,-0.9557,0|1.2578,0.6176,7.1059|0.9725,0.9725,0.9725|256|0|1|1|1|1|0|1",
"P|Part|-86.2099,115.6452,121.8781,0,0,1,0,1,0,-1,0,0|2.1426,51.6178,1.0713|0.8745,0.8745,0.8706|256|0|1|1|1|1|0|1",
"P|Part|456.5897,96.8053,56.1697,0,0,-1,0.8731,-0.4875,0,-0.4875,-0.8731,0|0.8529,0.453,4.8188|0.9725,0.9725,0.9725|256|0|1|1|1|1|0|1",
"P|Part|412.8546,150.0677,18.0554,0,1,0,1,0,0,0,0,-1|0.4577,13.5582,13.5582|0.9373,0.7216,0.2196|256|0|1|1|1|1|0.1|1",
"P|Part|-132.7147,115.6452,172.1812,1,0,0,0,1,0,0,0,1|2.1426,51.6178,1.0713|0.8745,0.8745,0.8706|256|0|1|1|1|1|0|1",
"P|Part|174.8539,63.2071,144.7121,0,1,0,1,0,0,0,0,-1|0.4577,12.0518,12.0518|0.9373,0.7216,0.2196|256|0|1|1|1|1|0.1|1",
"P|Part|456.5894,158.5303,94.6698,0,0,-1,-0.2891,0.9573,0,0.9573,0.2891,0|0.8691,3.107,3.0853|0.9725,0.9725,0.9725|256|0|1|1|1|1|0.1|1",
"P|Part|456.5892,92.6156,112.623,0,0,-1,-0.8807,-0.4737,0,-0.4737,0.8807,0|1.2816,6.7849,4.5497|0.9725,0.9725,0.9725|256|0|1|1|1|1|0|1",
"P|Part|456.5893,99.1576,105.1125,0,0,-1,0.916,0.4012,0,0.4012,-0.916,0|0.8529,0.4188,4.8188|0.9725,0.9725,0.9725|256|0|1|1|1|1|0|1",
"P|Part|456.589,86.1005,51.9425,0,0,-1,-0.7601,0.6498,0,0.6498,0.7601,0|1.2816,6.7849,4.5497|0.9725,0.9725,0.9725|256|0|1|1|1|1|0|1",
"P|Part|456.5893,123.9166,42.1514,0,0,-1,0.9398,0.3417,0,0.3417,-0.9398,0|1.2578,0.668,7.1059|0.9725,0.9725,0.9725|256|0|1|1|1|1|0|1",
"P|Part|-225.8459,86.7928,-6.8743,0,0,1,0,1,0,-1,0,0|2.4348,6.087,1.2174|0.8745,0.8745,0.8706|256|0|1|1|1|1|0|1",
"P|Part|259.1486,66.4674,144.2243,1,0,0,0,1,0,0,0,1|0.0302,0.3862,1.0138|0.4196,0.1961,0.4863|256|0|1|1|1|1|0.1|1",
"P|Part|456.5894,111.2174,29.5132,0,0,-1,0.9998,0.0214,0,0.0214,-0.9998,0|0.8691,3.107,3.0853|0.9725,0.9725,0.9725|256|0|1|1|1|1|0.1|1",
"P|Part|-86.4534,143.402,14.4303,-1,0,0,0,1,0,0,0,-1|2.4348,4.8696,1.2174|0.8745,0.8745,0.8706|256|0|1|1|1|1|0|1",
"P|Part|456.589,141.474,99.6801,0,0,-1,0.5308,-0.8475,0,-0.8475,-0.5308,0|1.2816,6.7849,4.5497|0.9725,0.9725,0.9725|256|0|1|1|1|1|0|1",
"P|Part|174.3452,66.0812,23.3463,0,0,1,0,-1,0,1,0,0|0.0302,0.3862,1.0138|0.4196,0.1961,0.4863|256|0|1|1|1|1|0.1|1",
"P|Part|456.589,159.35,68.4952,0,0,-1,0.2286,0.9735,0,0.9735,-0.2286,0|0.8691,3.107,3.0853|0.9725,0.9725,0.9725|256|0|1|1|1|1|0.1|1",
"P|Part|456.5894,117.7565,56.1558,0,0,-1,-0.9527,-0.3039,0,-0.3039,0.9527,0|0.8691,4.6011,3.0853|0.9725,0.9725,0.9725|256|0|1|1|1|1|0|1",
"P|Part|417.1078,66.5821,21.2092,0.7071,0,-0.7071,0,1,0,0.7071,0,0.7071|0.0481,0.6156,1.616|0.9373,0.7216,0.2196|256|0|1|1|1|1|0.1|1",
"P|Part|118.9493,156.5242,18.0511,0,0,1,0,-1,0,1,0,0|0.467,0.2547,0.9339|0.9373,0.7216,0.2196|256|0|1|1|1|1|0.1|1",
"P|Part|456.5892,149.1263,112.2334,0,0,-1,-0.6365,0.7713,0,0.7713,0.6365,0|0.8691,3.107,3.0853|0.9725,0.9725,0.9725|256|0|1|1|1|1|0.1|1",
"P|Part|104.0652,143.0838,18.0511,0,0,-1,0,1,0,1,0,0|0.467,5.7054,0.9339|0.9373,0.7216,0.2196|256|0|1|1|1|1|0.1|1",
"P|Part|456.589,146.3405,42.7502,0,0,-1,0.697,-0.717,0,-0.717,-0.697,0|0.5199,0.8181,4.424|0.9373,0.7216,0.2196|256|0|1|1|1|1|0.1|1",
"P|Part|-86.2099,115.6452,43.9644,0,0,1,0,1,0,-1,0,0|2.1426,51.6178,1.0713|0.8745,0.8745,0.8706|256|0|1|1|1|1|0|1",
"P|Part|409.4468,66.4674,13.9741,0.7071,0,-0.7071,0,1,0,0.7071,0,0.7071|0.0302,0.3862,1.0138|0.4196,0.1961,0.4863|256|0|1|1|1|1|0.1|1",
"P|Part|456.5894,72.7215,95.0924,0,0,-1,-0.3731,-0.9278,0,-0.9278,0.3731,0|1.2578,0.668,7.1059|0.9725,0.9725,0.9725|256|0|1|1|1|1|0|1",
"P|Part|407.5606,66.4674,144.224,1,0,0,0,1,0,0,0,1|0.0302,0.3862,1.0138|0.4196,0.1961,0.4863|256|0|1|1|1|1|0.1|1",
"P|Part|219.7311,160.1397,18.0568,0,0,-1,0,-1,0,-1,0,0|0.467,0.2547,0.9339|0.9373,0.7216,0.2196|256|0|1|1|1|1|0.1|1",
"P|Part|456.5894,97.2626,130.5671,0,0,-1,0.2454,-0.9694,0,-0.9694,-0.2454,0|0.5199,0.8181,4.424|0.9373,0.7216,0.2196|256|0|1|1|1|1|0.1|1",
"P|Part|337.1078,65.9665,147.8672,-0.7071,0,-0.7071,0,-1,0,-0.7071,0,0.7071|0.0481,0.6156,1.616|0.9373,0.7216,0.2196|256|0|1|1|1|1|0.1|1",
"P|Part|328.5734,65.9665,147.8392,-0.7071,0,0.7071,0,-1,0,0.7071,0,0.7071|0.0481,0.6156,1.616|0.9373,0.7216,0.2196|256|0|1|1|1|1|0.1|1",
"P|Part|456.5892,136.2914,123.3245,0,0,-1,-0.8558,0.5173,0,0.5173,0.8558,0|0.8691,3.107,3.0853|0.9725,0.9725,0.9725|256|0|1|1|1|1|0.1|1",
"P|Part|259.1486,66.4674,145.238,-1,0,0,0,1,0,0,0,-1|0.0302,0.3862,1.0138|0.4196,0.1961,0.4863|256|0|1|1|1|1|0.1|1",
"P|Part|456.5889,145.0913,41.5893,0,0,-1,-0.6732,0.7395,0,0.7395,0.6732,0|0.5199,0.8181,4.424|0.9373,0.7216,0.2196|256|0|1|1|1|1|0.1|1",
"P|Part|-91.0308,115.6452,-4.196,1,0,0,0,1,0,0,0,1|2.1426,51.6178,1.0713|0.8745,0.8745,0.8706|256|0|1|1|1|1|0|1",
"P|Part|456.589,111.0863,54.9873,0,0,-1,-0.9993,-0.0381,0,-0.0381,0.9993,0|0.8691,4.6011,3.0853|0.9725,0.9725,0.9725|256|0|1|1|1|1|0|1",
"P|Part|416.2346,66.0812,13.9482,-0.7071,0,0.7071,0,-1,0,0.7071,0,0.7071|0.0302,0.3862,1.0138|0.4196,0.1961,0.4863|256|0|1|1|1|1|0.1|1",
"P|Part|456.5892,150.719,49.9092,0,0,-1,0.5962,0.8028,0,0.8028,-0.5962,0|0.8691,3.107,3.0853|0.9725,0.9725,0.9725|256|0|1|1|1|1|0.1|1",
"P|Part|-154.3844,115.6452,166.2889,0,0,1,0,1,0,-1,0,0|2.1426,51.6178,1.0713|0.8745,0.8745,0.8706|256|0|1|1|1|1|0|1",
"U|CorinthianCapital|90.5936,152.3697,143.7916,-0.933,0.25,-0.2588,0.2588,0.9659,0,0.25,-0.067,-0.9659|2.0992,5.5728,2.2216|0.9725,0.9725,0.9725|256|0|1|1|1|1|0|1",
"P|Part|178.2178,66.0812,148.8376,0.7071,0,0.7071,0,-1,0,0.7071,0,-0.7071|0.0302,0.3862,1.0138|0.4196,0.1961,0.4863|256|0|1|1|1|1|0.1|1",
"P|Part|266.8712,145.4051,144.7091,0,1,0,1,0,0,0,0,-1|2.2924,0.5094,0.467|0.9373,0.7216,0.2196|256|0|1|1|1|1|0.1|1",
"P|Part|-83.7751,147.1759,-6.8743,0,0,1,0,1,0,-1,0,0|2.9218,2.6783,1.4609|0.8745,0.8745,0.8706|256|0|1|1|1|1|0|1",
"P|Part|456.5892,128.3091,112.2631,0,0,-1,-0.871,0.4914,0,0.4914,0.871,0|1.2816,6.7849,4.5497|0.9725,0.9725,0.9725|256|0|1|1|1|1|0|1",
"P|Part|456.5892,87.8775,34.6504,0,0,-1,-0.8979,0.4402,0,0.4402,0.8979,0|0.8691,3.107,3.0853|0.9725,0.9725,0.9725|256|0|1|1|1|1|0.1|1",
"P|Part|452.1967,147.6813,79.0937,1,0,0,0,0,1,0,-1,0|0.1432,1.8333,4.8125|0.4196,0.1961,0.4863|256|0|1|1|1|1|0.1|1",
"P|Part|456.5892,156.0157,101.2844,0,0,-1,-0.42,0.9075,0,0.9075,0.42,0|0.8691,3.107,3.0853|0.9725,0.9725,0.9725|256|0|1|1|1|1|0.1|1",
"P|Part|-226.4546,147.1759,-3.9525,0,0,1,0,1,0,-1,0,0|2.9218,2.6783,1.4609|0.8745,0.8745,0.8706|256|0|1|1|1|1|0|1",
"P|Part|456.5893,108.2747,29.5353,0,0,-1,0.9993,-0.0368,0,-0.0368,-0.9993,0|0.8691,3.107,3.0853|0.9725,0.9725,0.9725|256|0|1|1|1|1|0.1|1",
"P|Part|456.5892,156.3099,56.1931,0,0,-1,0.8885,-0.4589,0,-0.4589,-0.8885,0|0.5199,0.8181,4.424|0.9373,0.7216,0.2196|256|0|1|1|1|1|0.1|1",
"P|Part|456.5893,159.22,92.1589,0,0,-1,-0.2395,0.9709,0,0.9709,0.2395,0|0.8691,3.107,3.0853|0.9725,0.9725,0.9725|256|0|1|1|1|1|0.1|1",
"P|Part|20.6876,77.5517,80.2692,0,0,-1,1,0,0,0,-1,0|13.3911,0.3253,2.0737|0.9725,0.9725,0.9725|256|0|1|1|1|1|0|1",
"P|Part|-186.2803,147.1759,163.3185,-1,0,0,0,1,0,0,0,-1|2.9218,2.6783,1.4609|0.8745,0.8745,0.8706|256|0|1|1|1|1|0|1",
"P|Part|-110.8014,143.402,171.4751,1,0,0,0,1,0,0,0,1|2.4348,4.8696,1.2174|0.8745,0.8745,0.8706|256|0|1|1|1|1|0|1",
"P|Part|456.5894,137.7295,50.6402,0,0,-1,0.7293,0.6842,0,0.6842,-0.7293,0|1.2578,0.668,7.1059|0.9725,0.9725,0.9725|256|0|1|1|1|1|0|1",
"P|Part|412.8539,155.7692,144.7121,0,1,0,1,0,0,0,0,-1|0.4577,12.0518,12.0518|0.9373,0.7216,0.2196|256|0|1|1|1|1|0.1|1",
"P|Part|182.5985,139.078,144.709,0,1,0,1,0,0,0,0,-1|2.2924,0.5094,0.467|0.9373,0.7216,0.2196|256|0|1|1|1|1|0.1|1",
"P|Part|-227.672,86.7928,141.04,-1,0,0,0,1,0,0,0,-1|2.4348,6.087,1.2174|0.8745,0.8745,0.8706|256|0|1|1|1|1|0|1",
"P|Part|404.6273,118.1851,144.7148,0,-1,0,1,0,0,0,0,1|2.0061,3.0129,3.01|0.9373,0.7216,0.2196|256|0|1|1|1|1|0.1|1",
"P|Part|456.5892,107.2989,55.1311,0,0,-1,-0.9936,0.113,0,0.113,0.9936,0|0.8691,4.6011,3.0853|0.9725,0.9725,0.9725|256|0|1|1|1|1|0|1",
"P|Part|456.5889,111.8194,29.529,0,0,-1,0.9994,0.0334,0,0.0334,-0.9994,0|0.8691,3.107,3.0853|0.9725,0.9725,0.9725|256|0|1|1|1|1|0.1|1",
"P|Part|456.5894,87.5614,64.6116,0,0,-1,0.5644,-0.8255,0,-0.8255,-0.5644,0|0.8529,0.453,4.8188|0.9725,0.9725,0.9725|256|0|1|1|1|1|0|1",
"P|Part|258.1243,66.5821,141.5742,-0.7071,0,-0.7071,0,1,0,0.7071,0,-0.7071|0.0481,0.6156,1.616|0.9373,0.7216,0.2196|256|0|1|1|1|1|0.1|1",
"P|Part|456.5892,114.0643,130.4526,0,0,-1,0.997,-0.0778,0,-0.0778,-0.997,0|0.8691,3.107,3.0853|0.9725,0.9725,0.9725|256|0|1|1|1|1|0.1|1",
"P|Part|456.5893,118.16,116.1542,0,0,-1,-0.9762,0.2169,0,0.2169,0.9762,0|1.2816,6.7849,4.5497|0.9725,0.9725,0.9725|256|0|1|1|1|1|0|1",
"P|Part|456.5894,125.12,59.9401,0,0,-1,-0.8018,-0.5975,0,-0.5975,0.8018,0|0.8691,4.6011,3.0853|0.9725,0.9725,0.9725|256|0|1|1|1|1|0|1",
"P|Part|456.5894,116.2032,53.3842,0,0,-1,0.9751,0.2218,0,0.2218,-0.9751,0|0.8529,0.453,4.8188|0.9725,0.9725,0.9725|256|0|1|1|1|1|0|1",
"P|Part|384.0037,159.5042,18.0569,0,0,-1,0,1,0,1,0,0|0.467,5.7054,0.9339|0.9373,0.7216,0.2196|256|0|1|1|1|1|0.1|1",
"P|Part|383.0699,159.5042,144.7148,0,0,1,0,1,0,-1,0,0|0.467,5.7054,0.9339|0.9373,0.7216,0.2196|256|0|1|1|1|1|0.1|1",
"P|Part|-232.5416,143.402,-9.9178,-1,0,0,0,1,0,0,0,-1|2.4348,4.8696,1.2174|0.8745,0.8745,0.8706|256|0|1|1|1|1|0|1",
"P|Part|456.5892,154.139,104.9419,0,0,-1,-0.4923,0.8704,0,0.8704,0.4923,0|0.8691,3.107,3.0853|0.9725,0.9725,0.9725|256|0|1|1|1|1|0.1|1",
"P|Part|456.5889,107.5522,130.5399,0,0,-1,0.9987,0.0511,0,0.0511,-0.9987,0|0.8691,3.107,3.0853|0.9725,0.9725,0.9725|256|0|1|1|1|1|0.1|1",
"P|Object.ff0d|-186.5856,94.4704,76.0707,0,0,1,0,1,0,-1,0,0|0.1967,0.4945,17.2214|0.8353,0.451,0.2392|256|0|1|1|1|1|0|1",
"P|Part|456.5893,110.1672,132.1597,0,0,-1,-0.0024,-1,0,-1,0.0024,0|0.5199,0.8181,4.424|0.9373,0.7216,0.2196|256|0|1|1|1|1|0.1|1",
"P|Part|416.9515,153.2417,141.323,-0.7071,0,-0.7071,0,1,0,0.7071,0,-0.7071|0.0302,0.3862,1.0138|0.4196,0.1961,0.4863|256|0|1|1|1|1|0.1|1",
"P|Part|240.8217,143.0838,18.0569,0,0,-1,0,1,0,1,0,0|0.467,5.7054,0.9339|0.9373,0.7216,0.2196|256|0|1|1|1|1|0.1|1",
"P|Part|-110.8014,143.402,165.3881,-1,0,0,0,1,0,0,0,-1|2.4348,4.8696,1.2174|0.8745,0.8745,0.8706|256|0|1|1|1|1|0|1",
"P|Part|-230.1068,150.6455,144.0835,-1,0,0,0,-1,0,0,0,1|14.6088,0.8522,14.6088|0.8745,0.8745,0.8706|256|0|1|1|1|1|0|1",
"P|Part|261.1314,140.1037,144.7091,0,0,1,0,-1,0,1,0,0|0.467,0.2547,0.9339|0.9373,0.7216,0.2196|256|0|1|1|1|1|0.1|1",
"P|Part|18.9472,77.4864,84.3509,0,-0.7071,-0.7071,-1,0,0,0,0.7071,-0.7071|0.1492,0.3421,2.1808|0.9373,0.7216,0.2196|256|0|1|1|1|1|0.1|1",
"P|Part|-88.8882,143.402,123.9964,1,0,0,0,1,0,0,0,1|2.4348,4.8696,1.2174|0.8745,0.8745,0.8706|256|0|1|1|1|1|0|1",
"P|Part|175.8192,123.5212,18.0501,0,0,-1,0,1,0,1,0,0|3.0129,4.7177,3.0129|0.9373,0.7216,0.2196|256|0|1|1|1|1|0.1|1",
"P|Part|456.5894,137.5205,122.5588,0,0,-1,-0.8406,0.5416,0,0.5416,0.8406,0|0.8691,3.107,3.0853|0.9725,0.9725,0.9725|256|0|1|1|1|1|0.1|1",
"P|Part|-108.3666,147.1759,173.5447,1,0,0,0,1,0,0,0,1|2.9218,2.6783,1.4609|0.8745,0.8745,0.8706|256|0|1|1|1|1|0|1",
"P|Part|456.589,112.8039,116.9388,0,0,-1,-0.9974,0.0721,0,0.0721,0.9974,0|1.2816,6.7849,4.5497|0.9725,0.9725,0.9725|256|0|1|1|1|1|0|1",
"P|Part|332.0438,152.7408,23.2896,0,0,1,0,-1,0,1,0,0|0.0481,0.6156,1.616|0.9373,0.7216,0.2196|256|0|1|1|1|1|0.1|1",
"P|Part|456.5893,97.1693,31.1919,0,0,-1,0.9666,-0.2565,0,-0.2565,-0.9666,0|0.8691,3.107,3.0853|0.9725,0.9725,0.9725|256|0|1|1|1|1|0.1|1",
"P|Part|456.5894,98.671,118.7356,0,0,-1,0.9588,0.2841,0,0.2841,-0.9588,0|1.2578,0.6176,7.1059|0.9725,0.9725,0.9725|256|0|1|1|1|1|0|1",
"P|Part|20.688,77.6461,79.866,0,0,1,-1,0,0,0,-1,0|0.1663,0.3813,2.4307|0.9373,0.7216,0.2196|256|0|1|1|1|1|0.1|1",
"P|Part|456.5893,108.1942,107.3416,0,0,-1,0.9975,0.071,0,0.071,-0.9975,0|0.8529,0.4188,4.8188|0.9725,0.9725,0.9725|256|0|1|1|1|1|0|1",
"P|Part|-226.3572,115.6452,41.8218,0,0,1,0,1,0,-1,0,0|2.1426,51.6178,1.0713|0.8745,0.8745,0.8706|256|0|1|1|1|1|0|1",
"P|Part|456.5894,72.0003,80.0106,1,0,0,0,1,0,0,0,1|51.0449,3.6066,113.5653|0.9725,0.9725,0.9725|256|0|1|1|1|1|0|1",
"P|Part|456.5892,93.6131,46.9631,0,0,-1,-0.8947,0.4466,0,0.4466,0.8947,0|1.2816,6.7849,4.5497|0.9725,0.9725,0.9725|256|0|1|1|1|1|0|1",
"P|Part|346.4041,146.4309,18.0511,0,0,1,0,-1,0,1,0,0|0.467,0.2547,0.9339|0.9373,0.7216,0.2196|256|0|1|1|1|1|0.1|1",
"P|Part|456.5894,142.9508,63.0015,0,0,-1,-0.461,-0.8874,0,-0.8874,0.461,0|1.2816,6.7849,4.5497|0.9725,0.9725,0.9725|256|0|1|1|1|1|0|1",
"P|Part|456.5892,93.3928,127.7547,0,0,-1,0.9436,0.3312,0,0.3312,-0.9436,0|0.8691,3.107,3.0853|0.9725,0.9725,0.9725|256|0|1|1|1|1|0.1|1",
"P|Part|456.5893,117.4505,30.0339,0,0,-1,0.9895,0.1448,0,0.1448,-0.9895,0|0.8691,3.107,3.0853|0.9725,0.9725,0.9725|256|0|1|1|1|1|0.1|1",
"P|Part|456.5896,72.1765,66.4362,0,0,-1,0.3375,-0.9413,0,-0.9413,-0.3375,0|1.2578,0.668,7.1059|0.9725,0.9725,0.9725|256|0|1|1|1|1|0|1",
"P|Part|-186.2803,150.6455,-6.8743,-1,0,0,0,-1,0,0,0,1|14.6088,0.8522,14.6088|0.8745,0.8745,0.8706|256|0|1|1|1|1|0|1",
"P|Part|416.2178,66.0812,148.8376,0.7071,0,0.7071,0,-1,0,0.7071,0,-0.7071|0.0302,0.3862,1.0138|0.4196,0.1961,0.4863|256|0|1|1|1|1|0.1|1",
"P|Part|456.5892,151.6937,111.3556,0,0,-1,0.7998,0.6003,0,0.6003,-0.7998,0|0.5199,0.8181,4.424|0.9373,0.7216,0.2196|256|0|1|1|1|1|0.1|1",
"P|Part|456.589,144.5473,58.9751,0,0,-1,-0.5223,-0.8528,0,-0.8528,0.5223,0|1.2578,0.6176,7.1059|0.9725,0.9725,0.9725|256|0|1|1|1|1|0|1",
"P|Part|456.5893,76.8432,102.8458,0,0,-1,0.565,0.8251,0,0.8251,-0.565,0|1.2578,0.6176,7.1059|0.9725,0.9725,0.9725|256|0|1|1|1|1|0|1",
"P|Part|336.2346,66.0812,140.6062,-0.7071,0,0.7071,0,-1,0,0.7071,0,0.7071|0.0302,0.3862,1.0138|0.4196,0.1961,0.4863|256|0|1|1|1|1|0.1|1",
"P|Part|456.5896,92.8242,101.2366,0,0,-1,0.7744,0.6327,0,0.6327,-0.7744,0|0.8529,0.4188,4.8188|0.9725,0.9725,0.9725|256|0|1|1|1|1|0|1",
"P|Part|456.5894,92.352,116.2649,0,0,-1,0.8976,0.4408,0,0.4408,-0.8976,0|1.2578,0.6176,7.1059|0.9725,0.9725,0.9725|256|0|1|1|1|1|0|1",
"M|Cloud|-104.6003,288.1442,102.1955,1,0,0,0,-1,0,0,0,-1|51.8872,26.887,72.9216|1,1,1|256|0|1|1|1|1|0|1|rbxassetid://4862430258|",
"P|Part|456.5893,128.8231,44.3182,0,0,-1,0.8861,0.4634,0,0.4634,-0.8861,0|1.2578,0.668,7.1059|0.9725,0.9725,0.9725|256|0|1|1|1|1|0|1",
"P|Part|29.1389,73.1111,74.1589,0,0.7071,-0.7071,1,0,0,0,-0.7071,-0.7071|0.2362,1.661,10.5888|0.9373,0.7216,0.2196|256|0|1|1|1|1|0.1|1",
"P|Part|259.1486,152.8554,144.2242,-1,0,0,0,-1,0,0,0,1|0.0302,0.3862,1.0138|0.4196,0.1961,0.4863|256|0|1|1|1|1|0.1|1",
"P|Part|456.5893,106.8769,132.064,0,0,-1,0.0608,-0.9982,0,-0.9982,-0.0608,0|0.5199,0.8181,4.424|0.9373,0.7216,0.2196|256|0|1|1|1|1|0.1|1",
"P|Part|456.5894,127.1332,61.6068,0,0,-1,-0.7354,-0.6776,0,-0.6776,0.7354,0|0.8691,4.6011,3.0853|0.9725,0.9725,0.9725|256|0|1|1|1|1|0|1",
"P|Part|-189.2021,147.1759,-3.2221,1,0,0,0,1,0,0,0,1|2.9218,2.6783,1.4609|0.8745,0.8745,0.8706|256|0|1|1|1|1|0|1",
"P|Part|456.5896,116.6603,119.8632,0,0,-1,0.9868,-0.1617,0,-0.1617,-0.9868,0|1.2578,0.6176,7.1059|0.9725,0.9725,0.9725|256|0|1|1|1|1|0|1",
"P|Part|168.1332,123.5212,18.0557,0,0,1,0,1,0,-1,0,0|3.0129,4.7177,3.0129|0.9373,0.7216,0.2196|256|0|1|1|1|1|0.1|1",
"P|Part|230.2764,152.0048,144.7148,0,0,-1,0,-1,0,-1,0,0|0.467,0.2547,0.9339|0.9373,0.7216,0.2196|256|0|1|1|1|1|0.1|1",
"P|Part|346.8712,82.1805,18.0511,0,1,0,1,0,0,0,0,-1|2.0061,3.0129,3.01|0.9373,0.7216,0.2196|256|0|1|1|1|1|0.1|1",
"P|Part|113.6767,152.0048,144.7091,0,0,1,0,-1,0,1,0,0|0.467,0.2547,0.9339|0.9373,0.7216,0.2196|256|0|1|1|1|1|0.1|1",
"P|Part|245.6273,118.1851,144.7148,0,-1,0,1,0,0,0,0,1|2.0061,3.0129,3.01|0.9373,0.7216,0.2196|256|0|1|1|1|1|0.1|1",
"P|Part|394.0819,105.1661,18.0568,0,1,0,1,0,0,0,0,-1|78.1858,1.5065,1.5065|0.9373,0.7216,0.2196|256|0|1|1|1|1|0.1|1",
"P|Part|198.4164,82.1805,18.0511,0,1,0,1,0,0,0,0,-1|2.0061,3.0129,3.01|0.9373,0.7216,0.2196|256|0|1|1|1|1|0.1|1",
"P|Part|18.3813,83.0167,80.3037,0,-0.7071,0.7071,-1,0,0,0,-0.7071,-0.7071|0.1977,0.4532,2.8894|0.9373,0.7216,0.2196|256|0|1|1|1|1|0.1|1",
"P|Part|456.5892,113.5289,29.6146,0,0,-1,0.9977,0.0672,0,0.0672,-0.9977,0|0.8691,3.107,3.0853|0.9725,0.9725,0.9725|256|0|1|1|1|1|0.1|1",
"P|Part|-214.2806,147.1759,171.3533,0,0,-1,0,1,0,1,0,0|2.9218,2.6783,1.4609|0.8745,0.8745,0.8706|256|0|1|1|1|1|0|1",
"P|Part.eebb|-193.8147,117.3205,71.893,0,0,-1,-1,0,0,0,1,0|0.2272,2.8493,3.4154|0.1059,0.1647,0.2078|256|0|1|1|1|1|0|1",
"P|Part|114.1438,118.1851,144.7091,0,0,1,0,1,0,-1,0,0|3.0129,1.4035,31.6359|0.9373,0.7216,0.2196|256|0|1|1|1|1|0.1|1",
"P|Part|174.0438,66.5821,23.2897,0,0,1,0,1,0,-1,0,0|0.0481,0.6156,1.616|0.9373,0.7216,0.2196|256|0|1|1|1|1|0.1|1",
"P|Part|456.5892,150.299,47.0577,0,0,-1,0.7731,-0.6343,0,-0.6343,-0.7731,0|0.5199,0.8181,4.424|0.9373,0.7216,0.2196|256|0|1|1|1|1|0.1|1",
"P|Part|456.5893,90.5714,126.676,0,0,-1,0.9221,0.3869,0,0.3869,-0.9221,0|0.8691,3.107,3.0853|0.9725,0.9725,0.9725|256|0|1|1|1|1|0.1|1",
"P|Part|239.8878,140.1037,18.0569,0,0,1,0,-1,0,1,0,0|0.467,0.2547,0.9339|0.9373,0.7216,0.2196|256|0|1|1|1|1|0.1|1",
"P|Part|456.5894,92.5072,97.8896,0,0,-1,-0.7113,-0.7029,0,-0.7029,0.7113,0|0.8691,4.6011,3.0853|0.9725,0.9725,0.9725|256|0|1|1|1|1|0|1",
"P|Part|253.8546,150.0677,18.0554,0,1,0,1,0,0,0,0,-1|0.4577,13.5582,13.5582|0.9373,0.7216,0.2196|256|0|1|1|1|1|0.1|1",
"P|Part|23.0541,77.987,80.2439,0,0.7071,0.7071,-1,0,0,0,-0.7071,0.7071|0.2028,0.4649,2.9641|0.9373,0.7216,0.2196|256|0|1|1|1|1|0.1|1",
"P|Part|456.589,132.9552,90.4495,0,0,-1,0.4147,-0.91,0,-0.91,-0.4147,0|0.8691,4.6011,3.0853|0.9725,0.9725,0.9725|256|0|1|1|1|1|0|1",
"P|Part|171.6982,152.7408,13.7997,-0.7071,0,-0.7071,0,-1,0,-0.7071,0,0.7071|0.0481,0.6156,1.616|0.9373,0.7216,0.2196|256|0|1|1|1|1|0.1|1",
"P|Part|456.5892,108.2426,29.536,0,0,-1,0.9993,-0.0374,0,-0.0374,-0.9993,0|0.8691,3.107,3.0853|0.9725,0.9725,0.9725|256|0|1|1|1|1|0.1|1",
"P|Part|-92.6378,115.6452,168.4316,0,0,-1,0,1,0,1,0,0|2.1426,51.6178,1.0713|0.8745,0.8745,0.8706|256|0|1|1|1|1|0|1",
"P|Part|456.5892,126.9493,112.9915,0,0,-1,-0.8907,0.4546,0,0.4546,0.8907,0|1.2816,6.7849,4.5497|0.9725,0.9725,0.9725|256|0|1|1|1|1|0|1",
"P|Part|363.1559,160.1397,144.7091,0,0,-1,0,-1,0,-1,0,0|0.467,0.2547,0.9339|0.9373,0.7216,0.2196|256|0|1|1|1|1|0.1|1",
"P|Object.cce5|-193.9073,119.4131,85.3482,0,0,1,0.5,0.866,0,-0.866,0.5,0|7.7751,0.6727,1.5747|0.9373,0.7216,0.2196|256|0|1|1|1|1|0|1",
"P|Part|-159.9845,147.1759,-3.2221,1,0,0,0,1,0,0,0,1|2.9218,2.6783,1.4609|0.8745,0.8745,0.8706|256|0|1|1|1|1|0|1",
"P|Part|456.5893,70.0724,75.4326,0,0,-1,0.1144,-0.9934,0,-0.9934,-0.1144,0|1.2578,0.668,7.1059|0.9725,0.9725,0.9725|256|0|1|1|1|1|0|1",
"P|Part|456.5893,90.533,115.3129,0,0,-1,0.874,0.4859,0,0.4859,-0.874,0|1.2578,0.6176,7.1059|0.9725,0.9725,0.9725|256|0|1|1|1|1|0|1",
"P|Part|456.5893,99.796,30.5704,0,0,-1,0.9789,-0.2045,0,-0.2045,-0.9789,0|0.8691,3.107,3.0853|0.9725,0.9725,0.9725|256|0|1|1|1|1|0.1|1",
"P|Part|456.5894,119.1934,103.4384,0,0,-1,-0.9325,0.3611,0,0.3611,0.9325,0|0.8691,4.6011,3.0853|0.9725,0.9725,0.9725|256|0|1|1|1|1|0|1",
"P|Part|456.5894,116.4024,106.6841,0,0,-1,0.9734,-0.229,0,-0.229,-0.9734,0|0.8529,0.4188,4.8188|0.9725,0.9725,0.9725|256|0|1|1|1|1|0|1",
"P|Part|303.0699,156.5242,18.0569,0,0,1,0,-1,0,1,0,0|0.467,0.2547,0.9339|0.9373,0.7216,0.2196|256|0|1|1|1|1|0.1|1",
"P|Part|456.5893,142.3961,104.2904,0,0,-1,0.6007,-0.7995,0,-0.7995,-0.6007,0|1.2578,0.6176,7.1059|0.9725,0.9725,0.9725|256|0|1|1|1|1|0|1",
"P|Part|456.589,147.8618,113.7162,0,0,-1,-0.6658,0.7462,0,0.7462,0.6658,0|0.8691,3.107,3.0853|0.9725,0.9725,0.9725|256|0|1|1|1|1|0.1|1",
"P|Part|-233.759,147.1759,141.1618,0,0,-1,0,1,0,1,0,0|2.9218,2.6783,1.4609|0.8745,0.8745,0.8706|256|0|1|1|1|1|0|1",
"P|Part|456.5889,124.0125,45.7708,0,0,-1,-0.9269,-0.3753,0,-0.3753,0.9269,0|1.2816,6.7849,4.5497|0.9725,0.9725,0.9725|256|0|1|1|1|1|0|1",
"P|Part|409.716,153.3564,22.3235,-0.7071,0,-0.7071,0,1,0,0.7071,0,-0.7071|0.0481,0.6156,1.616|0.9373,0.7216,0.2196|256|0|1|1|1|1|0.1|1",
"P|Part|22.3429,77.5517,80.9548,0,0.7071,-0.7071,1,0,0,0,-0.7071,-0.7071|13.3911,0.3253,2.0737|0.9725,0.9725,0.9725|256|0|1|1|1|1|0|1",
"P|Part|177.9651,152.7408,149.0093,0.7071,0,0.7071,0,-1,0,0.7071,0,-0.7071|0.0481,0.6156,1.616|0.9373,0.7216,0.2196|256|0|1|1|1|1|0.1|1",
"P|Part|-93.1491,143.402,144.0835,0,0,-1,0,1,0,1,0,0|2.4348,4.8696,1.2174|0.8745,0.8745,0.8706|256|0|1|1|1|1|0|1",
"P|Part|-230.1068,143.402,13.2129,-1,0,0,0,1,0,0,0,-1|2.4348,4.8696,1.2174|0.8745,0.8745,0.8706|256|0|1|1|1|1|0|1",
"P|Part|19.0325,77.5517,84.2651,0,-0.7071,0.7071,1,0,0,0,0.7071,0.7071|13.3911,0.3253,2.0737|0.9725,0.9725,0.9725|256|0|1|1|1|1|0|1",
"P|Part|-86.7456,115.6452,44.5001,1,0,0,0,1,0,0,0,1|2.1426,51.6178,1.0713|0.8745,0.8745,0.8706|256|0|1|1|1|1|0|1",
"P|Part|456.5896,92.9811,61.7592,0,0,-1,-0.7294,0.684,0,0.684,0.7294,0|0.8691,4.6011,3.0853|0.9725,0.9725,0.9725|256|0|1|1|1|1|0|1",
"P|Part|456.5894,101.0104,28.8135,0,0,-1,0.1735,0.9848,0,0.9848,-0.1735,0|0.5199,0.8181,4.424|0.9373,0.7216,0.2196|256|0|1|1|1|1|0.1|1",
"P|Part|418.1486,66.4674,18.5801,-1,0,0,0,1,0,0,0,-1|0.0302,0.3862,1.0138|0.4196,0.1961,0.4863|256|0|1|1|1|1|0.1|1",
"P|Part|-134.8573,115.6452,165.7533,-1,0,0,0,1,0,0,0,-1|2.1426,51.6178,1.0713|0.8745,0.8745,0.8706|256|0|1|1|1|1|0|1",
"P|Part|352.1438,118.1851,18.0511,0,1,0,1,0,0,0,0,-1|2.0061,3.0129,3.01|0.9373,0.7216,0.2196|256|0|1|1|1|1|0.1|1",
"P|Part|-207.5849,86.7928,170.8664,0,0,1,0,1,0,-1,0,0|2.4348,6.087,1.2174|0.8745,0.8745,0.8706|256|0|1|1|1|1|0|1",
"P|Part|456.5892,162.0947,78.4863,0,0,-1,0.9995,-0.0308,0,-0.0308,-0.9995,0|0.5199,0.8181,4.424|0.9373,0.7216,0.2196|256|0|1|1|1|1|0.1|1",
"P|Part|456.5896,110.7086,39.7303,0,0,-1,0.9999,0.0142,0,0.0142,-0.9999,0|1.2578,0.668,7.1059|0.9725,0.9725,0.9725|256|0|1|1|1|1|0|1",
"P|Part|-227.672,143.402,122.779,1,0,0,0,1,0,0,0,1|2.4348,4.8696,1.2174|0.8745,0.8745,0.8706|256|0|1|1|1|1|0|1",
"P|Part|249.7474,66.0812,21.4347,-0.7071,0,0.7071,0,-1,0,0.7071,0,0.7071|0.0302,0.3862,1.0138|0.4196,0.1961,0.4863|256|0|1|1|1|1|0.1|1",
"P|Part|456.5892,88.6873,34.2627,0,0,-1,-0.9056,0.4241,0,0.4242,0.9056,0|0.8691,3.107,3.0853|0.9725,0.9725,0.9725|256|0|1|1|1|1|0.1|1",
"P|Part|456.5894,160.2384,73.3138,0,0,-1,0.1333,0.9911,0,0.9911,-0.1333,0|0.8691,3.107,3.0853|0.9725,0.9725,0.9725|256|0|1|1|1|1|0.1|1",
"P|Part|413.3592,66.0812,23.3463,0,0,-1,0,-1,0,-1,0,0|0.0302,0.3862,1.0138|0.4196,0.1961,0.4863|256|0|1|1|1|1|0.1|1",
"P|Part|388.8093,82.1805,144.7148,0,0,-1,0,1,0,1,0,0|3.0129,1.4035,31.6359|0.9373,0.7216,0.2196|256|0|1|1|1|1|0.1|1",
"P|Part|114.1438,118.1851,144.7091,0,1,0,1,0,0,0,0,-1|2.0061,3.0129,3.01|0.9373,0.7216,0.2196|256|0|1|1|1|1|0.1|1",
"P|Part|-112.0188,147.1759,165.5098,0,0,-1,0,1,0,1,0,0|2.9218,2.6783,1.4609|0.8745,0.8745,0.8706|256|0|1|1|1|1|0|1",
"P|Part|-186.2803,149.002,-6.8743,-1,0,0,0,-1,0,0,0,1|12.174,2.4348,12.174|0.8745,0.8745,0.8706|256|0|1|1|1|1|0|1",
"P|Part|456.5893,76.0389,58.5166,0,0,-1,0.5339,-0.8455,0,-0.8455,-0.5339,0|1.2578,0.668,7.1059|0.9725,0.9725,0.9725|256|0|1|1|1|1|0|1",
"P|Part|456.5894,86.05,92.9983,0,0,-1,-0.4795,-0.8775,0,-0.8775,0.4795,0|1.2248,0.453,4.8188|0.9725,0.9725,0.9725|256|0|1|1|1|1|0|1",
"P|Part|456.5892,103.7107,29.9106,0,0,-1,0.9919,-0.127,0,-0.1271,-0.9919,0|0.8691,3.107,3.0853|0.9725,0.9725,0.9725|256|0|1|1|1|1|0.1|1",
"P|Part|-210.6284,115.6452,-3.1247,1,0,0,0,1,0,0,0,1|2.1426,51.6178,1.0713|0.8745,0.8745,0.8706|256|0|1|1|1|1|0|1",
"P|Part|23.0539,77.987,84.9758,0,0.7071,-0.7071,-1,0,0,0,0.7071,0.7071|0.2028,0.4649,2.9641|0.9373,0.7216,0.2196|256|0|1|1|1|1|0.1|1",
"P|Part|456.5893,161.5747,87.6085,0,0,-1,0.9895,0.1444,0,0.1444,-0.9895,0|0.5199,0.8181,4.424|0.9373,0.7216,0.2196|256|0|1|1|1|1|0.1|1",
"P|Part.13ff|-186.5856,94.381,80.0118,0,0,1,0,1,0,-1,0,0|19.2681,0.8944,16.9671|0.7804,0.5922,0.1804|256|0|1|1|1|1|0|1",
"P|Part|456.5893,88.4873,125.7462,0,0,-1,0.9037,0.4281,0,0.4281,-0.9037,0|0.8691,3.107,3.0853|0.9725,0.9725,0.9725|256|0|1|1|1|1|0.1|1",
"P|Part|456.5893,103.3436,28.4555,0,0,-1,-0.1286,-0.9917,0,-0.9917,0.1286,0|0.5199,0.8181,4.424|0.9373,0.7216,0.2196|256|0|1|1|1|1|0.1|1",
"P|Part|234.6152,149.4109,144.7148,0,0,1,0,1,0,-1,0,0|0.467,5.7054,0.9339|0.9373,0.7216,0.2196|256|0|1|1|1|1|0.1|1",
"P|Part|-186.2803,115.6452,-10.6239,-1,0,0,0,1,0,0,0,-1|2.1426,51.6178,1.0713|0.8745,0.8745,0.8706|256|0|1|1|1|1|0|1",
"P|Part|456.589,156.9393,102.7409,0,0,-1,0.9005,0.4349,0,0.4349,-0.9005,0|0.5199,0.8181,4.424|0.9373,0.7216,0.2196|256|0|1|1|1|1|0.1|1",
"P|Part|-91.9317,86.7928,170.8664,0,0,-1,0,1,0,1,0,0|2.4348,6.087,1.2174|0.8745,0.8745,0.8706|256|0|1|1|1|1|0|1",
"P|Part|456.5896,109.3513,120.3896,0,0,-1,0.9998,0.0195,0,0.0195,-0.9998,0|1.2578,0.6176,7.1059|0.9725,0.9725,0.9725|256|0|1|1|1|1|0|1",
"P|Part|-152.8018,86.7928,-6.8743,0,0,1,0,1,0,-1,0,0|2.4348,6.087,1.2174|0.8745,0.8745,0.8706|256|0|1|1|1|1|0|1",
"P|Part|313.6152,149.4109,144.7148,0,0,1,0,1,0,-1,0,0|0.467,5.7054,0.9339|0.9373,0.7216,0.2196|256|0|1|1|1|1|0.1|1",
"P|Part|456.5893,148.3685,67.1438,0,0,-1,-0.3198,-0.9475,0,-0.9475,0.3198,0|1.2578,0.6176,7.1059|0.9725,0.9725,0.9725|256|0|1|1|1|1|0|1",
"P|Part|407.5603,152.8554,18.5797,1,0,0,0,-1,0,0,0,-1|0.0302,0.3862,1.0138|0.4196,0.1961,0.4863|256|0|1|1|1|1|0.1|1",
"P|Part|456.5893,89.2277,66.2039,0,0,-1,0.5522,-0.8337,0,-0.8337,-0.5522,0|0.8691,4.6011,3.0853|0.9725,0.9725,0.9725|256|0|1|1|1|1|0|1",
"P|Part|456.5894,96.4949,29.8096,0,0,-1,-0.2601,-0.9656,0,-0.9656,0.2601,0|0.5199,0.8181,4.424|0.9373,0.7216,0.2196|256|0|1|1|1|1|0.1|1",
"P|Part|456.5896,87.5364,95.4442,0,0,-1,-0.563,-0.8265,0,-0.8265,0.563,0|0.8529,0.453,4.8188|0.9725,0.9725,0.9725|256|0|1|1|1|1|0|1",
"P|Part|328.5734,153.3564,21.1811,0.7071,0,0.7071,0,1,0,-0.7071,0,0.7071|0.0481,0.6156,1.616|0.9373,0.7216,0.2196|256|0|1|1|1|1|0.1|1",
"P|Part|258.1078,66.5821,147.8672,0.7071,0,-0.7071,0,1,0,0.7071,0,0.7071|0.0481,0.6156,1.616|0.9373,0.7216,0.2196|256|0|1|1|1|1|0.1|1",
"P|Part|456.589,155.6538,102.0507,0,0,-1,-0.4351,0.9004,0,0.9004,0.4351,0|0.8691,3.107,3.0853|0.9725,0.9725,0.9725|256|0|1|1|1|1|0.1|1",
"P|Part|407.5603,153.2417,145.2376,-1,0,0,0,1,0,0,0,-1|0.0302,0.3862,1.0138|0.4196,0.1961,0.4863|256|0|1|1|1|1|0.1|1",
"P|Part|456.5893,114.8201,28.2418,0,0,-1,0.0918,-0.9958,0,-0.9958,-0.0918,0|0.5199,0.8181,4.424|0.9373,0.7216,0.2196|256|0|1|1|1|1|0.1|1",
"P|Part|456.589,160.9396,69.1294,0,0,-1,-0.9776,0.2105,0,0.2105,0.9776,0|0.5199,0.8181,4.424|0.9373,0.7216,0.2196|256|0|1|1|1|1|0.1|1",
"P|Part|259.0607,109.5029,146.891,0,0.7071,0.7071,1,0,0,0,0.7071,-0.7071|92.9902,0.6058,0.6058|0.9373,0.7216,0.2196|256|0|1|1|1|1|0.1|1",
"P|Part|456.5894,133.0715,113.2521,0,0,-1,0.8228,-0.5683,0,-0.5684,-0.8228,0|1.2578,0.6176,7.1059|0.9725,0.9725,0.9725|256|0|1|1|1|1|0|1",
"P|Part|456.5893,127.4515,116.499,0,0,-1,0.9033,-0.4291,0,-0.4291,-0.9033,0|1.2578,0.6176,7.1059|0.9725,0.9725,0.9725|256|0|1|1|1|1|0|1",
"P|Part|259.0926,66.5821,143.922,1,0,0,0,1,0,0,0,1|0.0481,0.6156,1.616|0.9373,0.7216,0.2196|256|0|1|1|1|1|0.1|1",
"P|Part|456.5892,104.0669,106.7296,0,0,-1,0.9751,0.2218,0,0.2218,-0.9751,0|0.8529,0.4188,4.8188|0.9725,0.9725,0.9725|256|0|1|1|1|1|0|1",
"P|Part|456.5894,135.2119,69.0799,0,0,-1,-0.401,-0.9161,0,-0.9161,0.401,0|0.8529,0.4188,4.8188|0.9725,0.9725,0.9725|256|0|1|1|1|1|0|1",
"P|Part|168.1335,77.2092,18.0557,0,0,1,0,1,0,-1,0,0|3.0129,4.7177,3.0129|0.9373,0.7216,0.2196|256|0|1|1|1|1|0.1|1",
"P|Part|456.589,141.6375,60.6812,0,0,-1,-0.5237,-0.8519,0,-0.8519,0.5237,0|1.2816,6.7849,4.5497|0.9725,0.9725,0.9725|256|0|1|1|1|1|0|1",
"P|Part|456.589,132.1944,127.2144,0,0,-1,-0.4254,-0.905,0,-0.905,0.4254,0|0.5199,0.8181,4.424|0.9373,0.7216,0.2196|256|0|1|1|1|1|0.1|1",
"P|Part|-108.3666,84.9667,168.4316,1,0,0,0,1,0,0,0,1|12.174,2.4348,12.174|0.8745,0.8745,0.8706|256|0|1|1|1|1|0|1",
"P|Part|-207.9501,115.6452,-4.7316,0,0,1,0,1,0,-1,0,0|2.1426,51.6178,1.0713|0.8745,0.8745,0.8706|256|0|1|1|1|1|0|1",
"P|Part|456.589,93.7498,30.6385,0,0,-1,0.3129,0.9498,0,0.9498,-0.3129,0|0.5199,0.8181,4.424|0.9373,0.7216,0.2196|256|0|1|1|1|1|0.1|1",
"P|Part|338.1486,153.2417,145.2379,-1,0,0,0,1,0,0,0,-1|0.0302,0.3862,1.0138|0.4196,0.1961,0.4863|256|0|1|1|1|1|0.1|1",
"P|Part|456.5896,82.3955,50.7786,0,0,-1,0.7258,-0.6879,0,-0.6879,-0.7258,0|1.2578,0.668,7.1059|0.9725,0.9725,0.9725|256|0|1|1|1|1|0|1",
"P|Part|456.5892,83.9575,53.932,0,0,-1,0.7064,-0.7079,0,-0.7079,-0.7064,0|1.2816,6.7849,4.5497|0.9725,0.9725,0.9725|256|0|1|1|1|1|0|1",
"P|Part|14.2968,79.683,82.6099,0,-1,0,-1,0,0,0,0,-1|0.3873,0.8881,5.6617|0.9373,0.7216,0.2196|256|0|1|1|1|1|0.1|1",
"P|Part|-88.8882,147.1759,-1.7612,1,0,0,0,1,0,0,0,1|2.9218,2.6783,1.4609|0.8745,0.8745,0.8706|256|0|1|1|1|1|0|1",
"P|Part|456.5892,137.4825,79.0605,0,0,-1,-0.0361,-0.9993,0,-0.9994,0.0361,0|0.8529,0.4188,4.8188|0.9725,0.9725,0.9725|256|0|1|1|1|1|0|1",
"P|Part|456.5892,125.5427,117.346,0,0,-1,0.9242,-0.3818,0,-0.3818,-0.9243,0|1.2578,0.6176,7.1059|0.9725,0.9725,0.9725|256|0|1|1|1|1|0|1",
"P|Part|456.5893,96.6252,42.0583,0,0,-1,0.9422,-0.3351,0,-0.3351,-0.9422,0|1.2578,0.668,7.1059|0.9725,0.9725,0.9725|256|0|1|1|1|1|0|1",
"P|Part|456.5894,120.3578,119.078,0,0,-1,0.9674,-0.2533,0,-0.2533,-0.9674,0|1.2578,0.6176,7.1059|0.9725,0.9725,0.9725|256|0|1|1|1|1|0|1",
"P|Part|404.6273,77.2092,18.0569,0,1,0,1,0,0,0,0,-1|5.3203,3.0129,3.01|0.9373,0.7216,0.2196|256|0|1|1|1|1|0.1|1",
"P|Part|456.5892,94.2782,57.7679,0,0,-1,0.8147,-0.5799,0,-0.5799,-0.8147,0|0.8529,0.453,4.8188|0.9725,0.9725,0.9725|256|0|1|1|1|1|0|1",
"P|Part|456.5893,158.007,63.7955,0,0,-1,0.3215,0.9469,0,0.9469,-0.3215,0|0.8691,3.107,3.0853|0.9725,0.9725,0.9725|256|0|1|1|1|1|0.1|1",
"P|Part|108.8712,118.1851,18.0511,0,1,0,1,0,0,0,0,-1|2.0061,3.0129,3.01|0.9373,0.7216,0.2196|256|0|1|1|1|1|0.1|1",
"P|Part|-154.1409,147.1759,172.0838,1,0,0,0,1,0,0,0,1|2.9218,2.6783,1.4609|0.8745,0.8745,0.8706|256|0|1|1|1|1|0|1",
"P|Part|287.3438,163.1526,144.7091,0,0,1,0,-1,0,1,0,0|0.467,0.2547,0.9339|0.9373,0.7216,0.2196|256|0|1|1|1|1|0.1|1",
"P|Part|456.5893,161.938,75.7506,0,0,-1,0.9965,-0.0833,0,-0.0833,-0.9965,0|0.5199,0.8181,4.424|0.9373,0.7216,0.2196|256|0|1|1|1|1|0.1|1",
"P|Part|456.5894,88.1335,34.5401,0,0,-1,0.9003,-0.4352,0,-0.4352,-0.9003,0|0.8691,3.107,3.0853|0.9725,0.9725,0.9725|256|0|1|1|1|1|0.1|1",
"P|Part|456.5892,124.7735,100.4161,0,0,-1,-0.812,0.5836,0,0.5836,0.812,0|0.8691,4.6011,3.0853|0.9725,0.9725,0.9725|256|0|1|1|1|1|0|1",
"P|Part|418.0926,66.5821,145.538,-1,0,0,0,1,0,0,0,-1|0.0481,0.6156,1.616|0.9373,0.7216,0.2196|256|0|1|1|1|1|0.1|1",
"P|Part|351.6767,154.9849,144.7091,0,0,1,0,1,0,-1,0,0|0.467,5.7054,0.9339|0.9373,0.7216,0.2196|256|0|1|1|1|1|0.1|1",
"P|Part|-154.0192,143.402,-9.3091,0,0,1,0,1,0,-1,0,0|2.4348,4.8696,1.2174|0.8745,0.8745,0.8706|256|0|1|1|1|1|0|1",
"M|Cloud|447.1996,164.1442,246.5955,1,0,0,0,-1,0,0,0,-1|51.8872,26.887,72.9216|1,1,1|256|0|1|1|1|1|0|1|rbxassetid://4862430258|",
"P|Part|171.4465,153.2417,140.6321,0.7071,0,-0.7071,0,1,0,0.7071,0,0.7071|0.0302,0.3862,1.0138|0.4196,0.1961,0.4863|256|0|1|1|1|1|0.1|1",
"P|Part|413.3595,66.0812,12.7094,0,0,-1,0,-1,0,-1,0,0|0.0302,0.3862,1.0138|0.4196,0.1961,0.4863|256|0|1|1|1|1|0.1|1",
"P|Part|456.5889,89.3592,94.0966,0,0,-1,-0.56,-0.8285,0,-0.8285,0.56,0|0.8691,4.6011,3.0853|0.9725,0.9725,0.9725|256|0|1|1|1|1|0|1",
"P|Part|-227.9642,115.6452,141.4052,-1,0,0,0,1,0,0,0,-1|2.1426,51.6178,1.0713|0.8745,0.8745,0.8706|256|0|1|1|1|1|0|1",
"P|Part|456.5893,83.2051,105.3996,0,0,-1,-0.6854,-0.7282,0,-0.7282,0.6854,0|1.2816,6.7849,4.5497|0.9725,0.9725,0.9725|256|0|1|1|1|1|0|1",
"P|Part|259.1486,66.4674,17.5663,1,0,0,0,1,0,0,0,1|0.0302,0.3862,1.0138|0.4196,0.1961,0.4863|256|0|1|1|1|1|0.1|1",
"P|Part|456.5893,137.7952,104.5944,0,0,-1,-0.6637,0.748,0,0.748,0.6637,0|1.2816,6.7849,4.5497|0.9725,0.9725,0.9725|256|0|1|1|1|1|0|1",
"P|Part|114.1438,107.9531,144.7091,0,-1,0,1,0,0,0,0,1|83.7597,1.5065,1.5065|0.9373,0.7216,0.2196|256|0|1|1|1|1|0.1|1",
"P|Part|169.635,109.5029,15.9166,0,0.7071,0.7071,1,0,0,0,0.7071,-0.7071|92.9902,0.6058,0.6058|0.9373,0.7216,0.2196|256|0|1|1|1|1|0.1|1",
"P|Part|456.5893,126.7473,129.4113,0,0,-1,-0.3208,-0.9471,0,-0.9471,0.3208,0|0.5199,0.8181,4.424|0.9373,0.7216,0.2196|256|0|1|1|1|1|0.1|1",
"P|Part|456.5896,77.4865,97.4157,0,0,-1,-0.4696,-0.8829,0,-0.8829,0.4696,0|1.2816,6.7849,4.5497|0.9725,0.9725,0.9725|256|0|1|1|1|1|0|1",
"P|Part|298.264,82.1805,144.7148,0,-1,0,1,0,0,0,0,1|2.0061,3.0129,3.01|0.9373,0.7216,0.2196|256|0|1|1|1|1|0.1|1",
"P|Part|-181.1673,147.1759,168.4316,0,0,1,0,1,0,-1,0,0|2.9218,2.6783,1.4609|0.8745,0.8745,0.8706|256|0|1|1|1|1|0|1",
"P|Part|-130.2798,143.402,165.3881,-1,0,0,0,1,0,0,0,-1|2.4348,4.8696,1.2174|0.8745,0.8745,0.8706|256|0|1|1|1|1|0|1",
"P|Part|456.5894,93.6042,61.1938,0,0,-1,0.752,-0.6592,0,-0.6592,-0.752,0|0.8691,4.6011,3.0853|0.9725,0.9725,0.9725|256|0|1|1|1|1|0|1",
"P|Part|235.0819,118.1851,18.0568,0,-1,0,1,0,0,0,0,1|2.0061,3.0129,3.01|0.9373,0.7216,0.2196|256|0|1|1|1|1|0.1|1",
"P|Part|214.1422,113.527,144.7148,0,1,0,1,0,0,0,0,-1|94.9076,1.5065,1.5065|0.9373,0.7216,0.2196|256|0|1|1|1|1|0.1|1",
"P|Part|456.5892,159.0068,97.8352,0,0,-1,0.9402,0.3407,0,0.3407,-0.9402,0|0.5199,0.8181,4.424|0.9373,0.7216,0.2196|256|0|1|1|1|1|0.1|1",
"P|Part|456.5892,144.261,94.2941,0,0,-1,0.3852,-0.9229,0,-0.9229,-0.3852,0|1.2816,6.7849,4.5497|0.9725,0.9725,0.9725|256|0|1|1|1|1|0|1",
"P|Part|186.2042,60.774,145.1057,0,-1,0,0,0,1,-1,0,0|6.2815,609.7249,3.4931|0.9725,0.851,0.4275|256|0|1|1|1|1|0|1",
"P|Part|-108.3666,147.1759,-1.7612,1,0,0,0,1,0,0,0,1|2.9218,2.6783,1.4609|0.8745,0.8745,0.8706|256|0|1|1|1|1|0|1",
"P|Part|-108.3666,115.6452,164.682,-1,0,0,0,1,0,0,0,-1|2.1426,51.6178,1.0713|0.8745,0.8745,0.8706|256|0|1|1|1|1|0|1",
"P|Part|456.589,143.7119,64.5566,0,0,-1,-0.419,-0.908,0,-0.908,0.419,0|1.2816,6.7849,4.5497|0.9725,0.9725,0.9725|256|0|1|1|1|1|0|1",
"P|Part|276.9493,156.5242,18.0511,0,0,1,0,-1,0,1,0,0|0.467,0.2547,0.9339|0.9373,0.7216,0.2196|256|0|1|1|1|1|0.1|1",
"P|Part|456.589,89.6665,126.2864,0,0,-1,0.9144,0.4048,0,0.4048,-0.9144,0|0.8691,3.107,3.0853|0.9725,0.9725,0.9725|256|0|1|1|1|1|0.1|1",
"P|Part|-232.5416,86.7928,171.4751,1,0,0,0,1,0,0,0,1|2.4348,6.087,1.2174|0.8745,0.8745,0.8706|256|0|1|1|1|1|0|1",
"P|Part|338.0926,66.5821,143.922,1,0,0,0,1,0,0,0,1|0.0481,0.6156,1.616|0.9373,0.7216,0.2196|256|0|1|1|1|1|0.1|1",
}

-- Auto-generated MapSpawner LocalScript
-- Creates map parts entirely from code - no Workspace or ReplicatedStorage parts needed

local function getMaterial(num)
    local ok, mat = pcall(function() return Enum.Material:GetEnumItem(num) end)
    if ok and mat then return mat end
    return Enum.Material.Plastic
end

local function buildCFrame(cf)
    return CFrame.new(cf[1],cf[2],cf[3],cf[4],cf[5],cf[6],cf[7],cf[8],cf[9],cf[10],cf[11],cf[12])
end

local function split(str, sep)
    local parts = {}
    for s in str:gmatch("[^" .. sep .. "]+") do
        table.insert(parts, s)
    end
    return parts
end

local function splitNum(str)
    local parts = {}
    for s in str:gmatch("[^,]+") do
        table.insert(parts, tonumber(s) or 0)
    end
    return parts
end

-- Ensure the model exists
local model = workspace:FindFirstChild("MyCustomMap")
if not model then
    model = Instance.new("Model")
    model.Name = "MyCustomMap"
    model.Parent = workspace
end

local count = 0
for _, line in ipairs(DATA) do
    local f = split(line, "|")
    local cn = f[1]
    local name = f[2]
    local cf = splitNum(f[3])
    local sz = splitNum(f[4])
    local col = splitNum(f[5])
    local matNum = tonumber(f[6]) or 256
    local trans = tonumber(f[7]) or 0
    local cc = f[8] == "1"
    local cq = f[9] == "1"
    local ct = f[10] == "1"
    local anchored = f[11] == "1"
    local ref = tonumber(f[12]) or 0
    local cs = f[13] == "1"
    
    local actualClass = "Part"
    if cn == "M" then actualClass = "MeshPart"
    elseif cn == "U" then actualClass = "Part"
    elseif cn == "S" then actualClass = "Seat"
    elseif cn == "L" then actualClass = "SpawnLocation"
    elseif cn == "W" then actualClass = "WedgePart"
    elseif cn == "C" then actualClass = "CornerWedgePart"
    elseif cn == "T" then actualClass = "TrussPart"
    end
    
    local part = Instance.new(actualClass)
    part.Name = name
    part.CFrame = buildCFrame(cf)
    part.Size = Vector3.new(sz[1], sz[2], sz[3])
    part.Color = Color3.new(col[1], col[2], col[3])
    part.Material = getMaterial(matNum)
    part.Transparency = trans
    part.CanCollide = cc
    part.CanQuery = cq
    part.CanTouch = ct
    part.Anchored = anchored
    part.Reflectance = ref
    part.CastShadow = cs
    
    local idx = 14
    if cn == "M" then
        local mid = f[14] or ""
        local tid = f[15] or ""
        if mid ~= "" then part.MeshId = mid end
        if tid ~= "" then part.TextureId = tid end
        idx = 16
    end
    
    -- Children
    for i = idx, #f do
        local childStr = f[i]
        if childStr:sub(1, 3) == "SM:" then
            local cf2 = split(childStr:sub(4), ":")
            local mesh = Instance.new("SpecialMesh")
            mesh.Name = cf2[1] or "Mesh"
            mesh.MeshId = cf2[2] or ""
            mesh.TextureId = cf2[3] or ""
            local mt = cf2[4] or "Brick"
            if mt == "FileMesh" then mesh.MeshType = Enum.MeshType.FileMesh
            elseif mt == "Head" then mesh.MeshType = Enum.MeshType.Head
            elseif mt == "Sphere" then mesh.MeshType = Enum.MeshType.Sphere
            elseif mt == "Cylinder" then mesh.MeshType = Enum.MeshType.Cylinder
            elseif mt == "Brick" then mesh.MeshType = Enum.MeshType.Brick
            elseif mt == "Wedge" then mesh.MeshType = Enum.MeshType.Wedge
            elseif mt == "Torso" then mesh.MeshType = Enum.MeshType.Torso
            else mesh.MeshType = Enum.MeshType.Brick end
            local sc = splitNum(cf2[5] or "1,1,1")
            local of = splitNum(cf2[6] or "0,0,0")
            mesh.Scale = Vector3.new(sc[1],sc[2],sc[3])
            mesh.Offset = Vector3.new(of[1],of[2],of[3])
            mesh.Parent = part
        elseif childStr:sub(1, 3) == "CM:" then
            local cf2 = split(childStr:sub(4), ":")
            local mesh = Instance.new("CylinderMesh")
            mesh.Name = cf2[1] or "Mesh"
            local sc = splitNum(cf2[2] or "1,1,1")
            local of = splitNum(cf2[3] or "0,0,0")
            mesh.Scale = Vector3.new(sc[1],sc[2],sc[3])
            mesh.Offset = Vector3.new(of[1],of[2],of[3])
            mesh.Parent = part
        elseif childStr:sub(1, 3) == "AT:" then
            local cf2 = split(childStr:sub(4), ":")
            local att = Instance.new("Attachment")
            att.Name = cf2[1] or "Attachment"
            local v = splitNum(cf2[2] or "0,0,0,0,0,0")
            att.CFrame = CFrame.new(v[1],v[2],v[3]) * CFrame.Angles(v[4],v[5],v[6])
            att.Parent = part
        elseif childStr:sub(1, 3) == "PE:" then
            local cf2 = split(childStr:sub(4), ":")
            local pe = Instance.new("ParticleEmitter")
            pe.Name = cf2[1] or "ParticleEmitter"
            pe.Texture = cf2[2] or ""
            pe.Enabled = cf2[3] == "1"
            pe.Rate = tonumber(cf2[4]) or 0
            local ltMin, ltMax = tonumber(cf2[5]) or 0, tonumber(cf2[6]) or 0
            local spMin, spMax = tonumber(cf2[7]) or 0, tonumber(cf2[8]) or 0
            pe.Lifetime = NumberRange.new(ltMin, ltMax)
            pe.Speed = NumberRange.new(spMin, spMax)
            pe.Parent = part
        elseif childStr:sub(1, 3) == "BM:" then
            local cf2 = split(childStr:sub(4), ":")
            local beam = Instance.new("Beam")
            beam.Name = cf2[1] or "Beam"
            beam.Texture = cf2[2] or ""
            beam.Width0 = tonumber(cf2[3]) or 0
            beam.Width1 = tonumber(cf2[4]) or 0
            beam.Parent = part
        end
    end
    
    if cn == "L" then
        part.Parent = workspace
    else
        part.Parent = model
    end
    
    count = count + 1
end

print("[MapSpawner] Created " .. count .. " parts")
