local DATA = {
"P|Part|456.5892,160.7692,68.3132,0,0,-1,0.9741,-0.2262,0,-0.2262,-0.9741,0|0.5199,0.8181,4.424|0.9373,0.7216,0.2196|256|0|1|1|1|1|0.1|1",
"P|Part|335.9814,153.3564,13.7736,0.7071,0,0.7071,0,1,0,-0.7071,0,0.7071|0.0481,0.6156,1.616|0.9373,0.7216,0.2196|256|0|1|1|1|1|0.1|1",
"P|Part|456.5894,117.8778,53.821,0,0,-1,0.9591,0.2831,0,0.2831,-0.9591,0|0.8529,0.453,4.8188|0.9725,0.9725,0.9725|256|0|1|1|1|1|0|1",
"P|Part|418.1486,66.0812,18.5801,1,0,0,0,-1,0,0,0,-1|0.0302,0.3862,1.0138|0.4196,0.1961,0.4863|256|0|1|1|1|1|0.1|1",
"P|Part|456.5892,161.6215,73.0039,0,0,-1,-0.9907,0.1361,0,0.1361,0.9907,0|0.5199,0.8181,4.424|0.9373,0.7216,0.2196|256|0|1|1|1|1|0.1|1",
"P|Part|332.3458,66.4674,139.3673,0,0,1,0,1,0,-1,0,0|0.0302,0.3862,1.0138|0.4196,0.1961,0.4863|256|0|1|1|1|1|0.1|1",
"P|Part|332.3458,66.4674,12.7094,0,0,1,0,1,0,-1,0,0|0.0302,0.3862,1.0138|0.4196,0.1961,0.4863|256|0|1|1|1|1|0.1|1",
"P|Part|456.5893,160.418,74.8199,0,0,-1,0.1035,0.9946,0,0.9946,-0.1035,0|0.8691,3.107,3.0853|0.9725,0.9725,0.9725|256|0|1|1|1|1|0.1|1",
"P|Part|456.5894,149.0079,90.88,0,0,-1,0.2684,-0.9633,0,-0.9633,-0.2684,0|1.2578,0.6176,7.1059|0.9725,0.9725,0.9725|256|0|1|1|1|1|0|1",
"P|Part|-159.3758,174.2225,80.7786,1,0,0,0,1,0,0,0,1|158.2622,2.4348,25.5654|0.8745,0.8745,0.8706|256|0|1|1|1|1|0|1",
"P|Part|-233.1503,86.7928,15.039,0,0,-1,0,1,0,1,0,0|2.4348,6.087,1.2174|0.8745,0.8745,0.8706|256|0|1|1|1|1|0|1",
"P|Part|249.7296,66.0812,14.6909,0.7071,0,0.7071,0,-1,0,0.7071,0,-0.7071|0.0302,0.3862,1.0138|0.4196,0.1961,0.4863|256|0|1|1|1|1|0.1|1",
"P|Part|183.0652,143.0838,144.7091,0,0,-1,0,1,0,1,0,0|0.467,5.7054,0.9339|0.9373,0.7216,0.2196|256|0|1|1|1|1|0.1|1",
"P|Part|456.5892,89.2619,66.1527,0,0,-1,-0.5542,0.8324,0,0.8324,0.5542,0|0.8691,4.6011,3.0853|0.9725,0.9725,0.9725|256|0|1|1|1|1|0|1",
"P|Part|456.5892,141.0748,121.8979,0,0,-1,-0.596,-0.803,0,-0.803,0.596,0|0.5199,0.8181,4.424|0.9373,0.7216,0.2196|256|0|1|1|1|1|0.1|1",
"P|Part|-85.1386,115.6452,144.0835,0,0,1,0,1,0,-1,0,0|2.1426,51.6178,1.0713|0.8745,0.8745,0.8706|256|0|1|1|1|1|0|1",
"P|Part|456.5893,146.3015,87.7516,0,0,-1,0.2082,-0.9781,0,-0.9781,-0.2082,0|1.2816,6.7849,4.5497|0.9725,0.9725,0.9725|256|0|1|1|1|1|0|1",
"P|Part|456.5894,113.4616,120.2583,0,0,-1,0.9966,-0.0824,0,-0.0824,-0.9966,0|1.2578,0.6176,7.1059|0.9725,0.9725,0.9725|256|0|1|1|1|1|0|1",
"P|Part|456.5894,80.458,57.9888,0,0,-1,0.5967,-0.8025,0,-0.8025,-0.5967,0|1.2816,6.7849,4.5497|0.9725,0.9725,0.9725|256|0|1|1|1|1|0|1",
"P|Part|-88.8882,115.6452,140.3339,-1,0,0,0,1,0,0,0,-1|2.1426,51.6178,1.0713|0.8745,0.8745,0.8706|256|0|1|1|1|1|0|1",
"U|CorinthianCapital|76.8887,156.0227,145.0445,0.866,0,0.5,0,1,0,-0.5,0,0.866|5.8439,10.4786,7.4869|0.9725,0.9725,0.9725|256|0|1|1|1|1|0|1",
"P|Part|225.0037,156.5242,18.0569,0,0,-1,0,-1,0,-1,0,0|0.467,0.2547,0.9339|0.9373,0.7216,0.2196|256|0|1|1|1|1|0.1|1",
"P|Part|456.5892,118.6758,131.4368,0,0,-1,0.1658,0.9862,0,0.9862,-0.1658,0|0.5199,0.8181,4.424|0.9373,0.7216,0.2196|256|0|1|1|1|1|0.1|1",
"P|Part|253.3458,66.4674,139.3673,0,0,1,0,1,0,-1,0,0|0.0302,0.3862,1.0138|0.4196,0.1961,0.4863|256|0|1|1|1|1|0.1|1",
"P|Part|456.589,156.9393,102.7409,0,0,-1,0.9005,0.4349,0,0.4349,-0.9005,0|0.5199,0.8181,4.424|0.9373,0.7216,0.2196|256|0|1|1|1|1|0.1|1",
"P|Part|456.5894,91.6882,63.0637,0,0,-1,0.6774,-0.7356,0,-0.7356,-0.6774,0|0.8691,4.6011,3.0853|0.9725,0.9725,0.9725|256|0|1|1|1|1|0|1",
"P|Part|456.5894,95.0457,60.022,0,0,-1,0.7987,-0.6017,0,-0.6017,-0.7987,0|0.8691,4.6011,3.0853|0.9725,0.9725,0.9725|256|0|1|1|1|1|0|1",
"P|Part|150.8093,118.1851,18.0568,0,0,-1,0,1,0,1,0,0|3.0129,1.4035,31.6359|0.9373,0.7216,0.2196|256|0|1|1|1|1|0.1|1",
"M|Sword|84.4557,169.7106,23.7707,-0.5,0.866,0,0.1504,0.0868,-0.9848,-0.8529,-0.4924,-0.1736|8.0047,4.3532,31.1356|0.6392,0.6353,0.6471|256|0|1|1|1|1|0|1|rbxassetid://5992913171|",
"P|Part|456.5893,117.3037,53.6581,0,0,-1,0.965,0.2621,0,0.2621,-0.965,0|0.8529,0.453,4.8188|0.9725,0.9725,0.9725|256|0|1|1|1|1|0|1",
"P|Part|198.4161,155.4984,18.0511,0,1,0,1,0,0,0,0,-1|2.2924,0.5094,0.467|0.9373,0.7216,0.2196|256|0|1|1|1|1|0.1|1",
"P|Part|456.589,122.3215,130.6953,0,0,-1,-0.2358,-0.9718,0,-0.9718,0.2358,0|0.5199,0.8181,4.424|0.9373,0.7216,0.2196|256|0|1|1|1|1|0.1|1",
"P|Part|-86.7456,115.6452,-9.5526,-1,0,0,0,1,0,0,0,-1|2.1426,51.6178,1.0713|0.8745,0.8745,0.8706|256|0|1|1|1|1|0|1",
"P|Part|456.589,123.0647,130.5095,0,0,-1,-0.2501,-0.9682,0,-0.9682,0.2501,0|0.5199,0.8181,4.424|0.9373,0.7216,0.2196|256|0|1|1|1|1|0.1|1",
"P|Part|324.6273,98.387,18.0569,0,1,0,1,0,0,0,0,-1|64.6275,1.5065,1.5065|0.9373,0.7216,0.2196|256|0|1|1|1|1|0.1|1",
"P|Part|338.1486,153.2417,144.2242,1,0,0,0,1,0,0,0,1|0.0302,0.3862,1.0138|0.4196,0.1961,0.4863|256|0|1|1|1|1|0.1|1",
"P|Part|114.1438,82.1805,144.7091,0,0,1,0,1,0,-1,0,0|3.0129,1.4035,31.6359|0.9373,0.7216,0.2196|256|0|1|1|1|1|0.1|1",
"P|Part|456.5893,105.7486,53.0586,0,0,-1,0.987,-0.1605,0,-0.1605,-0.987,0|0.8529,0.453,4.8188|0.9725,0.9725,0.9725|256|0|1|1|1|1|0|1",
"P|Part|456.5894,132.1759,96.2692,0,0,-1,0.5927,-0.8054,0,-0.8054,-0.5927,0|0.8529,0.4188,4.8188|0.9725,0.9725,0.9725|256|0|1|1|1|1|0|1",
"P|Part|456.589,134.6745,52.3844,0,0,-1,-0.7481,-0.6636,0,-0.6636,0.7481,0|1.2816,6.7849,4.5497|0.9725,0.9725,0.9725|256|0|1|1|1|1|0|1",
"P|Part|456.5893,155.9899,55.5843,0,0,-1,0.8823,-0.4706,0,-0.4706,-0.8823,0|0.5199,0.8181,4.424|0.9373,0.7216,0.2196|256|0|1|1|1|1|0.1|1",
"P|Part|-226.4546,147.1759,38.9,0,0,1,0,1,0,-1,0,0|2.9218,2.6783,1.4609|0.8745,0.8745,0.8706|256|0|1|1|1|1|0|1",
"P|Part|333.6599,66.5821,23.2899,0,0,-1,0,1,0,1,0,0|0.0481,0.6156,1.616|0.9373,0.7216,0.2196|256|0|1|1|1|1|0.1|1",
"P|Part|456.5893,122.0643,55.4424,0,0,-1,0.8999,0.4362,0,0.4362,-0.8999,0|0.8529,0.453,4.8188|0.9725,0.9725,0.9725|256|0|1|1|1|1|0|1",
"P|Part|456.5892,129.3011,96.2271,0,0,-1,-0.6451,0.7641,0,0.7641,0.6451,0|0.8691,4.6011,3.0853|0.9725,0.9725,0.9725|256|0|1|1|1|1|0|1",
"P|Part|-157.0627,147.1759,-11.9874,-1,0,0,0,1,0,0,0,-1|2.9218,2.6783,1.4609|0.8745,0.8745,0.8706|256|0|1|1|1|1|0|1",
"P|Part|418.1486,153.2417,18.58,-1,0,0,0,1,0,0,0,-1|0.0302,0.3862,1.0138|0.4196,0.1961,0.4863|256|0|1|1|1|1|0.1|1",
"P|Part|456.5893,119.5471,56.8032,0,0,-1,-0.9269,-0.3753,0,-0.3753,0.9269,0|0.8691,4.6011,3.0853|0.9725,0.9725,0.9725|256|0|1|1|1|1|0|1",
"P|Part|456.5893,144.3256,65.962,0,0,-1,-0.381,-0.9246,0,-0.9246,0.381,0|1.2816,6.7849,4.5497|0.9725,0.9725,0.9725|256|0|1|1|1|1|0|1",
"P|Part|456.5892,155.8945,104.7877,0,0,-1,0.8804,0.4742,0,0.4742,-0.8804,0|0.5199,0.8181,4.424|0.9373,0.7216,0.2196|256|0|1|1|1|1|0.1|1",
"P|Part|456.5894,149.5124,48.3371,0,0,-1,0.6272,0.7788,0,0.7788,-0.6272,0|0.8691,3.107,3.0853|0.9725,0.9725,0.9725|256|0|1|1|1|1|0.1|1",
"M|Cloud|-133.9924,179.1442,389.6775,1,0,0,0,-1,0,0,0,-1|67.6584,35.0593,95.0862|1,1,1|256|0|1|1|1|1|0|1|rbxassetid://4862430258|",
"P|Part|-106.224,115.6452,165.7533,-1,0,0,0,1,0,0,0,-1|2.1426,51.6178,1.0713|0.8745,0.8745,0.8706|256|0|1|1|1|1|0|1",
"P|Part|368.2777,166.1327,18.0511,0,0,-1,0,1,0,1,0,0|0.467,5.7054,0.9339|0.9373,0.7216,0.2196|256|0|1|1|1|1|0.1|1",
"P|Part|338.1486,153.2417,17.5663,1,0,0,0,1,0,0,0,1|0.0302,0.3862,1.0138|0.4196,0.1961,0.4863|256|0|1|1|1|1|0.1|1",
"P|Part|-157.0627,147.1759,-1.7612,1,0,0,0,1,0,0,0,1|2.9218,2.6783,1.4609|0.8745,0.8745,0.8706|256|0|1|1|1|1|0|1",
"P|Part|150.8093,118.1851,144.7148,0,0,-1,0,1,0,1,0,0|3.0129,1.4035,31.6359|0.9373,0.7216,0.2196|256|0|1|1|1|1|0.1|1",
"P|Part|456.589,146.8118,84.7721,0,0,-1,0.1277,-0.9918,0,-0.9918,-0.1277,0|1.2816,6.7849,4.5497|0.9725,0.9725,0.9725|256|0|1|1|1|1|0|1",
"P|Part|-104.1057,86.7928,168.4315,0,0,1,0,1,0,-1,0,0|2.4348,6.087,1.2174|0.8745,0.8745,0.8706|256|0|1|1|1|1|0|1",
"P|Part|335.9817,65.9665,140.4314,-0.7071,0,0.7071,0,-1,0,0.7071,0,0.7071|0.0481,0.6156,1.616|0.9373,0.7216,0.2196|256|0|1|1|1|1|0.1|1",
"P|Part|456.5893,116.2106,40.1831,0,0,-1,0.9886,0.1506,0,0.1506,-0.9886,0|1.2578,0.668,7.1059|0.9725,0.9725,0.9725|256|0|1|1|1|1|0|1",
"P|Part|456.5893,127.5274,112.6905,0,0,-1,-0.8825,0.4702,0,0.4702,0.8825,0|1.2816,6.7849,4.5497|0.9725,0.9725,0.9725|256|0|1|1|1|1|0|1",
"P|Part|456.5892,91.1122,96.3928,0,0,-1,-0.6516,-0.7586,0,-0.7586,0.6516,0|0.8691,4.6011,3.0853|0.9725,0.9725,0.9725|256|0|1|1|1|1|0|1",
"P|Part|250.716,66.5821,22.3241,-0.7071,0,-0.7071,0,1,0,0.7071,0,-0.7071|0.0481,0.6156,1.616|0.9373,0.7216,0.2196|256|0|1|1|1|1|0.1|1",
"P|Part|338.1486,153.2417,18.58,-1,0,0,0,1,0,0,0,-1|0.0302,0.3862,1.0138|0.4196,0.1961,0.4863|256|0|1|1|1|1|0.1|1",
"P|Part|456.5893,119.7806,28.9397,0,0,-1,0.187,-0.9824,0,-0.9824,-0.187,0|0.5199,0.8181,4.424|0.9373,0.7216,0.2196|256|0|1|1|1|1|0.1|1",
"P|Part|456.5894,106.2028,29.6535,0,0,-1,0.997,-0.0778,0,-0.0778,-0.997,0|0.8691,3.107,3.0853|0.9725,0.9725,0.9725|256|0|1|1|1|1|0.1|1",
"P|Part|456.5894,122.4612,41.652,0,0,-1,0.9522,0.3056,0,0.3056,-0.9522,0|1.2578,0.668,7.1059|0.9725,0.9725,0.9725|256|0|1|1|1|1|0|1",
"P|Part|456.5894,116.9008,43.6928,0,0,-1,-0.9831,-0.183,0,-0.183,0.9831,0|1.2816,6.7849,4.5497|0.9725,0.9725,0.9725|256|0|1|1|1|1|0|1",
"P|Part|341.5985,139.078,18.0511,0,1,0,1,0,0,0,0,-1|2.2924,0.5094,0.467|0.9373,0.7216,0.2196|256|0|1|1|1|1|0.1|1",
"P|Part|456.589,143.7968,64.7407,0,0,-1,-0.414,-0.9103,0,-0.9103,0.414,0|1.2816,6.7849,4.5497|0.9725,0.9725,0.9725|256|0|1|1|1|1|0|1",
"P|Part|456.5893,134.9812,68.5783,0,0,-1,-0.4192,-0.9079,0,-0.9079,0.4192,0|0.8529,0.4188,4.8188|0.9725,0.9725,0.9725|256|0|1|1|1|1|0|1",
"P|Part|456.5889,144.2689,65.8313,0,0,-1,-0.3845,-0.9231,0,-0.9231,0.3845,0|1.2816,6.7849,4.5497|0.9725,0.9725,0.9725|256|0|1|1|1|1|0|1",
"P|Part|456.5893,127.4812,32.5613,0,0,-1,0.9393,0.3431,0,0.3431,-0.9393,0|0.8691,3.107,3.0853|0.9725,0.9725,0.9725|256|0|1|1|1|1|0.1|1",
"P|Part|456.5892,124.9067,113.951,0,0,-1,-0.9167,0.3995,0,0.3995,0.9167,0|1.2816,6.7849,4.5497|0.9725,0.9725,0.9725|256|0|1|1|1|1|0|1",
"P|Part|456.5894,104.6519,40.1012,0,0,-1,0.9907,-0.136,0,-0.136,-0.9907,0|1.2578,0.668,7.1059|0.9725,0.9725,0.9725|256|0|1|1|1|1|0|1",
"P|Part|-136.9755,143.402,-6.8743,0,0,-1,0,1,0,1,0,0|2.4348,4.8696,1.2174|0.8745,0.8745,0.8706|256|0|1|1|1|1|0|1",
"P|Part|456.5892,153.4953,106.0597,0,0,-1,-0.5143,0.8576,0,0.8576,0.5143,0|0.8691,3.107,3.0853|0.9725,0.9725,0.9725|256|0|1|1|1|1|0.1|1",
"P|Part|456.5893,160.2728,86.5374,0,0,-1,-0.1283,0.9917,0,0.9917,0.1283,0|0.8691,3.107,3.0853|0.9725,0.9725,0.9725|256|0|1|1|1|1|0.1|1",
"P|Part|-93.1491,143.402,-6.8743,0,0,-1,0,1,0,1,0,0|2.4348,4.8696,1.2174|0.8745,0.8745,0.8706|256|0|1|1|1|1|0|1",
"P|Part|456.5894,88.1335,34.5401,0,0,-1,0.9003,-0.4352,0,-0.4352,-0.9003,0|0.8691,3.107,3.0853|0.9725,0.9725,0.9725|256|0|1|1|1|1|0.1|1",
"P|Part|453.8937,165.3542,80.0474,0,0,-1,0,1,0,1,0,0|21.5537,1.7843,2.3048|0.9373,0.7216,0.2196|256|0|1|1|1|1|0.1|1",
"P|Part|214.1422,162.127,144.7148,0,-1,0,1,0,0,0,0,1|2.2924,0.5094,0.467|0.9373,0.7216,0.2196|256|0|1|1|1|1|0.1|1",
"P|Part|-88.8882,115.6452,-10.6239,-1,0,0,0,1,0,0,0,-1|2.1426,51.6178,1.0713|0.8745,0.8745,0.8706|256|0|1|1|1|1|0|1",
"P||-232.7851,115.6452,-4.7316,0,0,-1,0,1,0,1,0,0|2.1426,51.6178,1.0713|0.8745,0.8745,0.8706|256|0|1|1|1|1|0|1",
"P|Part|456.5897,88.6562,67.1091,0,0,-1,-0.5161,0.8565,0,0.8565,0.5161,0|0.8691,4.6011,3.0853|0.9725,0.9725,0.9725|256|0|1|1|1|1|0|1",
"P|Object.773f|-193.8147,101.3302,71.893,0,0,-1,-1,0,0,0,1,0|37.8302,2.5032,3.4154|0.9373,0.7216,0.2196|256|0|1|1|1|1|0|1",
"P|Part|456.5896,92.6578,59.0158,0,0,-1,0.7691,-0.6392,0,-0.6392,-0.7691,0|0.8529,0.453,4.8188|0.9725,0.9725,0.9725|256|0|1|1|1|1|0|1",
"M|Cloud2|-63.4694,245.5343,-109.4162,0.9999,-0.0114,0,0.0114,0.9997,-0.0221,0.0003,0.0221,0.9998|13.763,9.0949,24.6667|1,1,1|256|0|1|1|1|1|0|1|rbxassetid://4862430258|",
"P|Part|456.5892,114.0689,104.8204,0,0,-1,-0.9876,0.1568,0,0.1568,0.9876,0|0.8691,4.6011,3.0853|0.9725,0.9725,0.9725|256|0|1|1|1|1|0|1",
"P|Part|169.6157,153.3564,143.9217,1,0,0,0,1,0,0,0,1|0.0481,0.6156,1.616|0.9373,0.7216,0.2196|256|0|1|1|1|1|0.1|1",
"P|Part|407.5606,66.0812,144.224,-1,0,0,0,-1,0,0,0,1|0.0302,0.3862,1.0138|0.4196,0.1961,0.4863|256|0|1|1|1|1|0.1|1",
"P|Part|-86.4534,86.7928,44.8653,1,0,0,0,1,0,0,0,1|2.4348,6.087,1.2174|0.8745,0.8745,0.8706|256|0|1|1|1|1|0|1",
"P|Part|456.5894,131.4964,97.1544,0,0,-1,0.6251,-0.7806,0,-0.7806,-0.6251,0|0.8529,0.4188,4.8188|0.9725,0.9725,0.9725|256|0|1|1|1|1|0|1",
"P|Part|456.5894,86.9859,70.3904,0,0,-1,0.3852,-0.9228,0,-0.9228,-0.3852,0|0.8691,4.6011,3.0853|0.9725,0.9725,0.9725|256|0|1|1|1|1|0|1",
"P|Part|-157.0627,143.402,172.6925,1,0,0,0,1,0,0,0,1|2.4348,4.8696,1.2174|0.8745,0.8745,0.8706|256|0|1|1|1|1|0|1",
"P|Part|277.4164,110.2127,18.0511,0,-1,0,1,0,0,0,0,1|88.2791,1.5065,1.5065|0.9373,0.7216,0.2196|256|0|1|1|1|1|0.1|1",
"P|Part|456.5896,122.1899,55.5042,0,0,-1,0.8976,0.4408,0,0.4408,-0.8976,0|0.8529,0.453,4.8188|0.9725,0.9725,0.9725|256|0|1|1|1|1|0|1",
"P|Part|456.5893,88.2248,92.2522,0,0,-1,-0.4865,-0.8737,0,-0.8737,0.4865,0|0.8691,4.6011,3.0853|0.9725,0.9725,0.9725|256|0|1|1|1|1|0|1",
"P|Part|456.5893,134.5803,124.3156,0,0,-1,-0.8753,0.4835,0,0.4835,0.8753,0|0.8691,3.107,3.0853|0.9725,0.9725,0.9725|256|0|1|1|1|1|0.1|1",
"P|Part|-230.1068,149.002,-6.8743,-1,0,0,0,-1,0,0,0,1|12.174,2.4348,12.174|0.8745,0.8745,0.8706|256|0|1|1|1|1|0|1",
"P|Part|336.9515,66.4674,141.3231,-0.7071,0,-0.7071,0,1,0,0.7071,0,-0.7071|0.0302,0.3862,1.0138|0.4196,0.1961,0.4863|256|0|1|1|1|1|0.1|1",
"P|Part|175.6602,153.3564,139.423,0,0,-1,0,1,0,1,0,0|0.0481,0.6156,1.616|0.9373,0.7216,0.2196|256|0|1|1|1|1|0.1|1",
"P|Part|250.4643,152.8554,22.1516,0.7071,0,-0.7071,0,-1,0,-0.7071,0,-0.7071|0.0302,0.3862,1.0138|0.4196,0.1961,0.4863|256|0|1|1|1|1|0.1|1",
"P|Part|-132.7147,84.9667,168.4316,1,0,0,0,1,0,0,0,1|12.174,2.4348,12.174|0.8745,0.8745,0.8706|256|0|1|1|1|1|0|1",
"P|Part|456.5894,122.8627,104.2751,0,0,-1,0.8853,-0.465,0,-0.465,-0.8853,0|0.8529,0.4188,4.8188|0.9725,0.9725,0.9725|256|0|1|1|1|1|0|1",
"P|Part|178.9347,153.2417,148.1206,0.7071,0,-0.7071,0,1,0,0.7071,0,0.7071|0.0302,0.3862,1.0138|0.4196,0.1961,0.4863|256|0|1|1|1|1|0.1|1",
"P|Part|456.5894,86.1201,108.1771,0,0,-1,-0.7605,-0.6494,0,-0.6494,0.7605,0|1.2816,6.7849,4.5497|0.9725,0.9725,0.9725|256|0|1|1|1|1|0|1",
"P|Part|456.5893,134.8289,91.8436,0,0,-1,0.431,-0.9024,0,-0.9024,-0.431,0|0.8529,0.4188,4.8188|0.9725,0.9725,0.9725|256|0|1|1|1|1|0|1",
"M|Cloud|-132.9493,179.1442,500.5134,1,0,0,0,-1,0,0,0,-1|67.6584,35.0593,95.0862|1,1,1|256|0|1|1|1|1|0|1|rbxassetid://4862430258|",
"P|Part|456.5894,132.9634,109.143,0,0,-1,0.7867,-0.6173,0,-0.6173,-0.7867,0|1.2816,6.7849,4.5497|0.9725,0.9725,0.9725|256|0|1|1|1|1|0|1",
"P|Part|456.5893,99.9207,54.6796,0,0,-1,0.9276,-0.3736,0,-0.3736,-0.9276,0|0.8529,0.453,4.8188|0.9725,0.9725,0.9725|256|0|1|1|1|1|0|1",
"P|Part|333.6602,153.3564,139.423,0,0,-1,0,1,0,1,0,0|0.0481,0.6156,1.616|0.9373,0.7216,0.2196|256|0|1|1|1|1|0.1|1",
"P|Part|456.589,141.2146,60.0107,0,0,-1,-0.5419,-0.8405,0,-0.8405,0.5419,0|1.2816,6.7849,4.5497|0.9725,0.9725,0.9725|256|0|1|1|1|1|0|1",
"P|Part|456.5893,129.6157,64.253,0,0,-1,-0.6298,-0.7768,0,-0.7768,0.6298,0|0.8691,4.6011,3.0853|0.9725,0.9725,0.9725|256|0|1|1|1|1|0|1",
"P|Part|388.8093,82.1805,18.0568,0,-1,0,1,0,0,0,0,1|2.0061,3.0129,3.01|0.9373,0.7216,0.2196|256|0|1|1|1|1|0.1|1",
"P|Part|456.5893,129.304,44.5693,0,0,-1,0.8798,0.4753,0,0.4753,-0.8798,0|1.2578,0.668,7.1059|0.9725,0.9725,0.9725|256|0|1|1|1|1|0|1",
"P|Part|456.5894,137.0914,75.3362,0,0,-1,-0.1722,-0.9851,0,-0.9851,0.1722,0|0.8529,0.4188,4.8188|0.9725,0.9725,0.9725|256|0|1|1|1|1|0|1",
"P|Part|17.9859,82.6997,82.6099,0,-1,0,-1,0,0,0,0,-1|0.1637,0.3754,2.3934|0.9373,0.7216,0.2196|256|0|1|1|1|1|0.1|1",
"P|Part|456.5894,140.3375,106.8121,0,0,-1,0.6632,-0.7484,0,-0.7484,-0.6632,0|1.2578,0.6176,7.1059|0.9725,0.9725,0.9725|256|0|1|1|1|1|0|1",
"P|Part|456.589,134.2724,73.2457,0,0,-1,-0.2713,-0.9625,0,-0.9625,0.2713,0|0.8691,4.6011,3.0853|0.9725,0.9725,0.9725|256|0|1|1|1|1|0|1",
"P|Part|456.5892,113.5748,39.871,0,0,-1,0.9964,0.0853,0,0.0853,-0.9964,0|1.2578,0.668,7.1059|0.9725,0.9725,0.9725|256|0|1|1|1|1|0|1",
"P|Part|456.589,104.1195,116.5426,0,0,-1,-0.9867,-0.1627,0,-0.1627,0.9867,0|1.2816,6.7849,4.5497|0.9725,0.9725,0.9725|256|0|1|1|1|1|0|1",
"P|Part|456.5894,114.3418,55.3298,0,0,-1,-0.9858,-0.1678,0,-0.1678,0.9858,0|0.8691,4.6011,3.0853|0.9725,0.9725,0.9725|256|0|1|1|1|1|0|1",
"P|Part|456.5892,146.1162,71.515,0,0,-1,-0.2308,-0.973,0,-0.973,0.2308,0|1.2816,6.7849,4.5497|0.9725,0.9725,0.9725|256|0|1|1|1|1|0|1",
"P|Part|456.589,93.8371,60.9885,0,0,-1,-0.7601,0.6498,0,0.6498,0.7601,0|0.8691,4.6011,3.0853|0.9725,0.9725,0.9725|256|0|1|1|1|1|0|1",
"P|Part|384.0037,156.5242,144.7148,0,0,-1,0,-1,0,-1,0,0|0.467,0.2547,0.9339|0.9373,0.7216,0.2196|256|0|1|1|1|1|0.1|1",
"P|Part|456.5893,160.6648,81.6786,0,0,-1,-0.0322,0.9995,0,0.9995,0.0322,0|0.8691,3.107,3.0853|0.9725,0.9725,0.9725|256|0|1|1|1|1|0.1|1",
"P|Part|413.6599,153.3564,23.2896,0,0,-1,0,1,0,1,0,0|0.0481,0.6156,1.616|0.9373,0.7216,0.2196|256|0|1|1|1|1|0.1|1",
"P|Part|338.1486,152.8554,144.2242,-1,0,0,0,-1,0,0,0,1|0.0302,0.3862,1.0138|0.4196,0.1961,0.4863|256|0|1|1|1|1|0.1|1",
"P|Part|456.5893,98.7596,57.699,0,0,-1,-0.8913,0.4535,0,0.4535,0.8913,0|0.8691,4.6011,3.0853|0.9725,0.9725,0.9725|256|0|1|1|1|1|0|1",
"P|Part|456.5893,148.1207,93.6695,0,0,-1,0.3375,-0.9413,0,-0.9413,-0.3375,0|1.2578,0.6176,7.1059|0.9725,0.9725,0.9725|256|0|1|1|1|1|0|1",
"P|Part|456.589,97.7869,129.0746,0,0,-1,0.9697,0.2443,0,0.2443,-0.9697,0|0.8691,3.107,3.0853|0.9725,0.9725,0.9725|256|0|1|1|1|1|0.1|1",
"P|Part|456.5892,118.3319,43.9881,0,0,-1,-0.9751,-0.2217,0,-0.2217,0.9751,0|1.2816,6.7849,4.5497|0.9725,0.9725,0.9725|256|0|1|1|1|1|0|1",
"P|Part|456.5892,120.8684,30.6535,0,0,-1,0.9772,0.2124,0,0.2124,-0.9772,0|0.8691,3.107,3.0853|0.9725,0.9725,0.9725|256|0|1|1|1|1|0.1|1",
"P|Part|456.5893,81.9334,56.1339,0,0,-1,0.6468,-0.7626,0,-0.7626,-0.6468,0|1.2816,6.7849,4.5497|0.9725,0.9725,0.9725|256|0|1|1|1|1|0|1",
"P|Part|415.0036,109.5029,149.942,0,0.7071,0.7071,1,0,0,0,0.7071,-0.7071|92.9902,0.6058,0.6058|0.9373,0.7216,0.2196|256|0|1|1|1|1|0.1|1",
"P|Part|-88.8882,147.1759,124.8486,1,0,0,0,1,0,0,0,1|2.9218,2.6783,1.4609|0.8745,0.8745,0.8706|256|0|1|1|1|1|0|1",
"P|Part|456.5893,94.7404,42.7742,0,0,-1,0.9242,-0.3818,0,-0.3818,-0.9243,0|1.2578,0.668,7.1059|0.9725,0.9725,0.9725|256|0|1|1|1|1|0|1",
"P|Part|456.5893,160.4953,84.4786,0,0,-1,-0.0876,0.9962,0,0.9962,0.0876,0|0.8691,3.107,3.0853|0.9725,0.9725,0.9725|256|0|1|1|1|1|0.1|1",
"P|Part|249.5734,152.7408,21.1811,-0.7071,0,0.7071,0,-1,0,0.7071,0,0.7071|0.0481,0.6156,1.616|0.9373,0.7216,0.2196|256|0|1|1|1|1|0.1|1",
"P|Part|303.5366,118.1851,144.7148,0,-1,0,1,0,0,0,0,1|2.0061,3.0129,3.01|0.9373,0.7216,0.2196|256|0|1|1|1|1|0.1|1",
"P|Part|456.5894,149.8727,111.3166,0,0,-1,-0.6183,0.7859,0,0.7859,0.6183,0|0.8691,3.107,3.0853|0.9725,0.9725,0.9725|256|0|1|1|1|1|0.1|1",
"U|ColumnSegment|83.33,90.9893,145.2011,-0.866,0,0.5,0,1,0,-0.5,0,-0.866|11.764,39.2947,11.764|0.9725,0.9725,0.9725|256|0|1|1|1|1|0|1",
"P|Part|456.5893,103.912,55.755,0,0,-1,-0.9687,0.2481,0,0.2481,0.9687,0|0.8691,4.6011,3.0853|0.9725,0.9725,0.9725|256|0|1|1|1|1|0|1",
"P|Part|170.5552,152.7408,14.9421,0.7071,0,0.7071,0,-1,0,0.7071,0,-0.7071|0.0481,0.6156,1.616|0.9373,0.7216,0.2196|256|0|1|1|1|1|0.1|1",
"P|Part|-232.2494,115.6452,-9.5526,-1,0,0,0,1,0,0,0,-1|2.1426,51.6178,1.0713|0.8745,0.8745,0.8706|256|0|1|1|1|1|0|1",
"P|Part|-233.1503,143.402,15.039,0,0,-1,0,1,0,1,0,0|2.4348,4.8696,1.2174|0.8745,0.8745,0.8706|256|0|1|1|1|1|0|1",
"P|Part|456.589,131.5032,49.867,0,0,-1,-0.8161,-0.5779,0,-0.5779,0.8161,0|1.2816,6.7849,4.5497|0.9725,0.9725,0.9725|256|0|1|1|1|1|0|1",
"P|Part|456.5894,105.6899,107.0473,0,0,-1,0.9867,0.1625,0,0.1625,-0.9867,0|0.8529,0.4188,4.8188|0.9725,0.9725,0.9725|256|0|1|1|1|1|0|1",
"P|Part|456.589,70.4231,73.0449,0,0,-1,0.1736,-0.9848,0,-0.9848,-0.1736,0|1.2578,0.668,7.1059|0.9725,0.9725,0.9725|256|0|1|1|1|1|0|1",
"P|Part|456.5892,136.1581,88.521,0,0,-1,0.3096,-0.9509,0,-0.9509,-0.3096,0|0.8529,0.4188,4.8188|0.9725,0.9725,0.9725|256|0|1|1|1|1|0|1",
"P|Part|456.5896,118.5049,54.0149,0,0,-1,0.952,0.306,0,0.306,-0.952,0|0.8529,0.453,4.8188|0.9725,0.9725,0.9725|256|0|1|1|1|1|0|1",
"P|Part|456.589,120.3638,54.6676,0,0,-1,-0.9275,-0.3737,0,-0.3737,0.9275,0|0.8529,0.4188,4.8188|0.9725,0.9725,0.9725|256|0|1|1|1|1|0|1",
"P|Part|456.5896,71.1705,69.6612,0,0,-1,0.2575,-0.9663,0,-0.9663,-0.2575,0|1.2578,0.668,7.1059|0.9725,0.9725,0.9725|256|0|1|1|1|1|0|1",
"P|Part|-91.323,143.402,165.3881,-1,0,0,0,1,0,0,0,-1|2.4348,4.8696,1.2174|0.8745,0.8745,0.8706|256|0|1|1|1|1|0|1",
"P|Part|456.5893,126.6666,98.908,0,0,-1,0.752,-0.6592,0,-0.6592,-0.752,0|0.8691,4.6011,3.0853|0.9725,0.9725,0.9725|256|0|1|1|1|1|0|1",
"P|Part|456.5892,147.4247,45.9104,0,0,-1,0.6753,0.7376,0,0.7376,-0.6753,0|0.8691,3.107,3.0853|0.9725,0.9725,0.9725|256|0|1|1|1|1|0.1|1",
"P|Part|319.3546,102.0025,144.7148,0,1,0,1,0,0,0,0,-1|71.8586,1.5065,1.5065|0.9373,0.7216,0.2196|256|0|1|1|1|1|0.1|1",
"P|Part|456.5893,118.4952,106.1038,0,0,-1,0.9523,-0.3053,0,-0.3053,-0.9523,0|0.8529,0.4188,4.8188|0.9725,0.9725,0.9725|256|0|1|1|1|1|0|1",
"P|Part|456.5889,106.8138,39.8641,0,0,-1,0.9966,-0.0824,0,-0.0824,-0.9966,0|1.2578,0.668,7.1059|0.9725,0.9725,0.9725|256|0|1|1|1|1|0|1",
"P|Part|456.5894,107.3083,130.5269,0,0,-1,0.9984,0.0559,0,0.0559,-0.9984,0|0.8691,3.107,3.0853|0.9725,0.9725,0.9725|256|0|1|1|1|1|0.1|1",
"P|Part|456.5894,91.6882,63.0637,0,0,-1,0.6774,-0.7356,0,-0.7356,-0.6774,0|0.8691,4.6011,3.0853|0.9725,0.9725,0.9725|256|0|1|1|1|1|0|1",
"P|Part|456.5893,95.6442,100.52,0,0,-1,-0.8161,-0.5779,0,-0.5779,0.8161,0|0.8691,4.6011,3.0853|0.9725,0.9725,0.9725|256|0|1|1|1|1|0|1",
"P|Part|-227.4285,115.6452,170.5742,0,0,1,0,1,0,-1,0,0|2.1426,51.6178,1.0713|0.8745,0.8745,0.8706|256|0|1|1|1|1|0|1",
"P|Part|336.2178,66.4674,148.8376,-0.7071,0,0.7071,0,1,0,-0.7071,0,-0.7071|0.0302,0.3862,1.0138|0.4196,0.1961,0.4863|256|0|1|1|1|1|0.1|1",
"P|Part|-157.0627,143.402,-2.6134,1,0,0,0,1,0,0,0,1|2.4348,4.8696,1.2174|0.8745,0.8745,0.8706|256|0|1|1|1|1|0|1",
"P|Part|351.6767,154.9849,18.0511,0,0,1,0,1,0,-1,0,0|0.467,5.7054,0.9339|0.9373,0.7216,0.2196|256|0|1|1|1|1|0.1|1",
"P|Part|-112.6275,86.7928,168.4316,0,0,-1,0,1,0,1,0,0|2.4348,6.087,1.2174|0.8745,0.8745,0.8706|256|0|1|1|1|1|0|1",
"P|Part|-235.2199,147.1759,-6.8743,0,0,-1,0,1,0,1,0,0|2.9218,2.6783,1.4609|0.8745,0.8745,0.8706|256|0|1|1|1|1|0|1",
"M|Cloud|420.9996,164.1442,282.1955,1,0,0,0,-1,0,0,0,-1|51.8872,26.887,72.9216|1,1,1|256|0|1|1|1|1|0|1|rbxassetid://4862430258|",
"P|Part|456.589,130.1855,111.1283,0,0,-1,-0.8403,0.5421,0,0.5421,0.8403,0|1.2816,6.7849,4.5497|0.9725,0.9725,0.9725|256|0|1|1|1|1|0|1",
"P|Part|456.5892,90.5781,31.7945,0,0,-1,-0.3738,-0.9275,0,-0.9275,0.3738,0|0.5199,0.8181,4.424|0.9373,0.7216,0.2196|256|0|1|1|1|1|0.1|1",
"P|Part|456.589,138.1052,104.247,0,0,-1,-0.6543,0.7563,0,0.7563,0.6543,0|1.2816,6.7849,4.5497|0.9725,0.9725,0.9725|256|0|1|1|1|1|0|1",
"P|Part|175.3592,66.4674,150.0043,0,0,-1,0,1,0,1,0,0|0.0302,0.3862,1.0138|0.4196,0.1961,0.4863|256|0|1|1|1|1|0.1|1",
"P|Part|456.5894,103.7925,43.6147,0,0,-1,-0.9852,0.1714,0,0.1714,0.9852,0|1.2816,6.7849,4.5497|0.9725,0.9725,0.9725|256|0|1|1|1|1|0|1",
"P|Part|456.5892,144.5192,117.1233,0,0,-1,-0.7331,0.6801,0,0.6801,0.7331,0|0.8691,3.107,3.0853|0.9725,0.9725,0.9725|256|0|1|1|1|1|0.1|1",
"P|Part|-226.4546,147.1759,147.0053,0,0,1,0,1,0,-1,0,0|2.9218,2.6783,1.4609|0.8745,0.8745,0.8706|256|0|1|1|1|1|0|1",
"U|CorinthianCapital|81.7958,152.3697,23.4712,0.25,-0.067,0.9659,0.2588,0.9659,0,-0.933,0.25,0.2588|2.0992,5.5728,2.2216|0.9725,0.9725,0.9725|256|0|1|1|1|1|0|1",
"P|Part|456.5894,150.4608,78.592,0,0,-1,-0.0361,-0.9993,0,-0.9993,0.0361,0|1.2578,0.6176,7.1059|0.9725,0.9725,0.9725|256|0|1|1|1|1|0|1",
"M|Cloud|-133.8004,288.1442,124.5955,1,0,0,0,-1,0,0,0,-1|51.8872,26.887,72.9216|1,1,1|256|0|1|1|1|1|0|1|rbxassetid://4862430258|",
"P|Part|333.6599,153.3564,23.2896,0,0,-1,0,1,0,1,0,0|0.0481,0.6156,1.616|0.9373,0.7216,0.2196|256|0|1|1|1|1|0.1|1",
"P|Part|175.3592,152.8554,12.7096,0,0,-1,0,-1,0,-1,0,0|0.0302,0.3862,1.0138|0.4196,0.1961,0.4863|256|0|1|1|1|1|0.1|1",
"P|Part|174.0445,153.3564,139.4229,0,0,1,0,1,0,-1,0,0|0.0481,0.6156,1.616|0.9373,0.7216,0.2196|256|0|1|1|1|1|0.1|1",
"P|Part|177.3258,118.1851,18.0511,0,1,0,1,0,0,0,0,-1|2.0061,3.0129,3.01|0.9373,0.7216,0.2196|256|0|1|1|1|1|0.1|1",
"P|Part|456.5889,156.9186,60.8955,0,0,-1,0.3789,0.9254,0,0.9254,-0.3789,0|0.8691,3.107,3.0853|0.9725,0.9725,0.9725|256|0|1|1|1|1|0.1|1",
"P|Part|352.6106,154.9849,18.0511,0,0,-1,0,1,0,1,0,0|0.467,5.7054,0.9339|0.9373,0.7216,0.2196|256|0|1|1|1|1|0.1|1",
"P|Part|456.5892,136.2942,72.0136,0,0,-1,-0.2936,-0.9559,0,-0.9559,0.2936,0|0.8529,0.4188,4.8188|0.9725,0.9725,0.9725|256|0|1|1|1|1|0|1",
"P|Part|456.589,106.5435,29.6273,0,0,-1,0.9975,-0.071,0,-0.071,-0.9975,0|0.8691,3.107,3.0853|0.9725,0.9725,0.9725|256|0|1|1|1|1|0.1|1",
"P|Part|456.5893,97.6367,101.7892,0,0,-1,0.8669,0.4984,0,0.4984,-0.8669,0|0.8691,4.6011,3.0853|0.9725,0.9725,0.9725|256|0|1|1|1|1|0|1",
"P|Part|456.5893,117.9092,28.6197,0,0,-1,0.1511,-0.9885,0,-0.9885,-0.1511,0|0.5199,0.8181,4.424|0.9373,0.7216,0.2196|256|0|1|1|1|1|0.1|1",
"P|Part|456.5892,126.6478,101.8713,0,0,-1,0.7975,-0.6034,0,-0.6034,-0.7975,0|0.8529,0.4188,4.8188|0.9725,0.9725,0.9725|256|0|1|1|1|1|0|1",
"P|Part|456.5894,139.4665,121.2391,0,0,-1,-0.8145,0.5801,0,0.5801,0.8145,0|0.8691,3.107,3.0853|0.9725,0.9725,0.9725|256|0|1|1|1|1|0.1|1",
"P|Part|235.0819,82.1805,144.7148,0,-1,0,1,0,0,0,0,1|2.0061,3.0129,3.01|0.9373,0.7216,0.2196|256|0|1|1|1|1|0.1|1",
"P|Part|-36.3436,298.5574,0.6292,-0.142,0.2657,-0.9536,0.4303,0.8841,0.1822,0.8914,-0.3845,-0.2399|7.5707,15.1414,7.5707|0.9725,0.9725,0.9725|256|0.5|1|1|1|1|0|1",
"P|Part|-135.1494,86.7928,-9.9178,-1,0,0,0,1,0,0,0,-1|2.4348,6.087,1.2174|0.8745,0.8745,0.8706|256|0|1|1|1|1|0|1",
"P|Part|456.5893,92.3721,116.2754,0,0,-1,0.8979,0.4403,0,0.4403,-0.8979,0|1.2578,0.6176,7.1059|0.9725,0.9725,0.9725|256|0|1|1|1|1|0|1",
"P|Part|456.5896,159.7443,70.3297,0,0,-1,0.1923,0.9813,0,0.9813,-0.1923,0|0.8691,3.107,3.0853|0.9725,0.9725,0.9725|256|0|1|1|1|1|0.1|1",
"P|Part|456.5894,86.8164,94.3299,0,0,-1,-0.5223,-0.8528,0,-0.8528,0.5223,0|0.8529,0.453,4.8188|0.9725,0.9725,0.9725|256|0|1|1|1|1|0|1",
"P|Part|357.8832,156.5242,144.709,0,0,-1,0,-1,0,-1,0,0|0.467,0.2547,0.9339|0.9373,0.7216,0.2196|256|0|1|1|1|1|0.1|1",
"P|Part|378.264,159.114,144.7148,0,-1,0,1,0,0,0,0,1|2.2924,0.5094,0.467|0.9373,0.7216,0.2196|256|0|1|1|1|1|0.1|1",
"P|Part|18.6143,82.8303,84.6834,0,-0.7071,-0.7071,-1,0,0,0,0.7071,-0.7071|0.1777,0.4075,2.5978|0.9373,0.7216,0.2196|256|0|1|1|1|1|0.1|1",
"P|Part|456.5896,130.6173,98.1976,0,0,-1,0.6632,-0.7484,0,-0.7484,-0.6632,0|0.8529,0.4188,4.8188|0.9725,0.9725,0.9725|256|0|1|1|1|1|0|1",
"P|Part|-235.2199,147.1759,119.7355,0,0,-1,0,1,0,1,0,0|2.9218,2.6783,1.4609|0.8745,0.8745,0.8706|256|0|1|1|1|1|0|1",
"P|Part|-85.236,147.1759,122.6573,0,0,1,0,1,0,-1,0,0|2.9218,2.6783,1.4609|0.8745,0.8745,0.8706|256|0|1|1|1|1|0|1",
"P|Part|20.6875,73.1111,70.6579,0,0,-1,1,0,0,0,-1,0|0.2362,1.661,10.5888|0.9373,0.7216,0.2196|256|0|1|1|1|1|0.1|1",
"P|Part|171.6982,153.3564,13.7997,0.7071,0,-0.7071,0,1,0,0.7071,0,0.7071|0.0481,0.6156,1.616|0.9373,0.7216,0.2196|256|0|1|1|1|1|0.1|1",
"P|Part|456.5893,102.5152,116.2423,0,0,-1,-0.9785,-0.2061,0,-0.2061,0.9785,0|1.2816,6.7849,4.5497|0.9725,0.9725,0.9725|256|0|1|1|1|1|0|1",
"P|Part|298.264,159.114,144.7148,0,-1,0,1,0,0,0,0,1|2.2924,0.5094,0.467|0.9373,0.7216,0.2196|256|0|1|1|1|1|0.1|1",
"P|Part|456.589,97.8526,58.1842,0,0,-1,-0.8719,0.4897,0,0.4897,0.8719,0|0.8691,4.6011,3.0853|0.9725,0.9725,0.9725|256|0|1|1|1|1|0|1",
"P|Part|456.5887,92.0963,127.2801,0,0,-1,0.9342,0.3568,0,0.3568,-0.9342,0|0.8691,3.107,3.0853|0.9725,0.9725,0.9725|256|0|1|1|1|1|0.1|1",
"P|Part|332.0438,153.3564,149.9476,0,0,1,0,1,0,-1,0,0|0.0481,0.6156,1.616|0.9373,0.7216,0.2196|256|0|1|1|1|1|0.1|1",
"P|Part|407.6157,153.3564,18.8797,-1,0,0,0,1,0,0,0,-1|0.0481,0.6156,1.616|0.9373,0.7216,0.2196|256|0|1|1|1|1|0.1|1",
"P|Part|456.589,159.4522,63.6773,0,0,-1,-0.949,0.3152,0,0.3152,0.949,0|0.5199,0.8181,4.424|0.9373,0.7216,0.2196|256|0|1|1|1|1|0.1|1",
"P||-159.741,115.6452,-4.7316,0,0,-1,0,1,0,1,0,0|2.1426,51.6178,1.0713|0.8745,0.8745,0.8706|256|0|1|1|1|1|0|1",
"P|Part|456.5894,133.4724,126.5923,0,0,-1,-0.45,-0.893,0,-0.893,0.45,0|0.5199,0.8181,4.424|0.9373,0.7216,0.2196|256|0|1|1|1|1|0.1|1",
"P|Part|170.7474,152.8554,21.4347,-0.7071,0,0.7071,0,-1,0,0.7071,0,0.7071|0.0302,0.3862,1.0138|0.4196,0.1961,0.4863|256|0|1|1|1|1|0.1|1",
"P|Part|-233.1503,143.402,-9.3091,0,0,-1,0,1,0,1,0,0|2.4348,4.8696,1.2174|0.8745,0.8745,0.8706|256|0|1|1|1|1|0|1",
"P|Part|409.716,152.7408,22.3234,0.7071,0,-0.7071,0,-1,0,-0.7071,0,-0.7071|0.0481,0.6156,1.616|0.9373,0.7216,0.2196|256|0|1|1|1|1|0.1|1",
"P|Part|456.5893,158.2561,99.7429,0,0,-1,-0.926,-0.3774,0,-0.3774,0.926,0|0.5199,0.8181,4.424|0.9373,0.7216,0.2196|256|0|1|1|1|1|0.1|1",
"P|Part|-91.0308,115.6452,141.4052,-1,0,0,0,1,0,0,0,-1|2.1426,51.6178,1.0713|0.8745,0.8745,0.8706|256|0|1|1|1|1|0|1",
"P|Part|456.5892,120.4307,54.7141,0,0,-1,0.9265,0.3764,0,0.3764,-0.9265,0|0.8529,0.453,4.8188|0.9725,0.9725,0.9725|256|0|1|1|1|1|0|1",
"P|Part|332.3458,66.0812,12.7094,0,0,1,0,-1,0,1,0,0|0.0302,0.3862,1.0138|0.4196,0.1961,0.4863|256|0|1|1|1|1|0.1|1",
"P|Part|254.3592,66.0812,150.0043,0,0,-1,0,-1,0,-1,0,0|0.0302,0.3862,1.0138|0.4196,0.1961,0.4863|256|0|1|1|1|1|0.1|1",
"P|Part|456.5894,80.4581,107.3862,0,0,-1,0.6775,0.7355,0,0.7355,-0.6775,0|1.2578,0.6176,7.1059|0.9725,0.9725,0.9725|256|0|1|1|1|1|0|1",
"P|Part|456.589,88.2447,113.9139,0,0,-1,-0.8398,-0.5429,0,-0.5429,0.8398,0|1.2578,0.668,7.1059|0.9725,0.9725,0.9725|256|0|1|1|1|1|0|1",
"P|Part|416.9515,153.2417,14.665,-0.7071,0,-0.7071,0,1,0,0.7071,0,-0.7071|0.0302,0.3862,1.0138|0.4196,0.1961,0.4863|256|0|1|1|1|1|0.1|1",
"P|Part|456.5894,146.0934,88.6701,0,0,-1,-0.2331,0.9725,0,0.9725,0.2331,0|1.2816,6.7849,4.5497|0.9725,0.9725,0.9725|256|0|1|1|1|1|0|1",
"P|Part|119.4164,118.1851,144.7091,0,1,0,1,0,0,0,0,-1|2.0061,3.0129,3.01|0.9373,0.7216,0.2196|256|0|1|1|1|1|0.1|1",
"P|Part|213.9913,82.1805,144.7148,0,-1,0,1,0,0,0,0,1|2.0061,3.0129,3.01|0.9373,0.7216,0.2196|256|0|1|1|1|1|0.1|1",
"P|Part|174.0438,65.9665,23.2897,0,0,1,0,-1,0,1,0,0|0.0481,0.6156,1.616|0.9373,0.7216,0.2196|256|0|1|1|1|1|0.1|1",
"P|Part|456.5894,76.5029,95.4228,0,0,-1,0.4157,0.9095,0,0.9095,-0.4157,0|1.2816,6.7849,4.5497|0.9725,0.9725,0.9725|256|0|1|1|1|1|0|1",
"P|Part|-182.0194,86.7928,-6.8743,0,0,1,0,1,0,-1,0,0|2.4348,6.087,1.2174|0.8745,0.8745,0.8706|256|0|1|1|1|1|0|1",
"P|Part|-88.8882,86.7928,46.0827,1,0,0,0,1,0,0,0,1|2.4348,6.087,1.2174|0.8745,0.8745,0.8706|256|0|1|1|1|1|0|1",
"P|Part|456.5893,119.0821,40.7284,0,0,-1,0.9751,0.2218,0,0.2218,-0.9751,0|1.2578,0.668,7.1059|0.9725,0.9725,0.9725|256|0|1|1|1|1|0|1",
"P|Part|-183.2368,86.7928,170.8664,0,0,1,0,1,0,-1,0,0|2.4348,6.087,1.2174|0.8745,0.8745,0.8706|256|0|1|1|1|1|0|1",
"P|Part|456.5893,76.4906,57.8168,0,0,-1,0.5512,-0.8343,0,-0.8343,-0.5512,0|1.2578,0.668,7.1059|0.9725,0.9725,0.9725|256|0|1|1|1|1|0|1",
"P|Part|-232.5416,86.7928,14.4303,-1,0,0,0,1,0,0,0,-1|2.4348,6.087,1.2174|0.8745,0.8745,0.8706|256|0|1|1|1|1|0|1",
"P|Part|456.589,118.8184,129.8527,0,0,-1,0.9851,-0.1718,0,-0.1718,-0.9851,0|0.8691,3.107,3.0853|0.9725,0.9725,0.9725|256|0|1|1|1|1|0.1|1",
"P|Part|456.5893,98.5529,57.8057,0,0,-1,-0.887,0.4617,0,0.4617,0.887,0|0.8691,4.6011,3.0853|0.9725,0.9725,0.9725|256|0|1|1|1|1|0|1",
"P|Part|108.8712,118.1851,144.7091,0,1,0,1,0,0,0,0,-1|2.0061,3.0129,3.01|0.9373,0.7216,0.2196|256|0|1|1|1|1|0.1|1",
"P|Part|174.8542,154.5785,18.0666,0,0,1,0,1,0,-1,0,0|10.3946,10.3946,10.3946|0.9373,0.7216,0.2196|256|0|1|1|1|1|0.1|1",
"P|Part|456.5893,99.395,30.6546,0,0,-1,0.9772,-0.2124,0,-0.2124,-0.9772,0|0.8691,3.107,3.0853|0.9725,0.9725,0.9725|256|0|1|1|1|1|0.1|1",
"P|Part|416.2178,153.2417,148.8375,-0.7071,0,0.7071,0,1,0,-0.7071,0,-0.7071|0.0302,0.3862,1.0138|0.4196,0.1961,0.4863|256|0|1|1|1|1|0.1|1",
"P|Part|456.5892,146.6126,117.1703,0,0,-1,0.7022,0.712,0,0.712,-0.7022,0|0.5199,0.8181,4.424|0.9373,0.7216,0.2196|256|0|1|1|1|1|0.1|1",
"P|Part|456.5893,88.8787,34.1882,0,0,-1,0.9073,-0.4205,0,-0.4205,-0.9073,0|0.8691,3.107,3.0853|0.9725,0.9725,0.9725|256|0|1|1|1|1|0.1|1",
"M|Cloud|695.3997,282.1442,10.1955,1,0,0,0,-1,0,0,0,-1|51.8872,26.887,72.9216|1,1,1|256|0|1|1|1|1|0|1|rbxassetid://4862430258|",
"P|Part|456.589,145.7276,70.0169,0,0,-1,-0.2713,-0.9625,0,-0.9625,0.2713,0|1.2816,6.7849,4.5497|0.9725,0.9725,0.9725|256|0|1|1|1|1|0|1",
"P|Part|456.5894,126.1153,128.0109,0,0,-1,0.9487,-0.3162,0,-0.3162,-0.9487,0|0.8691,3.107,3.0853|0.9725,0.9725,0.9725|256|0|1|1|1|1|0.1|1",
"P|Part|456.589,137.2583,35.699,0,0,-1,0.5227,-0.8525,0,-0.8525,-0.5227,0|0.5199,0.8181,4.424|0.9373,0.7216,0.2196|256|0|1|1|1|1|0.1|1",
"P|Part|456.5893,87.8841,95.9424,0,0,-1,-0.5812,-0.8137,0,-0.8137,0.5812,0|0.8529,0.453,4.8188|0.9725,0.9725,0.9725|256|0|1|1|1|1|0|1",
"P|Part|-91.323,86.7928,-3.8308,1,0,0,0,1,0,0,0,1|2.4348,6.087,1.2174|0.8745,0.8745,0.8706|256|0|1|1|1|1|0|1",
"P|Part|413.3592,153.2417,139.3676,0,0,-1,0,1,0,1,0,0|0.0302,0.3862,1.0138|0.4196,0.1961,0.4863|256|0|1|1|1|1|0.1|1",
"P|Part|456.5892,70.1064,75.1744,0,0,-1,0.1208,-0.9927,0,-0.9927,-0.1208,0|1.2578,0.668,7.1059|0.9725,0.9725,0.9725|256|0|1|1|1|1|0|1",
"P|Part|378.264,82.1805,18.0568,0,-1,0,1,0,0,0,0,1|2.0061,3.0129,3.01|0.9373,0.7216,0.2196|256|0|1|1|1|1|0.1|1",
"P|Part|456.5893,105.1652,29.745,0,0,-1,0.9952,-0.0983,0,-0.0983,-0.9952,0|0.8691,3.107,3.0853|0.9725,0.9725,0.9725|256|0|1|1|1|1|0.1|1",
"P|Part|336.9347,152.8554,148.1206,-0.7071,0,-0.7071,0,-1,0,-0.7071,0,0.7071|0.0302,0.3862,1.0138|0.4196,0.1961,0.4863|256|0|1|1|1|1|0.1|1",
"P|Part|456.5896,141.0919,54.2096,0,0,-1,0.6408,0.7677,0,0.7677,-0.6408,0|1.2578,0.668,7.1059|0.9725,0.9725,0.9725|256|0|1|1|1|1|0|1",
"P|Part|456.5894,96.2682,103.6367,0,0,-1,0.862,0.5068,0,0.5068,-0.862,0|0.8529,0.4188,4.8188|0.9725,0.9725,0.9725|256|0|1|1|1|1|0|1",
"P|Part|-129.7929,147.1759,-10.5265,-1,0,0,0,1,0,0,0,-1|2.9218,2.6783,1.4609|0.8745,0.8745,0.8706|256|0|1|1|1|1|0|1",
"P|Part|333.6599,66.5821,149.9478,0,0,-1,0,1,0,1,0,0|0.0481,0.6156,1.616|0.9373,0.7216,0.2196|256|0|1|1|1|1|0.1|1",
"P|Part|456.5892,127.94,128.9907,0,0,-1,-0.3437,-0.9391,0,-0.9391,0.3437,0|0.5199,0.8181,4.424|0.9373,0.7216,0.2196|256|0|1|1|1|1|0.1|1",
"P|Part|456.5893,94.8201,46.3852,0,0,-1,0.9103,-0.414,0,-0.414,-0.9103,0|1.2816,6.7849,4.5497|0.9725,0.9725,0.9725|256|0|1|1|1|1|0|1",
"P|Part|169.6157,152.7408,143.9217,-1,0,0,0,-1,0,0,0,1|0.0481,0.6156,1.616|0.9373,0.7216,0.2196|256|0|1|1|1|1|0.1|1",
"P|Part|456.5894,137.5,80.0931,0,0,-1,0.0016,-1,0,-1,-0.0016,0|0.8529,0.4188,4.8188|0.9725,0.9725,0.9725|256|0|1|1|1|1|0|1",
"P|Part|404.6273,98.387,144.7148,0,1,0,1,0,0,0,0,-1|64.6275,1.5065,1.5065|0.9373,0.7216,0.2196|256|0|1|1|1|1|0.1|1",
"P|Part|456.5892,107.1087,55.1581,0,0,-1,0.9927,-0.1207,0,-0.1207,-0.9927,0|0.8691,4.6011,3.0853|0.9725,0.9725,0.9725|256|0|1|1|1|1|0|1",
"P|Part|456.5893,161.7807,85.9053,0,0,-1,-0.9937,-0.1117,0,-0.1117,0.9937,0|0.5199,0.8181,4.424|0.9373,0.7216,0.2196|256|0|1|1|1|1|0.1|1",
"P|Part|208.9618,82.1805,144.709,0,1,0,1,0,0,0,0,-1|2.0061,3.0129,3.01|0.9373,0.7216,0.2196|256|0|1|1|1|1|0.1|1",
"P|Part|456.589,133.8136,112.7257,0,0,-1,0.8098,-0.5868,0,-0.5868,-0.8098,0|1.2578,0.6176,7.1059|0.9725,0.9725,0.9725|256|0|1|1|1|1|0|1",
"P|Part|456.5892,97.9058,29.4508,0,0,-1,-0.2331,-0.9725,0,-0.9725,0.2331,0|0.5199,0.8181,4.424|0.9373,0.7216,0.2196|256|0|1|1|1|1|0.1|1",
"P|Part|456.5894,149.8202,113.7074,0,0,-1,0.7638,0.6455,0,0.6455,-0.7638,0|0.5199,0.8181,4.424|0.9373,0.7216,0.2196|256|0|1|1|1|1|0.1|1",
"P|Part|-188.7151,86.7928,-9.9178,-1,0,0,0,1,0,0,0,-1|2.4348,6.087,1.2174|0.8745,0.8745,0.8706|256|0|1|1|1|1|0|1",
"P|Part|456.5894,109.2134,130.5968,0,0,-1,0.9998,0.0182,0,0.0182,-0.9998,0|0.8691,3.107,3.0853|0.9725,0.9725,0.9725|256|0|1|1|1|1|0.1|1",
"P|Part|324.6273,123.5212,144.7148,0,1,0,1,0,0,0,0,-1|5.3203,3.0129,3.01|0.9373,0.7216,0.2196|256|0|1|1|1|1|0.1|1",
"P|Part|328.7296,66.0812,14.6909,0.7071,0,0.7071,0,-1,0,0.7071,0,-0.7071|0.0302,0.3862,1.0138|0.4196,0.1961,0.4863|256|0|1|1|1|1|0.1|1",
"P|Part|456.589,156.6064,103.419,0,0,-1,0.8941,0.4479,0,0.4479,-0.8941,0|0.5199,0.8181,4.424|0.9373,0.7216,0.2196|256|0|1|1|1|1|0.1|1",
"P|Part|114.1438,118.1851,18.0511,0,0,1,0,1,0,-1,0,0|3.0129,1.4035,31.6359|0.9373,0.7216,0.2196|256|0|1|1|1|1|0.1|1",
"P|Part|456.5893,105.6648,130.4074,0,0,-1,0.9961,0.0884,0,0.0884,-0.9961,0|0.8691,3.107,3.0853|0.9725,0.9725,0.9725|256|0|1|1|1|1|0.1|1",
"P|Part|456.5892,115.1746,29.753,0,0,-1,0.995,0.0997,0,0.0997,-0.995,0|0.8691,3.107,3.0853|0.9725,0.9725,0.9725|256|0|1|1|1|1|0.1|1",
"P|Part|413.6602,152.7408,12.7651,0,0,-1,0,-1,0,-1,0,0|0.0481,0.6156,1.616|0.9373,0.7216,0.2196|256|0|1|1|1|1|0.1|1",
"P|Part|456.5892,120.5844,105.3412,0,0,-1,0.9242,-0.3818,0,-0.3818,-0.9243,0|0.8529,0.4188,4.8188|0.9725,0.9725,0.9725|256|0|1|1|1|1|0|1",
"P|Part|-232.2494,115.6452,165.7533,-1,0,0,0,1,0,0,0,-1|2.1426,51.6178,1.0713|0.8745,0.8745,0.8706|256|0|1|1|1|1|0|1",
"P|Part|140.7311,163.1198,18.0568,0,0,-1,0,1,0,1,0,0|0.467,5.7054,0.9339|0.9373,0.7216,0.2196|256|0|1|1|1|1|0.1|1",
"P|Part|456.5892,115.3433,53.203,0,0,-1,0.9817,0.1904,0,0.1904,-0.9817,0|0.8529,0.453,4.8188|0.9725,0.9725,0.9725|256|0|1|1|1|1|0|1",
"P|Part|456.5893,81.3088,103.2204,0,0,-1,-0.6264,-0.7795,0,-0.7795,0.6264,0|1.2816,6.7849,4.5497|0.9725,0.9725,0.9725|256|0|1|1|1|1|0|1",
"P|Part|-162.1758,147.1759,-6.8743,0,0,-1,0,1,0,1,0,0|2.9218,2.6783,1.4609|0.8745,0.8745,0.8706|256|0|1|1|1|1|0|1",
"P|Part|174.0448,66.5821,12.7647,0,0,1,0,1,0,-1,0,0|0.0481,0.6156,1.616|0.9373,0.7216,0.2196|256|0|1|1|1|1|0.1|1",
"P|Part|456.5893,77.4935,97.4292,0,0,-1,0.4699,0.8827,0,0.8827,-0.4699,0|1.2816,6.7849,4.5497|0.9725,0.9725,0.9725|256|0|1|1|1|1|0|1",
"P|Part|219.264,82.1805,18.0568,0,-1,0,1,0,0,0,0,1|2.0061,3.0129,3.01|0.9373,0.7216,0.2196|256|0|1|1|1|1|0.1|1",
"P|Part|-159.3758,171.7877,81.3874,1,0,0,0,1,0,0,0,1|158.2622,2.4348,53.5657|0.8745,0.8745,0.8706|256|0|1|1|1|1|0|1",
"P|Part|-151.9496,147.1759,168.4316,0,0,1,0,1,0,-1,0,0|2.9218,2.6783,1.4609|0.8745,0.8745,0.8706|256|0|1|1|1|1|0|1",
"P|Part|-153.4105,147.1759,-3.9525,0,0,1,0,1,0,-1,0,0|2.9218,2.6783,1.4609|0.8745,0.8745,0.8706|256|0|1|1|1|1|0|1",
"P|Part|-128.4538,143.402,-6.8743,0,0,1,0,1,0,-1,0,0|2.4348,4.8696,1.2174|0.8745,0.8745,0.8706|256|0|1|1|1|1|0|1",
"P|Part|456.5893,118.3644,30.1743,0,0,-1,0.9867,0.1628,0,0.1628,-0.9867,0|0.8691,3.107,3.0853|0.9725,0.9725,0.9725|256|0|1|1|1|1|0.1|1",
"P|Part|416.9515,66.0812,14.6652,0.7071,0,-0.7071,0,-1,0,-0.7071,0,-0.7071|0.0302,0.3862,1.0138|0.4196,0.1961,0.4863|256|0|1|1|1|1|0.1|1",
"P|Part|-206.3675,143.402,-6.8743,0,0,1,0,1,0,-1,0,0|2.4348,4.8696,1.2174|0.8745,0.8745,0.8706|256|0|1|1|1|1|0|1",
"P|Part|456.5896,150.9485,109.8886,0,0,-1,-0.5901,0.8073,0,0.8073,0.5901,0|0.8691,3.107,3.0853|0.9725,0.9725,0.9725|256|0|1|1|1|1|0.1|1",
"P|Part|118.9493,159.5042,144.709,0,0,1,0,1,0,-1,0,0|0.467,5.7054,0.9339|0.9373,0.7216,0.2196|256|0|1|1|1|1|0.1|1",
"P|Part|145.5366,155.4984,18.0568,0,-1,0,1,0,0,0,0,1|2.2924,0.5094,0.467|0.9373,0.7216,0.2196|256|0|1|1|1|1|0.1|1",
"P|Part|174.8546,150.5255,18.0554,0,1,0,1,0,0,0,0,-1|0.4577,12.0518,12.0518|0.9373,0.7216,0.2196|256|0|1|1|1|1|0.1|1",
"P|Part|456.5892,90.0048,32.0287,0,0,-1,-0.3848,-0.923,0,-0.923,0.3848,0|0.5199,0.8181,4.424|0.9373,0.7216,0.2196|256|0|1|1|1|1|0.1|1",
"P|Part|171.4643,153.2417,22.1516,-0.7071,0,-0.7071,0,1,0,0.7071,0,-0.7071|0.0302,0.3862,1.0138|0.4196,0.1961,0.4863|256|0|1|1|1|1|0.1|1",
"P|Part|150.3425,154.9849,144.7148,0,0,1,0,1,0,-1,0,0|0.467,5.7054,0.9339|0.9373,0.7216,0.2196|256|0|1|1|1|1|0.1|1",
"P|Part|-230.1068,150.6455,-6.8743,-1,0,0,0,-1,0,0,0,1|14.6088,0.8522,14.6088|0.8745,0.8745,0.8706|256|0|1|1|1|1|0|1",
"P|Part|175.3592,66.4674,23.3463,0,0,-1,0,1,0,1,0,0|0.0302,0.3862,1.0138|0.4196,0.1961,0.4863|256|0|1|1|1|1|0.1|1",
"P|Part|456.5889,112.0598,29.5373,0,0,-1,0.9993,0.0381,0,0.0381,-0.9993,0|0.8691,3.107,3.0853|0.9725,0.9725,0.9725|256|0|1|1|1|1|0.1|1",
"P|Part|32.6394,73.1111,82.6102,0,1,0,1,0,0,0,0,-1|0.2362,1.661,10.5888|0.9373,0.7216,0.2196|256|0|1|1|1|1|0.1|1",
"P|Part|20.6876,83.7234,78.1004,0,0,1,-1,0,0,0,-1,0|0.2733,0.6267,3.9952|0.9373,0.7216,0.2196|256|0|1|1|1|1|0.1|1",
"P|Part|179.1078,153.3564,147.8668,0.7071,0,-0.7071,0,1,0,0.7071,0,0.7071|0.0481,0.6156,1.616|0.9373,0.7216,0.2196|256|0|1|1|1|1|0.1|1",
"P|Part|456.5892,123.3169,101.3872,0,0,-1,-0.8508,0.5255,0,0.5255,0.8508,0|0.8691,4.6011,3.0853|0.9725,0.9725,0.9725|256|0|1|1|1|1|0|1",
"P|Part|456.5893,128.0875,127.3076,0,0,-1,0.9348,-0.3552,0,-0.3552,-0.9348,0|0.8691,3.107,3.0853|0.9725,0.9725,0.9725|256|0|1|1|1|1|0.1|1",
"P|Part|250.4468,66.4674,13.9741,0.7071,0,-0.7071,0,1,0,0.7071,0,0.7071|0.0302,0.3862,1.0138|0.4196,0.1961,0.4863|256|0|1|1|1|1|0.1|1",
"P|Part|456.5893,133.4721,65.7581,0,0,-1,-0.5223,-0.8528,0,-0.8528,0.5223,0|0.8529,0.4188,4.8188|0.9725,0.9725,0.9725|256|0|1|1|1|1|0|1",
"P|Part|-92.6378,115.6452,-6.8743,0,0,-1,0,1,0,1,0,0|2.1426,51.6178,1.0713|0.8745,0.8745,0.8706|256|0|1|1|1|1|0|1",
"P|Part|-104.617,115.6452,-6.8743,0,0,1,0,1,0,-1,0,0|2.1426,51.6178,1.0713|0.8745,0.8745,0.8706|256|0|1|1|1|1|0|1",
"P|Part|456.5892,91.631,96.9747,0,0,-1,0.6749,0.7379,0,0.7379,-0.6749,0|0.8691,4.6011,3.0853|0.9725,0.9725,0.9725|256|0|1|1|1|1|0|1",
"P|Part|456.5892,131.9716,92.3805,0,0,-1,-0.4917,0.8708,0,0.8708,0.4917,0|0.8691,4.6011,3.0853|0.9725,0.9725,0.9725|256|0|1|1|1|1|0|1",
"P|Part|456.5893,150.4869,80.1145,0,0,-1,0.0016,-1,0,-1,-0.0016,0|1.2578,0.6176,7.1059|0.9725,0.9725,0.9725|256|0|1|1|1|1|0|1",
"P|Part|456.5892,70.7453,71.4135,0,0,-1,0.2141,-0.9768,0,-0.9768,-0.2141,0|1.2578,0.668,7.1059|0.9725,0.9725,0.9725|256|0|1|1|1|1|0|1",
"P|Part|456.5892,127.6658,129.0894,0,0,-1,-0.3385,-0.941,0,-0.941,0.3385,0|0.5199,0.8181,4.424|0.9373,0.7216,0.2196|256|0|1|1|1|1|0.1|1",
"P|Part|283.1559,160.1397,18.0511,0,0,-1,0,-1,0,-1,0,0|0.467,0.2547,0.9339|0.9373,0.7216,0.2196|256|0|1|1|1|1|0.1|1",
"P|Part|193.6106,152.0048,144.7091,0,0,-1,0,-1,0,-1,0,0|0.467,0.2547,0.9339|0.9373,0.7216,0.2196|256|0|1|1|1|1|0.1|1",
"P|Part|456.5893,142.1167,119.2147,0,0,-1,-0.7745,0.6326,0,0.6326,0.7745,0|0.8691,3.107,3.0853|0.9725,0.9725,0.9725|256|0|1|1|1|1|0.1|1",
"P|Part|456.5893,92.8484,58.8514,0,0,-1,0.7751,-0.6319,0,-0.6319,-0.7751,0|0.8529,0.453,4.8188|0.9725,0.9725,0.9725|256|0|1|1|1|1|0|1",
"P|Part|456.5894,99.5616,118.9887,0,0,-1,0.965,0.2621,0,0.2621,-0.965,0|1.2578,0.6176,7.1059|0.9725,0.9725,0.9725|256|0|1|1|1|1|0|1",
"P|Handle|-29.3499,300.6243,-11.3989,-0.186,0.237,-0.9536,0.2703,0.9454,0.1822,0.9447,-0.2238,-0.2399|21.198,21.8037,16.8827|0.9725,0.9725,0.9725|256|0.55|1|1|1|1|0|1|AT:BodyBackAttachment:0,-5.678,9.8399,0,0,0|SM:Mesh:http://www.roblox.com/asset/?id=215682815 ::FileMesh:7.5707,7.5707,7.5707,0,0,0",
"P|Part|456.5893,109.7713,107.409,0,0,-1,0.9999,0.0134,0,0.0134,-0.9999,0|0.8529,0.4188,4.8188|0.9725,0.9725,0.9725|256|0|1|1|1|1|0|1",
"P|Part|259.0926,153.3564,17.264,1,0,0,0,1,0,0,0,1|0.0481,0.6156,1.616|0.9373,0.7216,0.2196|256|0|1|1|1|1|0.1|1",
"P|Part|456.5889,144.0276,65.2582,0,0,-1,-0.4,-0.9165,0,-0.9165,0.4,0|1.2816,6.7849,4.5497|0.9725,0.9725,0.9725|256|0|1|1|1|1|0|1",
"P|Part|456.5894,100.9743,54.286,0,0,-1,0.9422,-0.3351,0,-0.3351,-0.9422,0|0.8529,0.453,4.8188|0.9725,0.9725,0.9725|256|0|1|1|1|1|0|1",
"P|Part|456.5892,91.4743,48.1204,0,0,-1,-0.8634,0.5045,0,0.5045,0.8634,0|1.2816,6.7849,4.5497|0.9725,0.9725,0.9725|256|0|1|1|1|1|0|1",
"M|Cloud|692.5997,282.1442,-33.0045,1,0,0,0,-1,0,0,0,-1|51.8872,26.887,72.9216|1,1,1|256|0|1|1|1|1|0|1|rbxassetid://4862430258|",
"P|Part|249.5734,153.3564,21.1811,0.7071,0,0.7071,0,1,0,-0.7071,0,0.7071|0.0481,0.6156,1.616|0.9373,0.7216,0.2196|256|0|1|1|1|1|0.1|1",
"P|Part|178.9347,66.4674,148.1206,0.7071,0,-0.7071,0,1,0,0.7071,0,0.7071|0.0302,0.3862,1.0138|0.4196,0.1961,0.4863|256|0|1|1|1|1|0.1|1",
"P|Part|456.5894,132.0709,127.2728,0,0,-1,-0.4231,-0.9061,0,-0.9061,0.4231,0|0.5199,0.8181,4.424|0.9373,0.7216,0.2196|256|0|1|1|1|1|0.1|1",
"P|Part|456.5893,157.5717,101.3819,0,0,-1,0.9126,0.4088,0,0.4088,-0.9126,0|0.5199,0.8181,4.424|0.9373,0.7216,0.2196|256|0|1|1|1|1|0.1|1",
"P|Part|335.0036,109.5029,23.284,0,0.7071,0.7071,1,0,0,0,0.7071,-0.7071|92.9902,0.6058,0.6058|0.9373,0.7216,0.2196|256|0|1|1|1|1|0.1|1",
"P|Part|261.5985,102.0025,144.709,0,-1,0,1,0,0,0,0,1|71.8586,1.5065,1.5065|0.9373,0.7216,0.2196|256|0|1|1|1|1|0.1|1",
"P|Part|-210.6284,143.402,-2.6134,1,0,0,0,1,0,0,0,1|2.4348,4.8696,1.2174|0.8745,0.8745,0.8706|256|0|1|1|1|1|0|1",
"P|Part|192.6767,154.9849,18.0511,0,0,1,0,1,0,-1,0,0|0.467,5.7054,0.9339|0.9373,0.7216,0.2196|256|0|1|1|1|1|0.1|1",
"P|Part|408.7296,153.2417,14.6909,-0.7071,0,0.7071,0,1,0,-0.7071,0,-0.7071|0.0302,0.3862,1.0138|0.4196,0.1961,0.4863|256|0|1|1|1|1|0.1|1",
"P|Part|456.5894,131.0143,126.0891,0,0,-1,0.9107,-0.4131,0,-0.4131,-0.9107,0|0.8691,3.107,3.0853|0.9725,0.9725,0.9725|256|0|1|1|1|1|0.1|1",
"P|Part|-91.0308,115.6452,-9.5526,-1,0,0,0,1,0,0,0,-1|2.1426,51.6178,1.0713|0.8745,0.8745,0.8706|256|0|1|1|1|1|0|1",
"P|Part|456.5892,128.8934,96.6936,0,0,-1,-0.6637,0.748,0,0.748,0.6637,0|0.8691,4.6011,3.0853|0.9725,0.9725,0.9725|256|0|1|1|1|1|0|1",
"P|Part|456.5893,90.7188,128.4433,0,0,-1,0.3711,-0.9286,0,-0.9286,-0.3711,0|0.5199,0.8181,4.424|0.9373,0.7216,0.2196|256|0|1|1|1|1|0.1|1",
"P|Part|407.5606,66.0812,17.5661,-1,0,0,0,-1,0,0,0,1|0.0302,0.3862,1.0138|0.4196,0.1961,0.4863|256|0|1|1|1|1|0.1|1",
"P|Part|456.5892,115.8497,104.4711,0,0,-1,-0.9737,0.2278,0,0.2278,0.9737,0|0.8691,4.6011,3.0853|0.9725,0.9725,0.9725|256|0|1|1|1|1|0|1",
"P|Part|-189.9326,147.1759,165.5098,0,0,-1,0,1,0,1,0,0|2.9218,2.6783,1.4609|0.8745,0.8745,0.8706|256|0|1|1|1|1|0|1",
"P|Part|-234.3677,143.402,17.4738,0,0,-1,0,1,0,1,0,0|2.4348,4.8696,1.2174|0.8745,0.8745,0.8706|256|0|1|1|1|1|0|1",
"P|Part|-230.1068,84.9667,41.8218,1,0,0,0,1,0,0,0,1|12.174,2.4348,12.174|0.8745,0.8745,0.8706|256|0|1|1|1|1|0|1",
"P|Part|456.5893,136.6012,73.0915,0,0,-1,-0.2543,-0.9671,0,-0.9671,0.2543,0|0.8529,0.4188,4.8188|0.9725,0.9725,0.9725|256|0|1|1|1|1|0|1",
"P|Part|266.8712,105.1661,18.0511,0,-1,0,1,0,0,0,0,1|78.1858,1.5065,1.5065|0.9373,0.7216,0.2196|256|0|1|1|1|1|0.1|1",
"P|Part|267.3379,149.4109,144.709,0,0,-1,0,1,0,1,0,0|0.467,5.7054,0.9339|0.9373,0.7216,0.2196|256|0|1|1|1|1|0.1|1",
"P|Part|456.589,120.7073,29.1254,0,0,-1,0.2048,-0.9788,0,-0.9788,-0.2048,0|0.5199,0.8181,4.424|0.9373,0.7216,0.2196|256|0|1|1|1|1|0.1|1",
"P|Part|240.3546,82.1805,18.0569,0,-1,0,1,0,0,0,0,1|2.0061,3.0129,3.01|0.9373,0.7216,0.2196|256|0|1|1|1|1|0.1|1",
"P|Part|456.5893,117.7047,131.5923,0,0,-1,-0.1472,-0.9891,0,-0.9891,0.1472,0|0.5199,0.8181,4.424|0.9373,0.7216,0.2196|256|0|1|1|1|1|0.1|1",
"P|Part|456.5892,130.6001,33.8205,0,0,-1,0.9144,0.4048,0,0.4048,-0.9144,0|0.8691,3.107,3.0853|0.9725,0.9725,0.9725|256|0|1|1|1|1|0.1|1",
"P|Part|456.5889,109.1582,54.9899,0,0,-1,-0.9992,0.0389,0,0.0389,0.9992,0|0.8691,4.6011,3.0853|0.9725,0.9725,0.9725|256|0|1|1|1|1|0|1",
"P|Part|308.8093,82.1805,18.0568,0,0,-1,0,1,0,1,0,0|3.0129,1.4035,31.6359|0.9373,0.7216,0.2196|256|0|1|1|1|1|0.1|1",
"P|Part|456.5892,158.633,98.8346,0,0,-1,0.933,0.3599,0,0.3599,-0.933,0|0.5199,0.8181,4.424|0.9373,0.7216,0.2196|256|0|1|1|1|1|0.1|1",
"P|Part|170.5556,153.3564,14.9421,-0.7071,0,0.7071,0,1,0,-0.7071,0,-0.7071|0.0481,0.6156,1.616|0.9373,0.7216,0.2196|256|0|1|1|1|1|0.1|1",
"P|Part|456.5892,106.9628,29.5993,0,0,-1,0.998,-0.0627,0,-0.0627,-0.998,0|0.8691,3.107,3.0853|0.9725,0.9725,0.9725|256|0|1|1|1|1|0.1|1",
"P|Part|456.5894,79.755,106.5997,0,0,-1,0.6581,0.753,0,0.753,-0.6581,0|1.2578,0.6176,7.1059|0.9725,0.9725,0.9725|256|0|1|1|1|1|0|1",
"P|Part|456.5892,160.3665,85.7663,0,0,-1,-0.113,0.9936,0,0.9936,0.113,0|0.8691,3.107,3.0853|0.9725,0.9725,0.9725|256|0|1|1|1|1|0.1|1",
"P|Part|259.0926,66.5821,17.264,1,0,0,0,1,0,0,0,1|0.0481,0.6156,1.616|0.9373,0.7216,0.2196|256|0|1|1|1|1|0.1|1",
"P|Part|456.5894,98.0232,55.5294,0,0,-1,0.8965,-0.443,0,-0.443,-0.8965,0|0.8529,0.453,4.8188|0.9725,0.9725,0.9725|256|0|1|1|1|1|0|1",
"P|Part|-213.0632,143.402,165.3881,-1,0,0,0,1,0,0,0,-1|2.4348,4.8696,1.2174|0.8745,0.8745,0.8706|256|0|1|1|1|1|0|1",
"P|Part|456.5893,96.454,45.6974,0,0,-1,0.929,-0.37,0,-0.37,-0.929,0|1.2816,6.7849,4.5497|0.9725,0.9725,0.9725|256|0|1|1|1|1|0|1",
"P|Part|287.8109,113.527,18.0511,0,-1,0,1,0,0,0,0,1|94.9076,1.5065,1.5065|0.9373,0.7216,0.2196|256|0|1|1|1|1|0.1|1",
"P|Part|456.5892,87.3939,64.8589,0,0,-1,0.5554,-0.8316,0,-0.8316,-0.5554,0|0.8529,0.453,4.8188|0.9725,0.9725,0.9725|256|0|1|1|1|1|0|1",
"P|Part|456.5894,147.0359,77.6841,0,0,-1,0.064,0.9979,0,0.9979,-0.064,0|1.2816,6.7849,4.5497|0.9725,0.9725,0.9725|256|0|1|1|1|1|0|1",
"P|Part|456.589,157.2548,98.3743,0,0,-1,-0.3624,0.932,0,0.932,0.3624,0|0.8691,3.107,3.0853|0.9725,0.9725,0.9725|256|0|1|1|1|1|0.1|1",
"P|Part|456.5893,161.9313,84.5214,0,0,-1,0.9964,0.0851,0,0.0851,-0.9964,0|0.5199,0.8181,4.424|0.9373,0.7216,0.2196|256|0|1|1|1|1|0.1|1",
"P|Part|456.5894,148.731,91.8289,0,0,-1,0.2919,-0.9564,0,-0.9564,-0.2919,0|1.2578,0.6176,7.1059|0.9725,0.9725,0.9725|256|0|1|1|1|1|0|1",
"P|Part|456.5893,128.7874,128.6656,0,0,-1,0.36,0.9329,0,0.9329,-0.36,0|0.5199,0.8181,4.424|0.9373,0.7216,0.2196|256|0|1|1|1|1|0.1|1",
"P|Part|456.5893,134.0907,124.5808,0,0,-1,-0.8806,0.4738,0,0.4738,0.8806,0|0.8691,3.107,3.0853|0.9725,0.9725,0.9725|256|0|1|1|1|1|0.1|1",
"P|Part|177.3258,98.387,18.0511,0,-1,0,1,0,0,0,0,1|64.6275,1.5065,1.5065|0.9373,0.7216,0.2196|256|0|1|1|1|1|0.1|1",
"P|Part|407.6157,153.3564,143.9217,1,0,0,0,1,0,0,0,1|0.0481,0.6156,1.616|0.9373,0.7216,0.2196|256|0|1|1|1|1|0.1|1",
"P|Part|456.5892,98.6926,30.8141,0,0,-1,0.9741,-0.2263,0,-0.2263,-0.9741,0|0.8691,3.107,3.0853|0.9725,0.9725,0.9725|256|0|1|1|1|1|0.1|1",
"P|Part|407.6153,66.5821,145.5377,-1,0,0,0,1,0,0,0,-1|0.0481,0.6156,1.616|0.9373,0.7216,0.2196|256|0|1|1|1|1|0.1|1",
"P|Part|456.5896,89.8204,45.2114,0,0,-1,0.8638,-0.5038,0,-0.5038,-0.8638,0|1.2578,0.668,7.1059|0.9725,0.9725,0.9725|256|0|1|1|1|1|0|1",
"P|Part|22.4349,84.114,84.357,0,0.7071,-0.7071,-1,0,0,0,0.7071,0.7071|0.1498,0.3434,2.189|0.9373,0.7216,0.2196|256|0|1|1|1|1|0.1|1",
"P|Part|175.3595,66.0812,12.7094,0,0,-1,0,-1,0,-1,0,0|0.0302,0.3862,1.0138|0.4196,0.1961,0.4863|256|0|1|1|1|1|0.1|1",
"P|Part|456.5894,142.487,55.9316,0,0,-1,-0.5977,-0.8017,0,-0.8017,0.5977,0|1.2578,0.6176,7.1059|0.9725,0.9725,0.9725|256|0|1|1|1|1|0|1",
"P|Part|456.5896,97.8045,118.4684,0,0,-1,0.9522,0.3056,0,0.3056,-0.9522,0|1.2578,0.6176,7.1059|0.9725,0.9725,0.9725|256|0|1|1|1|1|0|1",
"P|Part|328.7474,153.2417,21.4347,0.7071,0,0.7071,0,1,0,-0.7071,0,0.7071|0.0302,0.3862,1.0138|0.4196,0.1961,0.4863|256|0|1|1|1|1|0.1|1",
"P|Part|456.5892,132.0505,50.2618,0,0,-1,-0.8055,-0.5927,0,-0.5927,0.8055,0|1.2816,6.7849,4.5497|0.9725,0.9725,0.9725|256|0|1|1|1|1|0|1",
"P|Part|259.1486,152.8554,145.2379,1,0,0,0,-1,0,0,0,-1|0.0302,0.3862,1.0138|0.4196,0.1961,0.4863|256|0|1|1|1|1|0.1|1",
"P|Part|456.589,137.4615,81.6485,0,0,-1,0.0583,-0.9983,0,-0.9983,-0.0583,0|0.8529,0.4188,4.8188|0.9725,0.9725,0.9725|256|0|1|1|1|1|0|1",
"P|Part|456.5892,159.1269,67.5833,0,0,-1,0.2466,0.9691,0,0.9691,-0.2466,0|0.8691,3.107,3.0853|0.9725,0.9725,0.9725|256|0|1|1|1|1|0.1|1",
"P|Part|203.222,163.1198,18.0511,0,0,1,0,1,0,-1,0,0|0.467,5.7054,0.9339|0.9373,0.7216,0.2196|256|0|1|1|1|1|0.1|1",
"P|Part|417.1078,152.7408,147.8668,-0.7071,0,-0.7071,0,-1,0,-0.7071,0,0.7071|0.0481,0.6156,1.616|0.9373,0.7216,0.2196|256|0|1|1|1|1|0.1|1",
"P|Part|456.5893,134.5358,74.2613,0,0,-1,-0.2308,-0.973,0,-0.973,0.2308,0|0.8691,4.6011,3.0853|0.9725,0.9725,0.9725|256|0|1|1|1|1|0|1",
"P|Part|456.5889,150.4859,80.7361,0,0,-1,0.017,-0.9999,0,-0.9999,-0.017,0|1.2578,0.6176,7.1059|0.9725,0.9725,0.9725|256|0|1|1|1|1|0|1",
"P|Part|456.589,142.4438,62.0595,0,0,-1,-0.4865,-0.8737,0,-0.8737,0.4865,0|1.2816,6.7849,4.5497|0.9725,0.9725,0.9725|256|0|1|1|1|1|0|1",
"P|Part|171.6982,153.3564,140.4576,0.7071,0,-0.7071,0,1,0,0.7071,0,0.7071|0.0481,0.6156,1.616|0.9373,0.7216,0.2196|256|0|1|1|1|1|0.1|1",
"P|Part|253.8539,156.6846,18.0542,0,1,0,1,0,0,0,0,-1|0.4577,12.0518,12.0518|0.9373,0.7216,0.2196|256|0|1|1|1|1|0.1|1",
"P|Part|156.0819,118.1851,144.7148,0,-1,0,1,0,0,0,0,1|2.0061,3.0129,3.01|0.9373,0.7216,0.2196|256|0|1|1|1|1|0.1|1",
"P|Part|456.5892,150.4709,110.5403,0,0,-1,-0.6029,0.7978,0,0.7978,0.6029,0|0.8691,3.107,3.0853|0.9725,0.9725,0.9725|256|0|1|1|1|1|0.1|1",
"P|Part|-206.3675,143.402,168.4316,0,0,1,0,1,0,-1,0,0|2.4348,4.8696,1.2174|0.8745,0.8745,0.8706|256|0|1|1|1|1|0|1",
"P|Part|456.5892,120.0879,119.1481,0,0,-1,0.9691,-0.2467,0,-0.2467,-0.9691,0|1.2578,0.6176,7.1059|0.9725,0.9725,0.9725|256|0|1|1|1|1|0|1",
"P|Part|456.5894,131.1289,62.526,0,0,-1,0.6408,0.7677,0,0.7677,-0.6408,0|0.8529,0.453,4.8188|0.9725,0.9725,0.9725|256|0|1|1|1|1|0|1",
"P|Part|327.5603,153.2417,145.2376,-1,0,0,0,1,0,0,0,-1|0.0302,0.3862,1.0138|0.4196,0.1961,0.4863|256|0|1|1|1|1|0.1|1",
"U|ColumnSegment|83.3296,90.9893,16.2011,-0.866,0,0.5,0,1,0,-0.5,0,-0.866|11.764,39.2947,11.764|0.9725,0.9725,0.9725|256|0|1|1|1|1|0|1",
"P|Part|456.5893,90.7499,33.3666,0,0,-1,0.9236,-0.3835,0,-0.3835,-0.9236,0|0.8691,3.107,3.0853|0.9725,0.9725,0.9725|256|0|1|1|1|1|0.1|1",
"P|Part|456.5892,104.6926,55.5679,0,0,-1,-0.9762,0.2169,0,0.2169,0.9762,0|0.8691,4.6011,3.0853|0.9725,0.9725,0.9725|256|0|1|1|1|1|0|1",
"P|Part|119.4164,110.2127,144.7091,0,-1,0,1,0,0,0,0,1|88.2791,1.5065,1.5065|0.9373,0.7216,0.2196|256|0|1|1|1|1|0.1|1",
"P|Part|129.3438,166.1327,18.0511,0,0,1,0,1,0,-1,0,0|0.467,5.7054,0.9339|0.9373,0.7216,0.2196|256|0|1|1|1|1|0.1|1",
"P|Part|456.5894,128.9681,60.195,0,0,-1,-0.7255,-0.6882,0,-0.6882,0.7255,0|0.8529,0.4188,4.8188|0.9725,0.9725,0.9725|256|0|1|1|1|1|0|1",
"P|Part|456.589,117.8915,131.5622,0,0,-1,0.1508,0.9886,0,0.9886,-0.1508,0|0.5199,0.8181,4.424|0.9373,0.7216,0.2196|256|0|1|1|1|1|0.1|1",
"P|Part|456.5892,162.0656,77.7282,0,0,-1,0.999,-0.0454,0,-0.0454,-0.999,0|0.5199,0.8181,4.424|0.9373,0.7216,0.2196|256|0|1|1|1|1|0.1|1",
"P|Part|456.5893,149.1273,90.4418,0,0,-1,0.2575,-0.9663,0,-0.9663,-0.2575,0|1.2578,0.6176,7.1059|0.9725,0.9725,0.9725|256|0|1|1|1|1|0|1",
"P|Part|456.5894,126.4338,99.1128,0,0,-1,-0.7601,0.6498,0,0.6498,0.7601,0|0.8691,4.6011,3.0853|0.9725,0.9725,0.9725|256|0|1|1|1|1|0|1",
"P|Part|456.5892,134.7346,84.9276,0,0,-1,0.1945,-0.9809,0,-0.9809,-0.1945,0|0.8691,4.6011,3.0853|0.9725,0.9725,0.9725|256|0|1|1|1|1|0|1",
"P|Part|329.4465,152.8554,13.9742,-0.7071,0,-0.7071,0,-1,0,-0.7071,0,0.7071|0.0302,0.3862,1.0138|0.4196,0.1961,0.4863|256|0|1|1|1|1|0.1|1",
"P|Part|456.5893,153.0962,106.702,0,0,-1,-0.5271,0.8498,0,0.8498,0.5271,0|0.8691,3.107,3.0853|0.9725,0.9725,0.9725|256|0|1|1|1|1|0.1|1",
"M|Object.4eb5|-178.6957,92.8856,79.8237,0,0,-1,0,1,0,1,0,0|13.9041,2.1817,0.582|0.9373,0.7216,0.2196|256|0|0|1|1|1|0|1|rbxassetid://1619397330|",
"P|Part|456.5892,147.1131,96.2057,0,0,-1,0.4004,-0.9163,0,-0.9164,-0.4004,0|1.2578,0.6176,7.1059|0.9725,0.9725,0.9725|256|0|1|1|1|1|0|1",
"P|Part|456.589,147.7154,116.0496,0,0,-1,0.7234,0.6905,0,0.6905,-0.7234,0|0.5199,0.8181,4.424|0.9373,0.7216,0.2196|256|0|1|1|1|1|0.1|1",
"P|Part|-130.572,115.6452,-9.5526,-1,0,0,0,1,0,0,0,-1|2.1426,51.6178,1.0713|0.8745,0.8745,0.8706|256|0|1|1|1|1|0|1",
"P|Part.154f|-193.9073,107.7927,82.9442,0,0,1,0,1,0,-1,0,0|0.3335,24.6936,3.0289|0.9373,0.7216,0.2196|256|0|1|1|1|1|0|1",
"P|Part|250.716,153.3564,148.9815,-0.7071,0,-0.7071,0,1,0,0.7071,0,-0.7071|0.0481,0.6156,1.616|0.9373,0.7216,0.2196|256|0|1|1|1|1|0.1|1",
"P|Part.04a2|-186.5856,94.4704,83.978,0,0,1,0,1,0,-1,0,0|0.1967,0.4945,17.2214|0.8353,0.451,0.2392|256|0|1|1|1|1|0|1",
"P|Part|456.5896,160.2705,73.5433,0,0,-1,0.1287,0.9917,0,0.9917,-0.1287,0|0.8691,3.107,3.0853|0.9725,0.9725,0.9725|256|0|1|1|1|1|0.1|1",
"P|Part|-230.1068,149.002,41.8218,-1,0,0,0,-1,0,0,0,1|12.174,2.4348,12.174|0.8745,0.8745,0.8706|256|0|1|1|1|1|0|1",
"P|Part|248.6153,66.5821,143.9217,1,0,0,0,1,0,0,0,1|0.0481,0.6156,1.616|0.9373,0.7216,0.2196|256|0|1|1|1|1|0.1|1",
"P|Part|456.5894,131.924,114.0151,0,0,-1,0.8417,-0.5399,0,-0.5399,-0.8417,0|1.2578,0.6176,7.1059|0.9725,0.9725,0.9725|256|0|1|1|1|1|0|1",
"P|Part|178.9347,153.2417,21.4627,0.7071,0,-0.7071,0,1,0,0.7071,0,0.7071|0.0302,0.3862,1.0138|0.4196,0.1961,0.4863|256|0|1|1|1|1|0.1|1",
"P|Part|456.5893,109.3706,105.119,0,0,-1,-0.9995,-0.0305,0,-0.0305,0.9995,0|0.8691,4.6011,3.0853|0.9725,0.9725,0.9725|256|0|1|1|1|1|0|1",
"P|Part|456.5893,160.6337,92.4493,0,0,-1,0.9714,0.2373,0,0.2373,-0.9714,0|0.5199,0.8181,4.424|0.9373,0.7216,0.2196|256|0|1|1|1|1|0.1|1",
"P|Part|456.5894,132.0706,127.2728,0,0,-1,-0.4231,-0.9061,0,-0.9061,0.4231,0|0.5199,0.8181,4.424|0.9373,0.7216,0.2196|256|0|1|1|1|1|0.1|1",
"P|Part|-83.7751,147.1759,41.8218,0,0,1,0,1,0,-1,0,0|2.9218,2.6783,1.4609|0.8745,0.8745,0.8706|256|0|1|1|1|1|0|1",
"P|Part|456.5893,129.5053,128.3874,0,0,-1,-0.3738,-0.9275,0,-0.9275,0.3738,0|0.5199,0.8181,4.424|0.9373,0.7216,0.2196|256|0|1|1|1|1|0.1|1",
"P|Part|330.6896,109.5029,139.5208,0,0.7071,0.7071,1,0,0,0,0.7071,-0.7071|92.9902,0.6058,0.6058|0.9373,0.7216,0.2196|256|0|1|1|1|1|0.1|1",
"P|Part|-230.1068,115.6452,164.682,-1,0,0,0,1,0,0,0,-1|2.1426,51.6178,1.0713|0.8745,0.8745,0.8706|256|0|1|1|1|1|0|1",
"P|Part|22.4348,78.9215,80.8628,0,0.7071,-0.7071,1,0,0,0,-0.7071,-0.7071|0.1498,0.3434,2.189|0.9373,0.7216,0.2196|256|0|1|1|1|1|0.1|1",
"P|Part|213.9913,118.1851,18.0569,0,-1,0,1,0,0,0,0,1|2.0061,3.0129,3.01|0.9373,0.7216,0.2196|256|0|1|1|1|1|0.1|1",
"P|Part|335.9814,153.3564,140.4316,0.7071,0,0.7071,0,1,0,-0.7071,0,0.7071|0.0481,0.6156,1.616|0.9373,0.7216,0.2196|256|0|1|1|1|1|0.1|1",
"P|Part|456.5892,105.935,53.028,0,0,-1,0.9881,-0.1537,0,-0.1537,-0.9881,0|0.8529,0.453,4.8188|0.9725,0.9725,0.9725|256|0|1|1|1|1|0|1",
"P|Part|456.5892,161.5276,72.2648,0,0,-1,0.9886,-0.1503,0,-0.1503,-0.9886,0|0.5199,0.8181,4.424|0.9373,0.7216,0.2196|256|0|1|1|1|1|0.1|1",
"P|Part|456.5893,118.9821,105.9394,0,0,-1,0.9463,-0.3233,0,-0.3233,-0.9463,0|0.8529,0.4188,4.8188|0.9725,0.9725,0.9725|256|0|1|1|1|1|0|1",
"P|Part|456.5896,160.6902,80.1805,0,0,-1,-0.0025,1,0,1,0.0025,0|0.8691,3.107,3.0853|0.9725,0.9725,0.9725|256|0|1|1|1|1|0.1|1",
"P|Part|256.9817,65.9665,140.4314,-0.7071,0,0.7071,0,-1,0,0.7071,0,0.7071|0.0481,0.6156,1.616|0.9373,0.7216,0.2196|256|0|1|1|1|1|0.1|1",
"P|Part|-227.185,147.1759,38.1696,-1,0,0,0,1,0,0,0,-1|2.9218,2.6783,1.4609|0.8745,0.8745,0.8706|256|0|1|1|1|1|0|1",
"P|Part|456.589,98.1651,30.9382,0,0,-1,0.9716,-0.2368,0,-0.2368,-0.9716,0|0.8691,3.107,3.0853|0.9725,0.9725,0.9725|256|0|1|1|1|1|0.1|1",
"P|Part|341.5985,82.1805,18.0511,0,1,0,1,0,0,0,0,-1|2.0061,3.0129,3.01|0.9373,0.7216,0.2196|256|0|1|1|1|1|0.1|1",
"P|Part|456.5893,102.3617,106.2831,0,0,-1,0.9588,0.2841,0,0.2841,-0.9588,0|0.8529,0.4188,4.8188|0.9725,0.9725,0.9725|256|0|1|1|1|1|0|1",
"P|Part|-227.672,86.7928,171.4751,1,0,0,0,1,0,0,0,1|2.4348,6.087,1.2174|0.8745,0.8745,0.8706|256|0|1|1|1|1|0|1",
"P|Part|456.5892,124.0756,31.4518,0,0,-1,0.9612,0.2758,0,0.2758,-0.9612,0|0.8691,3.107,3.0853|0.9725,0.9725,0.9725|256|0|1|1|1|1|0.1|1",
"P|Part|-91.323,143.402,122.779,1,0,0,0,1,0,0,0,1|2.4348,4.8696,1.2174|0.8745,0.8745,0.8706|256|0|1|1|1|1|0|1",
"P|Part|266.8712,118.1851,18.0511,0,1,0,1,0,0,0,0,-1|2.0061,3.0129,3.01|0.9373,0.7216,0.2196|256|0|1|1|1|1|0.1|1",
"P|Part|456.589,134.3737,73.6161,0,0,-1,-0.2565,-0.9665,0,-0.9665,0.2565,0|0.8691,4.6011,3.0853|0.9725,0.9725,0.9725|256|0|1|1|1|1|0|1",
"P|Part|456.5897,114.5609,107.0478,0,0,-1,0.9868,-0.1617,0,-0.1617,-0.9868,0|0.8529,0.4188,4.8188|0.9725,0.9725,0.9725|256|0|1|1|1|1|0|1",
"P|Part|456.5894,133.4724,126.5923,0,0,-1,-0.45,-0.893,0,-0.893,0.45,0|0.5199,0.8181,4.424|0.9373,0.7216,0.2196|256|0|1|1|1|1|0.1|1",
"P|Part|418.1486,66.0812,17.5663,-1,0,0,0,-1,0,0,0,1|0.0302,0.3862,1.0138|0.4196,0.1961,0.4863|256|0|1|1|1|1|0.1|1",
"P|Part|-154.9201,115.6452,-9.5526,-1,0,0,0,1,0,0,0,-1|2.1426,51.6178,1.0713|0.8745,0.8745,0.8706|256|0|1|1|1|1|0|1",
"P|Part|464.6574,74.2303,51.3434,0,0,-1,0,1,0,1,0,0|32.1977,0.8534,0.9479|0.9373,0.7216,0.2196|256|0|1|1|1|1|0.1|1",
"P|Part|456.5893,117.9013,106.2831,0,0,-1,0.9589,-0.2838,0,-0.2838,-0.9589,0|0.8529,0.4188,4.8188|0.9725,0.9725,0.9725|256|0|1|1|1|1|0|1",
"P|Part|456.5892,155.9498,58.6727,0,0,-1,0.4229,0.9062,0,0.9062,-0.4229,0|0.8691,3.107,3.0853|0.9725,0.9725,0.9725|256|0|1|1|1|1|0.1|1",
"P|Part|456.5896,78.1383,55.5042,0,0,-1,0.6086,-0.7935,0,-0.7935,-0.6086,0|1.2578,0.668,7.1059|0.9725,0.9725,0.9725|256|0|1|1|1|1|0|1",
"P|Part|456.5892,101.1834,129.8055,0,0,-1,0.9842,0.1771,0,0.1771,-0.9842,0|0.8691,3.107,3.0853|0.9725,0.9725,0.9725|256|0|1|1|1|1|0.1|1",
"P|Part|456.5894,102.0612,40.5439,0,0,-1,0.9797,-0.2003,0,-0.2003,-0.9797,0|1.2578,0.668,7.1059|0.9725,0.9725,0.9725|256|0|1|1|1|1|0|1",
"P|Part|456.5893,142.9719,56.5962,0,0,-1,-0.5812,-0.8137,0,-0.8137,0.5812,0|1.2578,0.6176,7.1059|0.9725,0.9725,0.9725|256|0|1|1|1|1|0|1",
"P|Part|346.8712,105.1661,18.0511,0,-1,0,1,0,0,0,0,1|78.1858,1.5065,1.5065|0.9373,0.7216,0.2196|256|0|1|1|1|1|0.1|1",
"P|Part|456.589,118.3638,28.691,0,0,-1,0.1598,-0.9871,0,-0.9871,-0.1598,0|0.5199,0.8181,4.424|0.9373,0.7216,0.2196|256|0|1|1|1|1|0.1|1",
"P|Part|456.589,70.4231,73.0449,0,0,-1,0.1736,-0.9848,0,-0.9848,-0.1736,0|1.2578,0.668,7.1059|0.9725,0.9725,0.9725|256|0|1|1|1|1|0|1",
"P|Part|308.8093,82.1805,18.0568,0,-1,0,1,0,0,0,0,1|2.0061,3.0129,3.01|0.9373,0.7216,0.2196|256|0|1|1|1|1|0.1|1",
"P|Part|-85.8447,143.402,15.039,0,0,1,0,1,0,-1,0,0|2.4348,4.8696,1.2174|0.8745,0.8745,0.8706|256|0|1|1|1|1|0|1",
"P|Part|174.0445,153.3564,12.765,0,0,1,0,1,0,-1,0,0|0.0481,0.6156,1.616|0.9373,0.7216,0.2196|256|0|1|1|1|1|0.1|1",
"P|Part|456.5892,84.7863,123.8024,0,0,-1,0.8653,0.5013,0,0.5013,-0.8653,0|0.8691,3.107,3.0853|0.9725,0.9725,0.9725|256|0|1|1|1|1|0.1|1",
"P|Part|456.5892,97.4734,58.4013,0,0,-1,-0.8632,0.5048,0,0.5048,0.8632,0|0.8691,4.6011,3.0853|0.9725,0.9725,0.9725|256|0|1|1|1|1|0|1",
"P|Part|456.5892,159.22,67.9441,0,0,-1,0.2395,0.9709,0,0.9709,-0.2395,0|0.8691,3.107,3.0853|0.9725,0.9725,0.9725|256|0|1|1|1|1|0.1|1",
"P|Part|408.5552,66.5821,141.6,-0.7071,0,0.7071,0,1,0,-0.7071,0,-0.7071|0.0481,0.6156,1.616|0.9373,0.7216,0.2196|256|0|1|1|1|1|0.1|1",
"P|Part|456.5894,91.4893,60.0427,0,0,-1,0.7315,-0.6819,0,-0.6819,-0.7315,0|0.8529,0.453,4.8188|0.9725,0.9725,0.9725|256|0|1|1|1|1|0|1",
"P|Part|456.5893,144.4873,119.1543,0,0,-1,0.6614,0.75,0,0.75,-0.6614,0|0.5199,0.8181,4.424|0.9373,0.7216,0.2196|256|0|1|1|1|1|0.1|1",
"P|Part|357.4164,82.1805,144.7091,0,1,0,1,0,0,0,0,-1|2.0061,3.0129,3.01|0.9373,0.7216,0.2196|256|0|1|1|1|1|0.1|1",
"P|Part|456.5892,124.6174,42.4128,0,0,-1,0.9333,0.3591,0,0.3591,-0.9333,0|1.2578,0.668,7.1059|0.9725,0.9725,0.9725|256|0|1|1|1|1|0|1",
"P|Part|259.1486,152.8554,18.58,1,0,0,0,-1,0,0,0,-1|0.0302,0.3862,1.0138|0.4196,0.1961,0.4863|256|0|1|1|1|1|0.1|1",
"P|Part|456.5892,98.8224,29.2457,0,0,-1,-0.2155,-0.9765,0,-0.9765,0.2155,0|0.5199,0.8181,4.424|0.9373,0.7216,0.2196|256|0|1|1|1|1|0.1|1",
"P|Part|456.5893,86.7511,47.1928,0,0,-1,0.8147,-0.5799,0,-0.5799,-0.8147,0|1.2578,0.668,7.1059|0.9725,0.9725,0.9725|256|0|1|1|1|1|0|1",
"P|EP2|26.3667,79.4283,82.5672,0,0,1,1,0,0,0,1,0|0.8512,3.4967,0.8512|0.9725,0.9725,0.9725|256|1|0|1|1|1|0|0|AT:Attachment:0,0,0,0,0,0|PE:ParticleEmitter:rbxassetid://277916207:1:20:1:1:1.1502:1.1502",
"P|Part|456.589,107.2107,55.1417,0,0,-1,-0.9932,0.1166,0,0.1166,0.9932,0|0.8691,4.6011,3.0853|0.9725,0.9725,0.9725|256|0|1|1|1|1|0|1",
"P|Part|456.5894,80.947,52.2207,0,0,-1,0.69,-0.7238,0,-0.7238,-0.69,0|1.2578,0.668,7.1059|0.9725,0.9725,0.9725|256|0|1|1|1|1|0|1",
"P|Part|456.5892,115.3057,130.34,0,0,-1,0.9947,-0.1023,0,-0.1023,-0.9948,0|0.8691,3.107,3.0853|0.9725,0.9725,0.9725|256|0|1|1|1|1|0.1|1",
"P|Part|456.5896,161.8499,74.804,0,0,-1,0.9948,-0.1015,0,-0.1015,-0.9948,0|0.5199,0.8181,4.424|0.9373,0.7216,0.2196|256|0|1|1|1|1|0.1|1",
"P|Part|332.8546,150.0677,144.7133,0,1,0,1,0,0,0,0,-1|0.4577,13.5582,13.5582|0.9373,0.7216,0.2196|256|0|1|1|1|1|0.1|1",
"P|Part|456.5893,100.1789,103.0695,0,0,-1,-0.9178,-0.397,0,-0.397,0.9178,0|0.8691,4.6011,3.0853|0.9725,0.9725,0.9725|256|0|1|1|1|1|0|1",
"P|Part|356.9493,156.5242,144.709,0,0,1,0,-1,0,1,0,0|0.467,0.2547,0.9339|0.9373,0.7216,0.2196|256|0|1|1|1|1|0.1|1",
"P|Part|456.5892,107.4472,39.8136,0,0,-1,0.9978,-0.0667,0,-0.0667,-0.9978,0|1.2578,0.668,7.1059|0.9725,0.9725,0.9725|256|0|1|1|1|1|0|1",
"P|Part|-130.0364,115.6452,166.2889,0,0,1,0,1,0,-1,0,0|2.1426,51.6178,1.0713|0.8745,0.8745,0.8706|256|0|1|1|1|1|0|1",
"P|Part|456.5893,157.5078,101.5249,0,0,-1,0.9114,0.4116,0,0.4116,-0.9114,0|0.5199,0.8181,4.424|0.9373,0.7216,0.2196|256|0|1|1|1|1|0.1|1",
"P|Part|197.9493,159.5042,18.0511,0,0,1,0,1,0,-1,0,0|0.467,5.7054,0.9339|0.9373,0.7216,0.2196|256|0|1|1|1|1|0.1|1",
"P|Part|-230.1068,115.6452,-10.6239,-1,0,0,0,1,0,0,0,-1|2.1426,51.6178,1.0713|0.8745,0.8745,0.8706|256|0|1|1|1|1|0|1",
"P|Part.ffaf|-186.5856,94.4704,87.4331,0,0,1,0,1,0,-1,0,0|0.1967,0.4945,17.2214|0.8353,0.451,0.2392|256|0|1|1|1|1|0|1",
"P|Part|174.8546,150.0677,144.7133,0,1,0,1,0,0,0,0,-1|0.4577,13.5582,13.5582|0.9373,0.7216,0.2196|256|0|1|1|1|1|0.1|1",
"P|Part|456.5893,155.008,53.8262,0,0,-1,0.8635,-0.5044,0,-0.5044,-0.8635,0|0.5199,0.8181,4.424|0.9373,0.7216,0.2196|256|0|1|1|1|1|0.1|1",
"P|Part|456.5889,136.2711,106.219,0,0,-1,-0.7076,0.7066,0,0.7066,0.7076,0|1.2816,6.7849,4.5497|0.9725,0.9725,0.9725|256|0|1|1|1|1|0|1",
"P|Part|456.5893,121.3717,44.8174,0,0,-1,-0.9527,-0.3039,0,-0.3039,0.9527,0|1.2816,6.7849,4.5497|0.9725,0.9725,0.9725|256|0|1|1|1|1|0|1",
"P|Part|456.5892,124.1445,45.8311,0,0,-1,0.9254,0.3789,0,0.3789,-0.9254,0|1.2816,6.7849,4.5497|0.9725,0.9725,0.9725|256|0|1|1|1|1|0|1",
"P|Part|456.5893,127.5983,31.069,0,0,-1,0.3372,-0.9414,0,-0.9414,-0.3372,0|0.5199,0.8181,4.424|0.9373,0.7216,0.2196|256|0|1|1|1|1|0.1|1",
"P|Part|-230.1068,82.5319,168.4316,1,0,0,0,1,0,0,0,1|14.6088,2.4348,14.6088|0.8745,0.8745,0.8706|256|0|1|1|1|1|0|1",
"P|Part|456.5897,79.3539,59.5579,0,0,-1,-0.5542,0.8324,0,0.8324,0.5542,0|1.2816,6.7849,4.5497|0.9725,0.9725,0.9725|256|0|1|1|1|1|0|1",
"P|Part|452.4376,153.9353,78.5489,-1,0,0,0,0,-1,0,-1,0|0.2283,2.9223,7.6709|0.9373,0.7216,0.2196|256|0|1|1|1|1|0.1|1",
"P|Part|456.5893,126.7636,116.8127,0,0,-1,0.9111,-0.4121,0,-0.4121,-0.9111,0|1.2578,0.6176,7.1059|0.9725,0.9725,0.9725|256|0|1|1|1|1|0|1",
"P|Part|456.5892,112.9591,29.5794,0,0,-1,0.9984,0.0559,0,0.0559,-0.9984,0|0.8691,3.107,3.0853|0.9725,0.9725,0.9725|256|0|1|1|1|1|0.1|1",
"P|Part|456.5892,124.6174,42.4128,0,0,-1,0.9333,0.3591,0,0.3591,-0.9333,0|1.2578,0.668,7.1059|0.9725,0.9725,0.9725|256|0|1|1|1|1|0|1",
"P|Part|456.5893,107.3955,52.8401,0,0,-1,0.995,-0.1002,0,-0.1002,-0.995,0|0.8529,0.453,4.8188|0.9725,0.9725,0.9725|256|0|1|1|1|1|0|1",
"P|Part|-86.2099,115.6452,-9.0169,0,0,1,0,1,0,-1,0,0|2.1426,51.6178,1.0713|0.8745,0.8745,0.8706|256|0|1|1|1|1|0|1",
"P|Part|456.5893,109.2807,54.9849,0,0,-1,-0.9994,0.034,0,0.034,0.9994,0|0.8691,4.6011,3.0853|0.9725,0.9725,0.9725|256|0|1|1|1|1|0|1",
"P|Part|456.5892,161.8924,84.9616,0,0,-1,0.9956,0.0935,0,0.0935,-0.9956,0|0.5199,0.8181,4.424|0.9373,0.7216,0.2196|256|0|1|1|1|1|0.1|1",
"P|Part|456.5893,140.3107,53.3017,0,0,-1,0.6633,0.7483,0,0.7483,-0.6633,0|1.2578,0.668,7.1059|0.9725,0.9725,0.9725|256|0|1|1|1|1|0|1",
"P|Part|456.5892,77.3222,103.4862,0,0,-1,-0.5812,-0.8137,0,-0.8137,0.5812,0|1.2578,0.668,7.1059|0.9725,0.9725,0.9725|256|0|1|1|1|1|0|1",
"P|Part|456.5893,106.0155,107.0991,0,0,-1,0.9886,0.1506,0,0.1506,-0.9886,0|0.8529,0.4188,4.8188|0.9725,0.9725,0.9725|256|0|1|1|1|1|0|1",
"P|Part|456.589,105.7122,130.4112,0,0,-1,0.9962,0.0875,0,0.0875,-0.9962,0|0.8691,3.107,3.0853|0.9725,0.9725,0.9725|256|0|1|1|1|1|0.1|1",
"P|Part|456.589,114.2137,55.303,0,0,-1,-0.9867,-0.1628,0,-0.1628,0.9867,0|0.8691,4.6011,3.0853|0.9725,0.9725,0.9725|256|0|1|1|1|1|0|1",
"P|Part|208.3438,163.1526,144.7091,0,0,1,0,-1,0,1,0,0|0.467,0.2547,0.9339|0.9373,0.7216,0.2196|256|0|1|1|1|1|0.1|1",
"P|Part|456.5892,86.4973,51.6081,0,0,-1,-0.7691,0.6391,0,0.6391,0.7691,0|1.2816,6.7849,4.5497|0.9725,0.9725,0.9725|256|0|1|1|1|1|0|1",
"P|Part|456.5893,102.1699,119.6046,0,0,-1,0.9803,0.1974,0,0.1974,-0.9803,0|1.2578,0.6176,7.1059|0.9725,0.9725,0.9725|256|0|1|1|1|1|0|1",
"P|Part|456.5892,159.4893,69.0933,0,0,-1,0.2168,0.9762,0,0.9762,-0.2168,0|0.8691,3.107,3.0853|0.9725,0.9725,0.9725|256|0|1|1|1|1|0.1|1",
"P|Part|182.1314,143.0838,144.7091,0,0,1,0,1,0,-1,0,0|0.467,5.7054,0.9339|0.9373,0.7216,0.2196|256|0|1|1|1|1|0.1|1",
"M|Cloud|215.1996,276.1442,-112.4045,1,0,0,0,-1,0,0,0,-1|51.8872,26.887,72.9216|1,1,1|256|0|1|1|1|1|0|1|rbxassetid://4862430258|",
"P|Part|-91.0308,115.6452,44.5001,1,0,0,0,1,0,0,0,1|2.1426,51.6178,1.0713|0.8745,0.8745,0.8706|256|0|1|1|1|1|0|1",
"P|Part|456.5887,155.483,105.5371,0,0,-1,0.8725,0.4886,0,0.4886,-0.8725,0|0.5199,0.8181,4.424|0.9373,0.7216,0.2196|256|0|1|1|1|1|0.1|1",
"P|Part|456.5897,160.9642,91.0077,0,0,-1,0.9778,0.2096,0,0.2096,-0.9778,0|0.5199,0.8181,4.424|0.9373,0.7216,0.2196|256|0|1|1|1|1|0.1|1",
"P|Part|456.5893,91.3881,96.7042,0,0,-1,-0.6641,-0.7476,0,-0.7476,0.6641,0|0.8691,4.6011,3.0853|0.9725,0.9725,0.9725|256|0|1|1|1|1|0|1",
"P|Part|-91.9317,86.7928,19.9086,0,0,-1,0,1,0,1,0,0|2.4348,6.087,1.2174|0.8745,0.8745,0.8706|256|0|1|1|1|1|0|1",
"P|Part|456.5892,91.4896,63.2829,0,0,-1,-0.6687,0.7436,0,0.7436,0.6687,0|0.8691,4.6011,3.0853|0.9725,0.9725,0.9725|256|0|1|1|1|1|0|1",
"P|Part|171.716,152.7408,22.3234,0.7071,0,-0.7071,0,-1,0,-0.7071,0,-0.7071|0.0481,0.6156,1.616|0.9373,0.7216,0.2196|256|0|1|1|1|1|0.1|1",
"P|Part|336.2346,153.2417,13.9483,0.7071,0,0.7071,0,1,0,-0.7071,0,0.7071|0.0302,0.3862,1.0138|0.4196,0.1961,0.4863|256|0|1|1|1|1|0.1|1",
"P|Part|-227.4285,115.6452,15.3311,0,0,1,0,1,0,-1,0,0|2.1426,51.6178,1.0713|0.8745,0.8745,0.8706|256|0|1|1|1|1|0|1",
"P|Part|327.6157,152.7408,143.9217,-1,0,0,0,-1,0,0,0,1|0.0481,0.6156,1.616|0.9373,0.7216,0.2196|256|0|1|1|1|1|0.1|1",
"P|Part|456.5893,126.4923,32.213,0,0,-1,0.9462,0.3236,0,0.3236,-0.9462,0|0.8691,3.107,3.0853|0.9725,0.9725,0.9725|256|0|1|1|1|1|0.1|1",
"P|Part|314.0819,105.1661,144.7148,0,1,0,1,0,0,0,0,-1|78.1858,1.5065,1.5065|0.9373,0.7216,0.2196|256|0|1|1|1|1|0.1|1",
"P|Part|456.5897,92.5951,59.0667,0,0,-1,0.7672,-0.6414,0,-0.6414,-0.7672,0|0.8529,0.453,4.8188|0.9725,0.9725,0.9725|256|0|1|1|1|1|0|1",
"P|Part|272.1438,118.1851,144.7091,0,1,0,1,0,0,0,0,-1|2.0061,3.0129,3.01|0.9373,0.7216,0.2196|256|0|1|1|1|1|0.1|1",
"P|Part|456.5893,135.44,90.472,0,0,-1,0.3809,-0.9246,0,-0.9246,-0.3809,0|0.8529,0.4188,4.8188|0.9725,0.9725,0.9725|256|0|1|1|1|1|0|1",
"P|Part|456.5894,103.9312,116.5065,0,0,-1,-0.9858,-0.1678,0,-0.1678,0.9858,0|1.2816,6.7849,4.5497|0.9725,0.9725,0.9725|256|0|1|1|1|1|0|1",
"P|Part|456.5896,138.9627,38.5258,0,0,-1,0.8214,0.5703,0,0.5703,-0.8214,0|0.8691,3.107,3.0853|0.9725,0.9725,0.9725|256|0|1|1|1|1|0.1|1",
"P|Part|456.5894,115.7307,55.6069,0,0,-1,-0.9748,-0.2232,0,-0.2232,0.9748,0|0.8691,4.6011,3.0853|0.9725,0.9725,0.9725|256|0|1|1|1|1|0|1",
"P|Part|456.5893,136.0354,71.2165,0,0,-1,-0.3228,-0.9465,0,-0.9465,0.3228,0|0.8529,0.4188,4.8188|0.9725,0.9725,0.9725|256|0|1|1|1|1|0|1",
"P|Part|177.3258,82.1805,144.709,0,1,0,1,0,0,0,0,-1|2.0061,3.0129,3.01|0.9373,0.7216,0.2196|256|0|1|1|1|1|0.1|1",
"P|Part|240.3546,139.078,144.7148,0,-1,0,1,0,0,0,0,1|2.2924,0.5094,0.467|0.9373,0.7216,0.2196|256|0|1|1|1|1|0.1|1",
"P|Part|151.2764,154.9849,144.7148,0,0,-1,0,1,0,1,0,0|0.467,5.7054,0.9339|0.9373,0.7216,0.2196|256|0|1|1|1|1|0.1|1",
"P|Part|456.5896,111.4435,107.3635,0,0,-1,-0.9989,0.0478,0,0.0478,0.9989,0|0.8529,0.453,4.8188|0.9725,0.9725,0.9725|256|0|1|1|1|1|0|1",
"P|Part|313.6152,149.4109,18.0569,0,0,1,0,1,0,-1,0,0|0.467,5.7054,0.9339|0.9373,0.7216,0.2196|256|0|1|1|1|1|0.1|1",
"P|Part|456.5889,113.8529,104.8553,0,0,-1,-0.989,0.148,0,0.148,0.989,0|0.8691,4.6011,3.0853|0.9725,0.9725,0.9725|256|0|1|1|1|1|0|1",
"P|Part|456.589,142.5506,62.2524,0,0,-1,-0.4813,-0.8766,0,-0.8766,0.4813,0|1.2816,6.7849,4.5497|0.9725,0.9725,0.9725|256|0|1|1|1|1|0|1",
"P|Part|254.6599,66.5821,149.9478,0,0,-1,0,1,0,1,0,0|0.0481,0.6156,1.616|0.9373,0.7216,0.2196|256|0|1|1|1|1|0.1|1",
"P|Part|456.589,117.3308,131.6447,0,0,-1,0.14,0.9902,0,0.9902,-0.14,0|0.5199,0.8181,4.424|0.9373,0.7216,0.2196|256|0|1|1|1|1|0.1|1",
"P|Part|-159.9845,147.1759,172.0838,1,0,0,0,1,0,0,0,1|2.9218,2.6783,1.4609|0.8745,0.8745,0.8706|256|0|1|1|1|1|0|1",
"P|Part|-88.8882,143.402,37.5609,-1,0,0,0,1,0,0,0,-1|2.4348,4.8696,1.2174|0.8745,0.8745,0.8706|256|0|1|1|1|1|0|1",
"P|Part|336.9347,152.8554,21.4627,-0.7071,0,-0.7071,0,-1,0,-0.7071,0,0.7071|0.0302,0.3862,1.0138|0.4196,0.1961,0.4863|256|0|1|1|1|1|0.1|1",
"P|Part|456.5892,105.7156,53.0651,0,0,-1,0.9868,-0.1617,0,-0.1617,-0.9868,0|0.8529,0.453,4.8188|0.9725,0.9725,0.9725|256|0|1|1|1|1|0|1",
"P|Part|23.1585,81.3159,82.6099,0,1,0,1,0,0,0,0,-1|0.1498,0.3434,2.189|0.9373,0.7216,0.2196|256|0|1|1|1|1|0.1|1",
"P|Part|-227.672,86.7928,122.779,1,0,0,0,1,0,0,0,1|2.4348,6.087,1.2174|0.8745,0.8745,0.8706|256|0|1|1|1|1|0|1",
"P|Part|-160.1062,86.7928,165.9968,0,0,-1,0,1,0,1,0,0|2.4348,6.087,1.2174|0.8745,0.8745,0.8706|256|0|1|1|1|1|0|1",
"P|Part|456.5892,146.4079,87.2434,0,0,-1,0.1945,-0.9809,0,-0.9809,-0.1945,0|1.2816,6.7849,4.5497|0.9725,0.9725,0.9725|256|0|1|1|1|1|0|1",
"P|Part|-105.9318,143.402,165.3881,-1,0,0,0,1,0,0,0,-1|2.4348,4.8696,1.2174|0.8745,0.8745,0.8706|256|0|1|1|1|1|0|1",
"P|Part|456.5892,130.3164,128.0487,0,0,-1,-0.3894,-0.9211,0,-0.9211,0.3894,0|0.5199,0.8181,4.424|0.9373,0.7216,0.2196|256|0|1|1|1|1|0.1|1",
"P|Part|230.2764,154.9849,144.7148,0,0,-1,0,1,0,1,0,0|0.467,5.7054,0.9339|0.9373,0.7216,0.2196|256|0|1|1|1|1|0.1|1",
"P|Part|456.5893,70.9475,70.5376,0,0,-1,0.2358,-0.9718,0,-0.9718,-0.2358,0|1.2578,0.668,7.1059|0.9725,0.9725,0.9725|256|0|1|1|1|1|0|1",
"P|Part|-183.6021,115.6452,166.2889,0,0,1,0,1,0,-1,0,0|2.1426,51.6178,1.0713|0.8745,0.8745,0.8706|256|0|1|1|1|1|0|1",
"P|Part|456.5893,135.2037,79.3811,0,0,-1,-0.0267,-0.9996,0,-0.9996,0.0267,0|0.8691,4.6011,3.0853|0.9725,0.9725,0.9725|256|0|1|1|1|1|0|1",
"P|Part|98.3258,77.2092,144.709,0,-1,0,1,0,0,0,0,1|5.3203,3.0129,3.01|0.9373,0.7216,0.2196|256|0|1|1|1|1|0.1|1",
"P|Part|12.4391,66.484,74.3611,0,-0.7071,-0.7071,1,0,0,0,-0.7071,0.7071|13.9173,1.6212,10.3349|0.9725,0.9725,0.9725|256|0|1|1|1|1|0|1",
"P|Part|407.6376,109.5029,146.8892,0,0.7071,0.7071,1,0,0,0,0.7071,-0.7071|92.9902,0.6058,0.6058|0.9373,0.7216,0.2196|256|0|1|1|1|1|0.1|1",
"P|Part|177.3258,77.2092,18.0511,0,-1,0,1,0,0,0,0,1|5.3203,3.0129,3.01|0.9373,0.7216,0.2196|256|0|1|1|1|1|0.1|1",
"P|Part|-88.8882,149.002,119.7355,-1,0,0,0,-1,0,0,0,1|12.174,2.4348,12.174|0.8745,0.8745,0.8706|256|0|1|1|1|1|0|1",
"P|Part|456.589,131.3881,93.3616,0,0,-1,0.5308,-0.8475,0,-0.8475,-0.5308,0|0.8691,4.6011,3.0853|0.9725,0.9725,0.9725|256|0|1|1|1|1|0|1",
"P|Part|456.5894,130.8981,33.9521,0,0,-1,0.9118,0.4107,0,0.4107,-0.9118,0|0.8691,3.107,3.0853|0.9725,0.9725,0.9725|256|0|1|1|1|1|0.1|1",
"P|Part|456.5893,157.7388,97.0733,0,0,-1,-0.3367,0.9416,0,0.9416,0.3367,0|0.8691,3.107,3.0853|0.9725,0.9725,0.9725|256|0|1|1|1|1|0.1|1",
"P|Part|456.5897,87.4567,113.4188,0,0,-1,0.8271,0.5621,0,0.5621,-0.8271,0|1.2578,0.6176,7.1059|0.9725,0.9725,0.9725|256|0|1|1|1|1|0|1",
"P|Part|456.5892,108.9018,132.1477,0,0,-1,0.0219,-0.9998,0,-0.9998,-0.0219,0|0.5199,0.8181,4.424|0.9373,0.7216,0.2196|256|0|1|1|1|1|0.1|1",
"P|Part|456.5892,93.1532,129.3432,0,0,-1,-0.3244,0.9459,0,0.9459,0.3244,0|0.5199,0.8181,4.424|0.9373,0.7216,0.2196|256|0|1|1|1|1|0.1|1",
"P|Part|456.5892,94.5689,30.3766,0,0,-1,0.2972,0.9548,0,0.9548,-0.2972,0|0.5199,0.8181,4.424|0.9373,0.7216,0.2196|256|0|1|1|1|1|0.1|1",
"P|Part|394.0819,82.1805,144.7148,0,-1,0,1,0,0,0,0,1|2.0061,3.0129,3.01|0.9373,0.7216,0.2196|256|0|1|1|1|1|0.1|1",
"P|Part|-154.0192,143.402,165.9968,0,0,1,0,1,0,-1,0,0|2.4348,4.8696,1.2174|0.8745,0.8745,0.8706|256|0|1|1|1|1|0|1",
"P|Part|456.5896,108.2076,130.5692,0,0,-1,0.9993,0.0381,0,0.0381,-0.9993,0|0.8691,3.107,3.0853|0.9725,0.9725,0.9725|256|0|1|1|1|1|0.1|1",
"P|Part|456.5892,134.7346,84.9276,0,0,-1,0.1945,-0.9809,0,-0.9809,-0.1945,0|0.8691,4.6011,3.0853|0.9725,0.9725,0.9725|256|0|1|1|1|1|0|1",
"P|Part|456.5894,143.4849,57.3308,0,0,-1,-0.563,-0.8264,0,-0.8265,0.563,0|1.2578,0.6176,7.1059|0.9725,0.9725,0.9725|256|0|1|1|1|1|0|1",
"P|Object.3e92|-193.9073,97.4165,79.9809,0,0,1,0,1,0,-1,0,0|6.2594,3.941,3.0289|0.9373,0.7216,0.2196|256|0|1|1|1|1|0|1",
"P|Part|456.5889,116.2198,28.3914,0,0,-1,-0.1187,0.9929,0,0.9929,0.1187,0|0.5199,0.8181,4.424|0.9373,0.7216,0.2196|256|0|1|1|1|1|0.1|1",
"P|Part|456.5893,158.6304,65.7752,0,0,-1,0.2824,0.9593,0,0.9593,-0.2824,0|0.8691,3.107,3.0853|0.9725,0.9725,0.9725|256|0|1|1|1|1|0.1|1",
"P|Part|456.589,114.8651,131.9356,0,0,-1,-0.0926,-0.9957,0,-0.9957,0.0926,0|0.5199,0.8181,4.424|0.9373,0.7216,0.2196|256|0|1|1|1|1|0.1|1",
"P|Object.bbfe|-194.0414,117.3205,88.1052,0,0,1,-1,0,0,0,-1,0|0.2272,2.8493,3.4154|0.1059,0.1647,0.2078|256|0|1|1|1|1|0|1",
"P|Part|456.5894,101.2973,54.1731,0,0,-1,0.9463,-0.3233,0,-0.3233,-0.9463,0|0.8529,0.453,4.8188|0.9725,0.9725,0.9725|256|0|1|1|1|1|0|1",
"P|Part|456.5892,125.1395,100.1473,0,0,-1,-0.8013,0.5982,0,0.5982,0.8013,0|0.8691,4.6011,3.0853|0.9725,0.9725,0.9725|256|0|1|1|1|1|0|1",
"P|Part|-91.323,143.402,14.4303,-1,0,0,0,1,0,0,0,-1|2.4348,4.8696,1.2174|0.8745,0.8745,0.8706|256|0|1|1|1|1|0|1",
"P|Part|-132.7146,147.1759,-11.9874,-1,0,0,0,1,0,0,0,-1|2.9218,2.6783,1.4609|0.8745,0.8745,0.8706|256|0|1|1|1|1|0|1",
"P|Part|456.5889,120.5123,115.5498,0,0,-1,-0.9598,0.2805,0,0.2805,0.9598,0|1.2816,6.7849,4.5497|0.9725,0.9725,0.9725|256|0|1|1|1|1|0|1",
"P|Part|456.5894,131.3895,114.3519,0,0,-1,0.8501,-0.5267,0,-0.5267,-0.8501,0|1.2578,0.6176,7.1059|0.9725,0.9725,0.9725|256|0|1|1|1|1|0|1",
"P|Part|266.4041,149.4109,144.709,0,0,1,0,1,0,-1,0,0|0.467,5.7054,0.9339|0.9373,0.7216,0.2196|256|0|1|1|1|1|0.1|1",
"P|Part|456.5892,100.3109,105.5855,0,0,-1,0.9333,0.3591,0,0.3591,-0.9333,0|0.8529,0.4188,4.8188|0.9725,0.9725,0.9725|256|0|1|1|1|1|0|1",
"P|Part|456.5893,137.1177,110.0546,0,0,-1,0.7436,-0.6687,0,-0.6687,-0.7436,0|1.2578,0.6176,7.1059|0.9725,0.9725,0.9725|256|0|1|1|1|1|0|1",
"P|Part|456.5892,154.3547,52.7382,0,0,-1,0.8509,-0.5252,0,-0.5252,-0.8509,0|0.5199,0.8181,4.424|0.9373,0.7216,0.2196|256|0|1|1|1|1|0.1|1",
"P|Part|456.5894,110.5741,105.1231,0,0,-1,-0.9998,0.0175,0,0.0175,0.9999,0|0.8691,4.6011,3.0853|0.9725,0.9725,0.9725|256|0|1|1|1|1|0|1",
"P|Part|452.4376,146.2647,81.4712,-1,0,0,0,0,1,0,1,0|0.2283,2.9223,7.6709|0.9373,0.7216,0.2196|256|0|1|1|1|1|0.1|1",
"P|Part|-157.0627,86.7928,164.1707,-1,0,0,0,1,0,0,0,-1|2.4348,6.087,1.2174|0.8745,0.8745,0.8706|256|0|1|1|1|1|0|1",
"P|Part|352.1438,107.9531,18.0511,0,-1,0,1,0,0,0,0,1|83.7597,1.5065,1.5065|0.9373,0.7216,0.2196|256|0|1|1|1|1|0.1|1",
"P|Part|456.589,88.6373,49.9573,0,0,-1,-0.8138,0.5812,0,0.5812,0.8138,0|1.2816,6.7849,4.5497|0.9725,0.9725,0.9725|256|0|1|1|1|1|0|1",
"P|Part|248.6157,153.3564,143.9217,1,0,0,0,1,0,0,0,1|0.0481,0.6156,1.616|0.9373,0.7216,0.2196|256|0|1|1|1|1|0.1|1",
"P|Part|456.5892,100.2604,30.4747,0,0,-1,0.9807,-0.1953,0,-0.1953,-0.9807,0|0.8691,3.107,3.0853|0.9725,0.9725,0.9725|256|0|1|1|1|1|0.1|1",
"P|Part|456.5894,150.3392,76.596,0,0,-1,-0.0856,-0.9963,0,-0.9963,0.0856,0|1.2578,0.6176,7.1059|0.9725,0.9725,0.9725|256|0|1|1|1|1|0|1",
"P|Part|409.716,153.3564,148.9815,-0.7071,0,-0.7071,0,1,0,0.7071,0,-0.7071|0.0481,0.6156,1.616|0.9373,0.7216,0.2196|256|0|1|1|1|1|0.1|1",
"P|Part|456.5889,155.0899,53.9648,0,0,-1,0.8651,-0.5017,0,-0.5017,-0.8651,0|0.5199,0.8181,4.424|0.9373,0.7216,0.2196|256|0|1|1|1|1|0.1|1",
"P|Part|-214.8893,143.402,168.4316,0,0,-1,0,1,0,1,0,0|2.4348,4.8696,1.2174|0.8745,0.8745,0.8706|256|0|1|1|1|1|0|1",
"P|Part|-160.1062,86.7928,170.8664,0,0,-1,0,1,0,1,0,0|2.4348,6.087,1.2174|0.8745,0.8745,0.8706|256|0|1|1|1|1|0|1",
"P|Part|-105.6883,115.6452,-4.7316,0,0,1,0,1,0,-1,0,0|2.1426,51.6178,1.0713|0.8745,0.8745,0.8706|256|0|1|1|1|1|0|1",
"P|Part|456.5894,87.5018,109.3004,0,0,-1,-0.7908,-0.612,0,-0.612,0.7908,0|1.2816,6.7849,4.5497|0.9725,0.9725,0.9725|256|0|1|1|1|1|0|1",
"P|Part|456.5897,120.1223,40.9788,0,0,-1,0.9689,0.2476,0,0.2476,-0.9689,0|1.2578,0.668,7.1059|0.9725,0.9725,0.9725|256|0|1|1|1|1|0|1",
"P|Part|456.5892,105.8992,120.1751,0,0,-1,0.9945,0.105,0,0.105,-0.9945,0|1.2578,0.6176,7.1059|0.9725,0.9725,0.9725|256|0|1|1|1|1|0|1",
"P|Part|456.5894,116.7191,28.4522,0,0,-1,0.1282,-0.9917,0,-0.9917,-0.1282,0|0.5199,0.8181,4.424|0.9373,0.7216,0.2196|256|0|1|1|1|1|0.1|1",
"P|Part|456.5889,156.9186,60.8955,0,0,-1,0.3789,0.9254,0,0.9254,-0.3789,0|0.8691,3.107,3.0853|0.9725,0.9725,0.9725|256|0|1|1|1|1|0.1|1",
"P|Part|335.9651,153.3564,149.0093,-0.7071,0,0.7071,0,1,0,-0.7071,0,-0.7071|0.0481,0.6156,1.616|0.9373,0.7216,0.2196|256|0|1|1|1|1|0.1|1",
"P|Part|416.9515,66.4674,14.6652,-0.7071,0,-0.7071,0,1,0,0.7071,0,-0.7071|0.0302,0.3862,1.0138|0.4196,0.1961,0.4863|256|0|1|1|1|1|0.1|1",
"P|Part|456.5892,121.8949,55.3595,0,0,-1,0.9028,0.43,0,0.43,-0.9028,0|0.8529,0.453,4.8188|0.9725,0.9725,0.9725|256|0|1|1|1|1|0|1",
"P|Part|175.6602,153.3564,12.7651,0,0,-1,0,1,0,1,0,0|0.0481,0.6156,1.616|0.9373,0.7216,0.2196|256|0|1|1|1|1|0.1|1",
"P|Part|456.589,97.8083,31.0277,0,0,-1,0.9698,-0.2438,0,-0.2438,-0.9698,0|0.8691,3.107,3.0853|0.9725,0.9725,0.9725|256|0|1|1|1|1|0.1|1",
"P|Part|-85.1386,115.6452,17.4738,0,0,1,0,1,0,-1,0,0|2.1426,51.6178,1.0713|0.8745,0.8745,0.8706|256|0|1|1|1|1|0|1",
"P|Part|412.0445,153.3564,12.765,0,0,1,0,1,0,-1,0,0|0.0481,0.6156,1.616|0.9373,0.7216,0.2196|256|0|1|1|1|1|0.1|1",
"P|Part|456.5892,157.6167,101.2807,0,0,-1,0.9135,0.4069,0,0.4069,-0.9135,0|0.5199,0.8181,4.424|0.9373,0.7216,0.2196|256|0|1|1|1|1|0.1|1",
"P|Part|336.9347,66.0812,21.4627,-0.7071,0,-0.7071,0,-1,0,-0.7071,0,0.7071|0.0302,0.3862,1.0138|0.4196,0.1961,0.4863|256|0|1|1|1|1|0.1|1",
"P|Part|456.5893,88.3632,46.103,0,0,-1,0.8417,-0.5399,0,-0.5399,-0.8417,0|1.2578,0.668,7.1059|0.9725,0.9725,0.9725|256|0|1|1|1|1|0|1",
"P|Part|456.589,149.3206,48.1047,0,0,-1,0.6319,0.7751,0,0.7751,-0.6319,0|0.8691,3.107,3.0853|0.9725,0.9725,0.9725|256|0|1|1|1|1|0.1|1",
"P|Part|456.5893,147.5428,116.2298,0,0,-1,0.7201,0.6939,0,0.6939,-0.7201,0|0.5199,0.8181,4.424|0.9373,0.7216,0.2196|256|0|1|1|1|1|0.1|1",
"P|Part|456.5893,115.6166,106.8543,0,0,-1,0.9797,-0.2003,0,-0.2003,-0.9797,0|0.8529,0.4188,4.8188|0.9725,0.9725,0.9725|256|0|1|1|1|1|0|1",
"P|Part|456.5892,71.5508,68.3202,0,0,-1,0.2908,-0.9568,0,-0.9568,-0.2908,0|1.2578,0.668,7.1059|0.9725,0.9725,0.9725|256|0|1|1|1|1|0|1",
"P|Part|-105.3231,86.7928,-4.4395,0,0,1,0,1,0,-1,0,0|2.4348,6.087,1.2174|0.8745,0.8745,0.8706|256|0|1|1|1|1|0|1",
"P|Part|456.5893,127.9771,62.426,0,0,-1,-0.7027,-0.7114,0,-0.7114,0.7027,0|0.8691,4.6011,3.0853|0.9725,0.9725,0.9725|256|0|1|1|1|1|0|1",
"P|Part|456.589,156.2296,56.039,0,0,-1,0.887,-0.4619,0,-0.4619,-0.887,0|0.5199,0.8181,4.424|0.9373,0.7216,0.2196|256|0|1|1|1|1|0.1|1",
"P|Part|170.5556,153.3564,141.6,-0.7071,0,0.7071,0,1,0,-0.7071,0,-0.7071|0.0481,0.6156,1.616|0.9373,0.7216,0.2196|256|0|1|1|1|1|0.1|1",
"P|Part|456.5892,132.073,34.5006,0,0,-1,0.9009,0.4339,0,0.4339,-0.9009,0|0.8691,3.107,3.0853|0.9725,0.9725,0.9725|256|0|1|1|1|1|0.1|1",
"P|Part|456.5894,136.1701,71.6201,0,0,-1,-0.308,-0.9514,0,-0.9514,0.308,0|0.8529,0.4188,4.8188|0.9725,0.9725,0.9725|256|0|1|1|1|1|0|1",
"P|Part|456.5893,110.9901,105.116,0,0,-1,-0.9994,0.034,0,0.034,0.9994,0|0.8691,4.6011,3.0853|0.9725,0.9725,0.9725|256|0|1|1|1|1|0|1",
"P|Part|139.7972,163.1198,18.0568,0,0,1,0,1,0,-1,0,0|0.467,5.7054,0.9339|0.9373,0.7216,0.2196|256|0|1|1|1|1|0.1|1",
"P|Part|456.5892,138.4438,36.4475,0,0,-1,0.5454,-0.8381,0,-0.8381,-0.5454,0|0.5199,0.8181,4.424|0.9373,0.7216,0.2196|256|0|1|1|1|1|0.1|1",
"P|Part|308.8093,82.1805,144.7148,0,-1,0,1,0,0,0,0,1|2.0061,3.0129,3.01|0.9373,0.7216,0.2196|256|0|1|1|1|1|0.1|1",
"P|Part|108.404,149.4109,144.709,0,0,1,0,1,0,-1,0,0|0.467,5.7054,0.9339|0.9373,0.7216,0.2196|256|0|1|1|1|1|0.1|1",
"P|Part|18.2169,70.931,82.6099,0,-1,0,1,0,0,0,0,1|0.1498,0.3434,2.189|0.9373,0.7216,0.2196|256|0|1|1|1|1|0.1|1",
"P|Part|-157.0627,149.002,-6.8743,-1,0,0,0,-1,0,0,0,1|12.174,2.4348,12.174|0.8745,0.8745,0.8706|256|0|1|1|1|1|0|1",
"P|Part|456.5893,90.0831,48.9755,0,0,-1,-0.8403,0.5421,0,0.5421,0.8403,0|1.2816,6.7849,4.5497|0.9725,0.9725,0.9725|256|0|1|1|1|1|0|1",
"P|Part|456.5892,140.9146,100.5458,0,0,-1,-0.5542,0.8324,0,0.8324,0.5542,0|1.2816,6.7849,4.5497|0.9725,0.9725,0.9725|256|0|1|1|1|1|0|1",
"P|Part|378.7311,163.1198,18.0568,0,0,-1,0,1,0,1,0,0|0.467,5.7054,0.9339|0.9373,0.7216,0.2196|256|0|1|1|1|1|0.1|1",
"P|Part|456.5893,87.1802,94.9079,0,0,-1,-0.5434,-0.8395,0,-0.8395,0.5434,0|0.8529,0.453,4.8188|0.9725,0.9725,0.9725|256|0|1|1|1|1|0|1",
"P|Part|253.8542,154.5785,18.0666,0,0,1,0,1,0,-1,0,0|10.3946,10.3946,10.3946|0.9373,0.7216,0.2196|256|0|1|1|1|1|0.1|1",
"P|Part|456.5893,110.2488,28.0239,0,0,-1,-0.004,1,0,1,0.004,0|0.5199,0.8181,4.424|0.9373,0.7216,0.2196|256|0|1|1|1|1|0.1|1",
"P|Part|-232.5416,143.402,38.7783,-1,0,0,0,1,0,0,0,-1|2.4348,4.8696,1.2174|0.8745,0.8745,0.8706|256|0|1|1|1|1|0|1",
"P|Part|456.5893,122.4421,45.1769,0,0,-1,-0.943,-0.3328,0,-0.3328,0.943,0|1.2816,6.7849,4.5497|0.9725,0.9725,0.9725|256|0|1|1|1|1|0|1",
"P|Part|456.5893,134.1485,51.9266,0,0,-1,-0.7605,-0.6494,0,-0.6494,0.7605,0|1.2816,6.7849,4.5497|0.9725,0.9725,0.9725|256|0|1|1|1|1|0|1",
"P|Part|456.5894,86.8638,89.3961,0,0,-1,-0.3768,-0.9263,0,-0.9263,0.3768,0|1.0922,4.6011,3.0853|0.9725,0.9725,0.9725|256|0|1|1|1|1|0|1",
"P|Part|413.3592,152.8554,23.3463,0,0,-1,0,-1,0,-1,0,0|0.0302,0.3862,1.0138|0.4196,0.1961,0.4863|256|0|1|1|1|1|0.1|1",
"P|Part|-93.1491,143.402,119.7355,0,0,-1,0,1,0,1,0,0|2.4348,4.8696,1.2174|0.8745,0.8745,0.8706|256|0|1|1|1|1|0|1",
"P|Part|456.5889,74.2303,124.7774,0,1,0,1,0,0,0,0,-1|0.8534,17.0929,26.3483|0.9373,0.7216,0.2196|256|0|1|1|1|1|0.1|1",
"P|Part|18.9405,76.1235,84.357,0,-0.7071,-0.7071,-1,0,0,0,0.7071,-0.7071|0.1498,0.3434,2.189|0.9373,0.7216,0.2196|256|0|1|1|1|1|0.1|1",
"P|Part|156.0819,145.4051,144.7148,0,-1,0,1,0,0,0,0,1|2.2924,0.5094,0.467|0.9373,0.7216,0.2196|256|0|1|1|1|1|0.1|1",
"P|Part|456.5892,157.7566,97.0273,0,0,-1,-0.3357,0.942,0,0.942,0.3357,0|0.8691,3.107,3.0853|0.9725,0.9725,0.9725|256|0|1|1|1|1|0.1|1",
"P|Part|-91.323,86.7928,20.5173,1,0,0,0,1,0,0,0,1|2.4348,6.087,1.2174|0.8745,0.8745,0.8706|256|0|1|1|1|1|0|1",
"P|Part|456.5897,91.3773,63.4075,0,0,-1,-0.6637,0.748,0,0.748,0.6637,0|0.8691,4.6011,3.0853|0.9725,0.9725,0.9725|256|0|1|1|1|1|0|1",
"P|Part|257.2346,66.4674,140.6062,0.7071,0,0.7071,0,1,0,-0.7071,0,0.7071|0.0302,0.3862,1.0138|0.4196,0.1961,0.4863|256|0|1|1|1|1|0.1|1",
"P|Part|-159.4646,71.4973,81.3318,0,0,-1,0,1,0,1,0,0|43.7385,4.0374,158.1316|0.8745,0.8745,0.8706|256|0|1|1|1|1|0|1",
"P|Part|456.5892,133.53,33.623,0,0,-1,-0.4511,0.8925,0,0.8925,0.4511,0|0.5199,0.8181,4.424|0.9373,0.7216,0.2196|256|0|1|1|1|1|0.1|1",
"P|Part|248.6153,65.9665,145.5377,1,0,0,0,-1,0,0,0,-1|0.0481,0.6156,1.616|0.9373,0.7216,0.2196|256|0|1|1|1|1|0.1|1",
"P|Part|180.1486,153.2417,144.2242,1,0,0,0,1,0,0,0,1|0.0302,0.3862,1.0138|0.4196,0.1961,0.4863|256|0|1|1|1|1|0.1|1",
"P|Part|229.3425,154.9849,18.0568,0,0,1,0,1,0,-1,0,0|0.467,5.7054,0.9339|0.9373,0.7216,0.2196|256|0|1|1|1|1|0.1|1",
"P|Part|456.589,85.7572,52.2446,0,0,-1,0.752,-0.6592,0,-0.6592,-0.752,0|1.2816,6.7849,4.5497|0.9725,0.9725,0.9725|256|0|1|1|1|1|0|1",
"P|Part|346.8712,82.1805,144.7091,0,1,0,1,0,0,0,0,-1|2.0061,3.0129,3.01|0.9373,0.7216,0.2196|256|0|1|1|1|1|0.1|1",
"P|Part|178.2178,152.8554,148.8375,0.7071,0,0.7071,0,-1,0,0.7071,0,-0.7071|0.0302,0.3862,1.0138|0.4196,0.1961,0.4863|256|0|1|1|1|1|0.1|1",
"P|Part|256.3258,123.5212,144.709,0,-1,0,1,0,0,0,0,1|5.3203,3.0129,3.01|0.9373,0.7216,0.2196|256|0|1|1|1|1|0.1|1",
"P|Part|-213.0632,143.402,-3.8308,1,0,0,0,1,0,0,0,1|2.4348,4.8696,1.2174|0.8745,0.8745,0.8706|256|0|1|1|1|1|0|1",
"P|Part|287.3438,166.1327,18.0511,0,0,1,0,1,0,-1,0,0|0.467,5.7054,0.9339|0.9373,0.7216,0.2196|256|0|1|1|1|1|0.1|1",
"P|Part|456.5892,87.316,125.1644,0,0,-1,0.8923,0.4514,0,0.4514,-0.8923,0|0.8691,3.107,3.0853|0.9725,0.9725,0.9725|256|0|1|1|1|1|0.1|1",
"P|Part|452.197,128.2623,47.385,1,0,0,0,-0.866,0.5,0,-0.5,-0.866|0.1432,1.8333,4.8125|0.4196,0.1961,0.4863|256|0|1|1|1|1|0.1|1",
"P|Part|456.5894,135.6296,36.3996,0,0,-1,0.8635,0.5044,0,0.5044,-0.8635,0|0.8691,3.107,3.0853|0.9725,0.9725,0.9725|256|0|1|1|1|1|0.1|1",
"P|Part|456.5889,124.6559,30.116,0,0,-1,-0.2807,0.9598,0,0.9598,0.2807,0|0.5199,0.8181,4.424|0.9373,0.7216,0.2196|256|0|1|1|1|1|0.1|1",
"P|Part|124.6891,118.1851,144.7091,0,1,0,1,0,0,0,0,-1|2.0061,3.0129,3.01|0.9373,0.7216,0.2196|256|0|1|1|1|1|0.1|1",
"P|Part|456.589,77.7179,97.8518,0,0,-1,-0.4813,-0.8766,0,-0.8766,0.4813,0|1.2816,6.7849,4.5497|0.9725,0.9725,0.9725|256|0|1|1|1|1|0|1",
"P|Part|456.5892,132.9995,33.3598,0,0,-1,-0.4409,0.8975,0,0.8975,0.4409,0|0.5199,0.8181,4.424|0.9373,0.7216,0.2196|256|0|1|1|1|1|0.1|1",
"U|Union|-29.6377,313.0544,-15.0119,0.237,0.186,-0.9536,0.9454,-0.2703,0.1822,-0.2238,-0.9447,-0.2399|0.7571,10.0945,10.0942|0.9725,0.851,0.4275|256|0.4|1|1|1|1|0|1",
"P|Part|456.5893,150.0208,46.7202,0,0,-1,0.7677,-0.6408,0,-0.6408,-0.7677,0|0.5199,0.8181,4.424|0.9373,0.7216,0.2196|256|0|1|1|1|1|0.1|1",
"P|Part|408.5734,66.5821,147.8392,0.7071,0,0.7071,0,1,0,-0.7071,0,0.7071|0.0481,0.6156,1.616|0.9373,0.7216,0.2196|256|0|1|1|1|1|0.1|1",
"P|Part|-91.323,86.7928,165.3881,-1,0,0,0,1,0,0,0,-1|2.4348,6.087,1.2174|0.8745,0.8745,0.8706|256|0|1|1|1|1|0|1",
"P|Part|456.5894,87.9957,91.8257,0,0,-1,-0.4696,-0.8829,0,-0.8829,0.4696,0|0.8691,4.6011,3.0853|0.9725,0.9725,0.9725|256|0|1|1|1|1|0|1",
"P|Object.7030|-186.5856,94.4704,76.891,0,0,1,0,1,0,-1,0,0|0.1967,0.4945,17.2214|0.8353,0.451,0.2392|256|0|1|1|1|1|0|1",
"P|Part|-224.9937,147.1759,17.4738,0,0,1,0,1,0,-1,0,0|2.9218,2.6783,1.4609|0.8745,0.8745,0.8706|256|0|1|1|1|1|0|1",
"P|Part|-84.6273,143.402,41.8218,0,0,1,0,1,0,-1,0,0|2.4348,4.8696,1.2174|0.8745,0.8745,0.8706|256|0|1|1|1|1|0|1",
"P|Part|456.5893,85.1751,125.8355,0,0,-1,-0.4776,0.8786,0,0.8786,0.4776,0|0.5199,0.8181,4.424|0.9373,0.7216,0.2196|256|0|1|1|1|1|0.1|1",
"P|Part|336.3258,98.387,18.0511,0,-1,0,1,0,0,0,0,1|64.6275,1.5065,1.5065|0.9373,0.7216,0.2196|256|0|1|1|1|1|0.1|1",
"P|Part|245.6273,123.5212,144.7148,0,1,0,1,0,0,0,0,-1|5.3203,3.0129,3.01|0.9373,0.7216,0.2196|256|0|1|1|1|1|0.1|1",
"P|Part|456.5894,158.2741,60.4538,0,0,-1,0.9262,-0.3771,0,-0.3771,-0.9262,0|0.5199,0.8181,4.424|0.9373,0.7216,0.2196|256|0|1|1|1|1|0.1|1",
"P|Part|456.5894,140.4023,39.5547,0,0,-1,0.801,0.5987,0,0.5987,-0.801,0|0.8691,3.107,3.0853|0.9725,0.9725,0.9725|256|0|1|1|1|1|0.1|1",
"P|Part|22.598,82.6997,80.6996,0,0.7071,0.7071,-1,0,0,0,-0.7071,0.7071|0.1637,0.3754,2.3934|0.9373,0.7216,0.2196|256|0|1|1|1|1|0.1|1",
"P|Part|456.5892,93.9628,129.6134,0,0,-1,-0.3088,0.9511,0,0.9511,0.3088,0|0.5199,0.8181,4.424|0.9373,0.7216,0.2196|256|0|1|1|1|1|0.1|1",
"P|Part|456.5892,81.7544,56.3442,0,0,-1,0.6411,-0.7674,0,-0.7674,-0.6411,0|1.2816,6.7849,4.5497|0.9725,0.9725,0.9725|256|0|1|1|1|1|0|1",
"P|Part|415.0036,109.5029,23.284,0,0.7071,0.7071,1,0,0,0,0.7071,-0.7071|92.9902,0.6058,0.6058|0.9373,0.7216,0.2196|256|0|1|1|1|1|0.1|1",
"P|Part|456.5894,136.0209,106.4664,0,0,-1,-0.7143,0.6999,0,0.6999,0.7143,0|1.2816,6.7849,4.5497|0.9725,0.9725,0.9725|256|0|1|1|1|1|0|1",
"P|Part|456.5893,86.9753,108.8855,0,0,-1,-0.7796,-0.6263,0,-0.6263,0.7796,0|1.2816,6.7849,4.5497|0.9725,0.9725,0.9725|256|0|1|1|1|1|0|1",
"P|Part|-105.6883,115.6452,166.2889,0,0,1,0,1,0,-1,0,0|2.1426,51.6178,1.0713|0.8745,0.8745,0.8706|256|0|1|1|1|1|0|1",
"P|Part|456.5892,114.4358,104.7607,0,0,-1,-0.9852,0.1714,0,0.1714,0.9852,0|0.8691,4.6011,3.0853|0.9725,0.9725,0.9725|256|0|1|1|1|1|0|1",
"P|Part|171.716,65.9665,148.982,0.7071,0,-0.7071,0,-1,0,-0.7071,0,-0.7071|0.0481,0.6156,1.616|0.9373,0.7216,0.2196|256|0|1|1|1|1|0.1|1",
"P|Part|456.5894,143.4849,57.3308,0,0,-1,-0.563,-0.8264,0,-0.8265,0.563,0|1.2578,0.6176,7.1059|0.9725,0.9725,0.9725|256|0|1|1|1|1|0|1",
"P|Part|456.589,147.7324,113.864,0,0,-1,-0.6686,0.7436,0,0.7436,0.6686,0|0.8691,3.107,3.0853|0.9725,0.9725,0.9725|256|0|1|1|1|1|0.1|1",
"P|Part|456.5892,134.305,73.3623,0,0,-1,-0.2666,-0.9638,0,-0.9638,0.2666,0|0.8691,4.6011,3.0853|0.9725,0.9725,0.9725|256|0|1|1|1|1|0|1",
"P|Part|456.5893,109.1762,52.72,0,0,-1,0.9994,-0.0351,0,-0.0351,-0.9994,0|0.8529,0.453,4.8188|0.9725,0.9725,0.9725|256|0|1|1|1|1|0|1",
"P|Part|259.0926,152.7408,17.264,-1,0,0,0,-1,0,0,0,1|0.0481,0.6156,1.616|0.9373,0.7216,0.2196|256|0|1|1|1|1|0.1|1",
"P|Part|335.9651,152.7408,149.0093,0.7071,0,0.7071,0,-1,0,0.7071,0,-0.7071|0.0481,0.6156,1.616|0.9373,0.7216,0.2196|256|0|1|1|1|1|0.1|1",
"P|Part|456.5894,88.991,97.3883,0,0,-1,-0.6341,-0.7733,0,-0.7733,0.6341,0|0.8529,0.453,4.8188|0.9725,0.9725,0.9725|256|0|1|1|1|1|0|1",
"P|Part|8.7361,73.1111,82.6099,0,-1,0,1,0,0,0,0,1|0.2362,1.661,10.5888|0.9373,0.7216,0.2196|256|0|1|1|1|1|0.1|1",
"P|Part|456.5892,155.9497,58.6727,0,0,-1,0.4229,0.9062,0,0.9062,-0.4229,0|0.8691,3.107,3.0853|0.9725,0.9725,0.9725|256|0|1|1|1|1|0.1|1",
"P|Part|456.589,99.2981,115.4125,0,0,-1,-0.9561,-0.293,0,-0.293,0.9561,0|1.2816,6.7849,4.5497|0.9725,0.9725,0.9725|256|0|1|1|1|1|0|1",
"P|Part|177.3258,118.1851,144.709,0,1,0,1,0,0,0,0,-1|2.0061,3.0129,3.01|0.9373,0.7216,0.2196|256|0|1|1|1|1|0.1|1",
"P|Part|456.5893,129.6676,115.3621,0,0,-1,0.8751,-0.484,0,-0.484,-0.8751,0|1.2578,0.6176,7.1059|0.9725,0.9725,0.9725|256|0|1|1|1|1|0|1",
"P|Part|388.8093,82.1805,144.7148,0,-1,0,1,0,0,0,0,1|2.0061,3.0129,3.01|0.9373,0.7216,0.2196|256|0|1|1|1|1|0.1|1",
"P|Part|456.5894,120.5403,29.0932,0,0,-1,-0.2016,0.9795,0,0.9795,0.2016,0|0.5199,0.8181,4.424|0.9373,0.7216,0.2196|256|0|1|1|1|1|0.1|1",
"P|Part|456.589,139.3637,37.0553,0,0,-1,0.5631,-0.8264,0,-0.8264,-0.5631,0|0.5199,0.8181,4.424|0.9373,0.7216,0.2196|256|0|1|1|1|1|0.1|1",
"P|Part|456.5894,92.2686,59.3438,0,0,-1,0.757,-0.6534,0,-0.6534,-0.757,0|0.8529,0.453,4.8188|0.9725,0.9725,0.9725|256|0|1|1|1|1|0|1",
"P|Part|456.5893,123.1799,118.2283,0,0,-1,0.9463,-0.3233,0,-0.3233,-0.9463,0|1.2578,0.6176,7.1059|0.9725,0.9725,0.9725|256|0|1|1|1|1|0|1",
"P|Part|408.5552,65.9665,14.9421,0.7071,0,0.7071,0,-1,0,0.7071,0,-0.7071|0.0481,0.6156,1.616|0.9373,0.7216,0.2196|256|0|1|1|1|1|0.1|1",
"P|Part|456.5894,111.5736,29.522,0,0,-1,0.9996,0.0285,0,0.0285,-0.9996,0|0.8691,3.107,3.0853|0.9725,0.9725,0.9725|256|0|1|1|1|1|0.1|1",
"P|Part|456.5893,116.3368,119.918,0,0,-1,0.9881,-0.1537,0,-0.1537,-0.9881,0|1.2578,0.6176,7.1059|0.9725,0.9725,0.9725|256|0|1|1|1|1|0|1",
"P|Part|-227.0633,143.402,19.9086,0,0,1,0,1,0,-1,0,0|2.4348,4.8696,1.2174|0.8745,0.8745,0.8706|256|0|1|1|1|1|0|1",
"P|Part|456.5894,140.1421,122.5745,0,0,-1,-0.5781,-0.816,0,-0.816,0.5781,0|0.5199,0.8181,4.424|0.9373,0.7216,0.2196|256|0|1|1|1|1|0.1|1",
"P|Part|456.5892,94.9077,99.978,0,0,-1,-0.7945,-0.6072,0,-0.6072,0.7945,0|0.8691,4.6011,3.0853|0.9725,0.9725,0.9725|256|0|1|1|1|1|0|1",
"P|Part|456.5897,104.9236,120.0577,0,0,-1,0.9916,0.1292,0,0.1292,-0.9916,0|1.2578,0.6176,7.1059|0.9725,0.9725,0.9725|256|0|1|1|1|1|0|1",
"P|Part|456.589,150.2877,76.0402,0,0,-1,-0.0993,-0.9951,0,-0.9951,0.0993,0|1.2578,0.6176,7.1059|0.9725,0.9725,0.9725|256|0|1|1|1|1|0|1",
"P|Part|256.3258,82.1805,144.709,0,1,0,1,0,0,0,0,-1|2.0061,3.0129,3.01|0.9373,0.7216,0.2196|256|0|1|1|1|1|0.1|1",
"P|Part|456.5893,101.2201,40.7252,0,0,-1,0.9752,-0.2211,0,-0.2211,-0.9752,0|1.2578,0.668,7.1059|0.9725,0.9725,0.9725|256|0|1|1|1|1|0|1",
"P|Part|456.5894,157.6991,97.1871,0,0,-1,-0.3389,0.9408,0,0.9408,0.3389,0|0.8691,3.107,3.0853|0.9725,0.9725,0.9725|256|0|1|1|1|1|0.1|1",
"P|Part|254.6602,152.7408,139.423,0,0,-1,0,-1,0,-1,0,0|0.0481,0.6156,1.616|0.9373,0.7216,0.2196|256|0|1|1|1|1|0.1|1",
"P|Part|456.5894,108.0842,52.7829,0,0,-1,0.9972,-0.0751,0,-0.0751,-0.9972,0|0.8529,0.453,4.8188|0.9725,0.9725,0.9725|256|0|1|1|1|1|0|1",
"P|Part|456.5892,96.1913,128.6545,0,0,-1,0.9612,0.2758,0,0.2758,-0.9612,0|0.8691,3.107,3.0853|0.9725,0.9725,0.9725|256|0|1|1|1|1|0.1|1",
"P|Part|-190.5413,143.402,168.4316,0,0,-1,0,1,0,1,0,0|2.4348,4.8696,1.2174|0.8745,0.8745,0.8706|256|0|1|1|1|1|0|1",
"P|Part|-130.2799,143.402,-3.8308,1,0,0,0,1,0,0,0,1|2.4348,4.8696,1.2174|0.8745,0.8745,0.8706|256|0|1|1|1|1|0|1",
"P|Part|-91.81,147.1759,116.0833,-1,0,0,0,1,0,0,0,-1|2.9218,2.6783,1.4609|0.8745,0.8745,0.8706|256|0|1|1|1|1|0|1",
"P|Part|399.3546,102.0025,144.7148,0,1,0,1,0,0,0,0,-1|71.8586,1.5065,1.5065|0.9373,0.7216,0.2196|256|0|1|1|1|1|0.1|1",
"P|Part|-91.323,143.402,38.7783,-1,0,0,0,1,0,0,0,-1|2.4348,4.8696,1.2174|0.8745,0.8745,0.8706|256|0|1|1|1|1|0|1",
"P|Part|456.5894,132.6548,95.5976,0,0,-1,0.5682,-0.8229,0,-0.8229,-0.5682,0|0.8529,0.4188,4.8188|0.9725,0.9725,0.9725|256|0|1|1|1|1|0|1",
"P|Part|-233.0286,147.1759,116.0833,-1,0,0,0,1,0,0,0,-1|2.9218,2.6783,1.4609|0.8745,0.8745,0.8706|256|0|1|1|1|1|0|1",
"U|CorinthianCapital|83.604,156.0227,138.7665,0.5,0,-0.866,0,1,0,0.866,0,0.5|5.8439,10.4786,7.4869|0.9725,0.9725,0.9725|256|0|1|1|1|1|0|1",
"P|Part|456.5893,89.1568,34.046,0,0,-1,-0.9099,0.4149,0,0.4149,0.9099,0|0.8691,3.107,3.0853|0.9725,0.9725,0.9725|256|0|1|1|1|1|0.1|1",
"P|Part|456.589,157.6563,59.0015,0,0,-1,0.9143,-0.405,0,-0.405,-0.9143,0|0.5199,0.8181,4.424|0.9373,0.7216,0.2196|256|0|1|1|1|1|0.1|1",
"P|Part|456.5892,143.4838,96.0251,0,0,-1,0.432,-0.9019,0,-0.9019,-0.432,0|1.2816,6.7849,4.5497|0.9725,0.9725,0.9725|256|0|1|1|1|1|0|1",
"P|Part|456.589,161.8835,75.2814,0,0,-1,-0.9957,0.0924,0,0.0924,0.9957,0|0.5199,0.8181,4.424|0.9373,0.7216,0.2196|256|0|1|1|1|1|0.1|1",
"P|Part|250.4465,153.2417,140.6321,0.7071,0,-0.7071,0,1,0,0.7071,0,0.7071|0.0302,0.3862,1.0138|0.4196,0.1961,0.4863|256|0|1|1|1|1|0.1|1",
"P|Part|-88.8882,143.402,164.1707,-1,0,0,0,1,0,0,0,-1|2.4348,4.8696,1.2174|0.8745,0.8745,0.8706|256|0|1|1|1|1|0|1",
"P|Part|198.8832,156.5242,18.0511,0,0,-1,0,-1,0,-1,0,0|0.467,0.2547,0.9339|0.9373,0.7216,0.2196|256|0|1|1|1|1|0.1|1",
"P|Part|456.5894,123.477,103.942,0,0,-1,0.8731,-0.4875,0,-0.4875,-0.8731,0|0.8529,0.4188,4.8188|0.9725,0.9725,0.9725|256|0|1|1|1|1|0|1",
"P|Part|456.5892,134.0967,72.651,0,0,-1,-0.295,-0.9555,0,-0.9555,0.295,0|0.8691,4.6011,3.0853|0.9725,0.9725,0.9725|256|0|1|1|1|1|0|1",
"P|Part|-88.8882,84.9667,41.8218,1,0,0,0,1,0,0,0,1|12.174,2.4348,12.174|0.8745,0.8745,0.8706|256|0|1|1|1|1|0|1",
"P|Part|456.5893,136.1005,35.0093,0,0,-1,0.5004,-0.8658,0,-0.8658,-0.5004,0|0.5199,0.8181,4.424|0.9373,0.7216,0.2196|256|0|1|1|1|1|0.1|1",
"P|Part|456.5896,122.1762,55.4966,0,0,-1,0.8979,0.4403,0,0.4403,-0.8979,0|0.8529,0.453,4.8188|0.9725,0.9725,0.9725|256|0|1|1|1|1|0|1",
"P|Part|456.5894,101.9365,116.1156,0,0,-1,-0.9751,-0.2217,0,-0.2217,0.9751,0|1.2816,6.7849,4.5497|0.9725,0.9725,0.9725|256|0|1|1|1|1|0|1",
"P|Part|456.5893,95.1176,31.7829,0,0,-1,0.9549,-0.297,0,-0.297,-0.9549,0|0.8691,3.107,3.0853|0.9725,0.9725,0.9725|256|0|1|1|1|1|0.1|1",
"P|Part|456.5889,75.8172,58.8711,0,0,-1,0.5251,-0.851,0,-0.851,-0.5251,0|1.2578,0.668,7.1059|0.9725,0.9725,0.9725|256|0|1|1|1|1|0|1",
"P|Part|456.5892,108.6938,130.5838,0,0,-1,0.9996,0.0285,0,0.0285,-0.9996,0|0.8691,3.107,3.0853|0.9725,0.9725,0.9725|256|0|1|1|1|1|0.1|1",
"P|Part|-154.6279,86.7928,165.3881,-1,0,0,0,1,0,0,0,-1|2.4348,6.087,1.2174|0.8745,0.8745,0.8706|256|0|1|1|1|1|0|1",
"P|Part|456.5894,89.6157,65.6296,0,0,-1,-0.5751,0.8181,0,0.8181,0.5751,0|0.8691,4.6011,3.0853|0.9725,0.9725,0.9725|256|0|1|1|1|1|0|1",
"P|Part|253.0438,153.3564,149.9476,0,0,1,0,1,0,-1,0,0|0.0481,0.6156,1.616|0.9373,0.7216,0.2196|256|0|1|1|1|1|0.1|1",
"P|Part|456.5892,99.3989,129.4521,0,0,-1,0.9772,0.2124,0,0.2124,-0.9772,0|0.8691,3.107,3.0853|0.9725,0.9725,0.9725|256|0|1|1|1|1|0.1|1",
"P|Part|456.5894,111.0984,107.3939,0,0,-1,0.9994,-0.0351,0,-0.0351,-0.9994,0|0.8529,0.4188,4.8188|0.9725,0.9725,0.9725|256|0|1|1|1|1|0|1",
"P|Part|456.5894,148.731,91.8289,0,0,-1,0.2919,-0.9564,0,-0.9564,-0.2919,0|1.2578,0.6176,7.1059|0.9725,0.9725,0.9725|256|0|1|1|1|1|0|1",
"P|Part|-227.0633,86.7928,122.1703,0,0,1,0,1,0,-1,0,0|2.4348,6.087,1.2174|0.8745,0.8745,0.8706|256|0|1|1|1|1|0|1",
"P|Part|308.8093,82.1805,144.7148,0,0,-1,0,1,0,1,0,0|3.0129,1.4035,31.6359|0.9373,0.7216,0.2196|256|0|1|1|1|1|0.1|1",
"P|Part|456.5892,119.5508,131.2857,0,0,-1,-0.1826,-0.9832,0,-0.9832,0.1826,0|0.5199,0.8181,4.424|0.9373,0.7216,0.2196|256|0|1|1|1|1|0.1|1",
"P|Part|456.5893,143.5741,102.6374,0,0,-1,0.5598,-0.8287,0,-0.8287,-0.5598,0|1.2578,0.6176,7.1059|0.9725,0.9725,0.9725|256|0|1|1|1|1|0|1",
"P|Part|456.5893,108.9155,29.5164,0,0,-1,0.9997,-0.0241,0,-0.0241,-0.9997,0|0.8691,3.107,3.0853|0.9725,0.9725,0.9725|256|0|1|1|1|1|0.1|1",
"P|Part|338.0926,153.3564,18.8799,-1,0,0,0,1,0,0,0,-1|0.0481,0.6156,1.616|0.9373,0.7216,0.2196|256|0|1|1|1|1|0.1|1",
"P|Part|456.5892,129.2593,96.2699,0,0,-1,0.6468,-0.7626,0,-0.7626,-0.6468,0|0.8691,4.6011,3.0853|0.9725,0.9725,0.9725|256|0|1|1|1|1|0|1",
"P|Part|329.4643,153.2417,148.8095,-0.7071,0,-0.7071,0,1,0,0.7071,0,-0.7071|0.0302,0.3862,1.0138|0.4196,0.1961,0.4863|256|0|1|1|1|1|0.1|1",
"P|Part|174.8546,149.61,144.7133,0,1,0,1,0,0,0,0,-1|0.4577,12.0518,12.0518|0.9373,0.7216,0.2196|256|0|1|1|1|1|0.1|1",
"P|Part.ffcb|-194.0414,131.4185,88.1052,0,0,1,-1,0,0,0,-1,0|0.3615,1.8405,3.4154|0.8353,0.451,0.2392|256|0|1|1|1|1|0|1",
"P|Part|456.5892,128.8487,60.1057,0,0,-1,0.7293,0.6842,0,0.6842,-0.7293,0|0.8529,0.453,4.8188|0.9725,0.9725,0.9725|256|0|1|1|1|1|0|1",
"P|Part|456.5893,118.4195,106.1263,0,0,-1,0.9531,-0.3027,0,-0.3027,-0.9531,0|0.8529,0.4188,4.8188|0.9725,0.9725,0.9725|256|0|1|1|1|1|0|1",
"P|Part|456.5894,130.3741,33.728,0,0,-1,0.9163,0.4004,0,0.4004,-0.9163,0|0.8691,3.107,3.0853|0.9725,0.9725,0.9725|256|0|1|1|1|1|0.1|1",
"P|Part|456.5892,124.3338,56.6774,0,0,-1,0.8547,0.5192,0,0.5192,-0.8547,0|0.8529,0.453,4.8188|0.9725,0.9725,0.9725|256|0|1|1|1|1|0|1",
"P|Part|456.5894,112.7819,132.0852,0,0,-1,0.0526,0.9986,0,0.9986,-0.0526,0|0.5199,0.8181,4.424|0.9373,0.7216,0.2196|256|0|1|1|1|1|0.1|1",
"P|Part|406.1332,123.5212,144.7136,0,0,1,0,1,0,-1,0,0|3.0129,4.7177,3.0129|0.9373,0.7216,0.2196|256|0|1|1|1|1|0.1|1",
"P|Part|180.0926,65.9665,17.264,-1,0,0,0,-1,0,0,0,1|0.0481,0.6156,1.616|0.9373,0.7216,0.2196|256|0|1|1|1|1|0.1|1",
"P|Part|-208.1936,143.402,-9.9178,-1,0,0,0,1,0,0,0,-1|2.4348,4.8696,1.2174|0.8745,0.8745,0.8706|256|0|1|1|1|1|0|1",
"P|Part|456.5889,98.8967,115.2873,0,0,-1,-0.9527,-0.3039,0,-0.3039,0.9527,0|1.2816,6.7849,4.5497|0.9725,0.9725,0.9725|256|0|1|1|1|1|0|1",
"P|Part|456.5893,119.9761,28.978,0,0,-1,0.1908,-0.9816,0,-0.9816,-0.1908,0|0.5199,0.8181,4.424|0.9373,0.7216,0.2196|256|0|1|1|1|1|0.1|1",
"P|Part|373.6089,166.1327,18.0569,0,0,-1,0,1,0,1,0,0|0.467,5.7054,0.9339|0.9373,0.7216,0.2196|256|0|1|1|1|1|0.1|1",
"P|Part|456.589,128.3825,44.0876,0,0,-1,0.8918,0.4525,0,0.4525,-0.8918,0|1.2578,0.668,7.1059|0.9725,0.9725,0.9725|256|0|1|1|1|1|0|1",
"P|Part|-93.1491,143.402,17.4738,0,0,-1,0,1,0,1,0,0|2.4348,4.8696,1.2174|0.8745,0.8745,0.8706|256|0|1|1|1|1|0|1",
"P|Part|456.5893,134.1967,72.9831,0,0,-1,-0.2818,-0.9595,0,-0.9595,0.2818,0|0.8691,4.6011,3.0853|0.9725,0.9725,0.9725|256|0|1|1|1|1|0|1",
"P|Part|20.6877,70.931,80.1391,0,0,-1,1,0,0,0,-1,0|0.1498,0.3434,2.189|0.9373,0.7216,0.2196|256|0|1|1|1|1|0.1|1",
"P|Part|259.1486,152.8554,17.5663,-1,0,0,0,-1,0,0,0,1|0.0302,0.3862,1.0138|0.4196,0.1961,0.4863|256|0|1|1|1|1|0.1|1",
"P|Part|456.5893,128.6461,31.4562,0,0,-1,0.3573,-0.934,0,-0.934,-0.3573,0|0.5199,0.8181,4.424|0.9373,0.7216,0.2196|256|0|1|1|1|1|0.1|1",
"P|Part|456.5894,95.8232,59.459,0,0,-1,0.8212,-0.5707,0,-0.5707,-0.8212,0|0.8691,4.6011,3.0853|0.9725,0.9725,0.9725|256|0|1|1|1|1|0|1",
"P|Part|327.5606,66.0812,145.2378,1,0,0,0,-1,0,0,0,-1|0.0302,0.3862,1.0138|0.4196,0.1961,0.4863|256|0|1|1|1|1|0.1|1",
"P|Part|-226.4546,147.1759,116.8137,0,0,1,0,1,0,-1,0,0|2.9218,2.6783,1.4609|0.8745,0.8745,0.8706|256|0|1|1|1|1|0|1",
"P|Part|-184.1378,115.6452,-4.196,1,0,0,0,1,0,0,0,1|2.1426,51.6178,1.0713|0.8745,0.8745,0.8706|256|0|1|1|1|1|0|1",
"P|Part|456.5893,88.8971,45.7662,0,0,-1,0.8501,-0.5267,0,-0.5267,-0.8501,0|1.2578,0.668,7.1059|0.9725,0.9725,0.9725|256|0|1|1|1|1|0|1",
"M|Left Arm|88.9395,181.2917,19.8796,-0.9254,0.3085,0.2201,-0.1736,0.171,-0.9698,-0.3369,-0.9357,-0.1047|6.6446,13.2891,6.6446|0.6392,0.6353,0.6471|256|0|0|1|1|1|0|1|rbxassetid://4906912683|",
"P|Part|198.4164,82.1805,144.7091,0,1,0,1,0,0,0,0,-1|2.0061,3.0129,3.01|0.9373,0.7216,0.2196|256|0|1|1|1|1|0.1|1",
"P|Part|22.4348,81.3159,84.3572,0,0.7071,0.7071,1,0,0,0,0.7071,-0.7071|0.1498,0.3434,2.189|0.9373,0.7216,0.2196|256|0|1|1|1|1|0.1|1",
"P|Part|456.5893,133.4721,65.7581,0,0,-1,-0.5223,-0.8528,0,-0.8528,0.5223,0|0.8529,0.4188,4.8188|0.9725,0.9725,0.9725|256|0|1|1|1|1|0|1",
"P|Part|327.5603,152.8554,18.5797,1,0,0,0,-1,0,0,0,-1|0.0302,0.3862,1.0138|0.4196,0.1961,0.4863|256|0|1|1|1|1|0.1|1",
"P|Part|-154.0192,143.402,170.8664,0,0,1,0,1,0,-1,0,0|2.4348,4.8696,1.2174|0.8745,0.8745,0.8706|256|0|1|1|1|1|0|1",
"P|Part|456.5892,158.7082,61.5871,0,0,-1,-0.9347,0.3554,0,0.3554,0.9347,0|0.5199,0.8181,4.424|0.9373,0.7216,0.2196|256|0|1|1|1|1|0.1|1",
"P|Part|272.1438,118.1851,18.0511,0,1,0,1,0,0,0,0,-1|2.0061,3.0129,3.01|0.9373,0.7216,0.2196|256|0|1|1|1|1|0.1|1",
"P|Part|456.5893,160.4808,84.6537,0,0,-1,-0.091,0.9959,0,0.9959,0.091,0|0.8691,3.107,3.0853|0.9725,0.9725,0.9725|256|0|1|1|1|1|0.1|1",
"P|Part|456.5892,141.9305,61.1673,0,0,-1,-0.5106,-0.8598,0,-0.8598,0.5106,0|1.2816,6.7849,4.5497|0.9725,0.9725,0.9725|256|0|1|1|1|1|0|1",
"P|Part|413.3592,66.4674,150.0043,0,0,-1,0,1,0,1,0,0|0.0302,0.3862,1.0138|0.4196,0.1961,0.4863|256|0|1|1|1|1|0.1|1",
"M|Cloud|151.9996,276.1442,-148.8045,1,0,0,0,-1,0,0,0,-1|51.8872,26.887,72.9216|1,1,1|256|0|1|1|1|1|0|1|rbxassetid://4862430258|",
"P|Part|456.5892,162.0761,82.22,0,0,-1,0.9992,0.0409,0,0.0409,-0.9992,0|0.5199,0.8181,4.424|0.9373,0.7216,0.2196|256|0|1|1|1|1|0.1|1",
"P|Part|456.5893,132.5177,34.7172,0,0,-1,0.8967,0.4427,0,0.4427,-0.8967,0|0.8691,3.107,3.0853|0.9725,0.9725,0.9725|256|0|1|1|1|1|0.1|1",
"P|Part|140.264,112.0205,18.0568,0,1,0,1,0,0,0,0,-1|91.8946,1.5065,1.5065|0.9373,0.7216,0.2196|256|0|1|1|1|1|0.1|1",
"P|Part|456.5896,132.9288,64.9064,0,0,-1,-0.5534,-0.8329,0,-0.8329,0.5534,0|0.8529,0.4188,4.8188|0.9725,0.9725,0.9725|256|0|1|1|1|1|0|1",
"P|Part|456.5899,148.2903,93.1862,0,0,-1,0.3255,-0.9455,0,-0.9455,-0.3255,0|1.2578,0.6176,7.1059|0.9725,0.9725,0.9725|256|0|1|1|1|1|0|1",
"P|Part|456.5892,128.0665,97.5809,0,0,-1,0.6991,-0.715,0,-0.715,-0.6991,0|0.8691,4.6011,3.0853|0.9725,0.9725,0.9725|256|0|1|1|1|1|0|1",
"P|Part|271.6767,154.9849,144.7091,0,0,1,0,1,0,-1,0,0|0.467,5.7054,0.9339|0.9373,0.7216,0.2196|256|0|1|1|1|1|0.1|1",
"P|Part|456.5887,147.2084,43.6169,0,0,-1,0.7137,-0.7004,0,-0.7004,-0.7137,0|0.5199,0.8181,4.424|0.9373,0.7216,0.2196|256|0|1|1|1|1|0.1|1",
"P|Part|256.9817,66.5821,13.7735,0.7071,0,0.7071,0,1,0,-0.7071,0,0.7071|0.0481,0.6156,1.616|0.9373,0.7216,0.2196|256|0|1|1|1|1|0.1|1",
"P|Part|-85.8447,86.7928,15.039,0,0,1,0,1,0,-1,0,0|2.4348,6.087,1.2174|0.8745,0.8745,0.8706|256|0|1|1|1|1|0|1",
"P|Part|456.5892,114.0643,130.4526,0,0,-1,0.997,-0.0778,0,-0.0778,-0.997,0|0.8691,3.107,3.0853|0.9725,0.9725,0.9725|256|0|1|1|1|1|0.1|1",
"P|Part|456.589,146.8917,75.9988,0,0,-1,-0.1096,-0.994,0,-0.994,0.1096,0|1.2816,6.7849,4.5497|0.9725,0.9725,0.9725|256|0|1|1|1|1|0|1",
"P|Part|456.5896,136.0565,36.6431,0,0,-1,0.8586,0.5127,0,0.5127,-0.8586,0|0.8691,3.107,3.0853|0.9725,0.9725,0.9725|256|0|1|1|1|1|0.1|1",
"P|Part|456.5893,77.1552,103.2916,0,0,-1,0.5761,0.8174,0,0.8174,-0.5761,0|1.2578,0.6176,7.1059|0.9725,0.9725,0.9725|256|0|1|1|1|1|0|1",
"P|Part|338.0926,153.3564,17.264,1,0,0,0,1,0,0,0,1|0.0481,0.6156,1.616|0.9373,0.7216,0.2196|256|0|1|1|1|1|0.1|1",
"P|Part|456.5893,72.4885,65.5949,0,0,-1,0.3584,-0.9336,0,-0.9336,-0.3584,0|1.2578,0.668,7.1059|0.9725,0.9725,0.9725|256|0|1|1|1|1|0|1",
"P|Part|-91.323,143.402,171.4751,1,0,0,0,1,0,0,0,1|2.4348,4.8696,1.2174|0.8745,0.8745,0.8706|256|0|1|1|1|1|0|1",
"P|Part|456.5894,150.2615,75.7877,0,0,-1,-0.1056,-0.9944,0,-0.9944,0.1056,0|1.2578,0.6176,7.1059|0.9725,0.9725,0.9725|256|0|1|1|1|1|0|1",
"P|Part|333.6599,152.7408,23.2896,0,0,-1,0,-1,0,-1,0,0|0.0481,0.6156,1.616|0.9373,0.7216,0.2196|256|0|1|1|1|1|0.1|1",
"P|Part|456.5892,146.5496,73.6241,0,0,-1,-0.1738,-0.9848,0,-0.9848,0.1738,0|1.2816,6.7849,4.5497|0.9725,0.9725,0.9725|256|0|1|1|1|1|0|1",
"P|Part|456.5892,130.4658,114.9081,0,0,-1,0.8638,-0.5038,0,-0.5038,-0.8638,0|1.2578,0.6176,7.1059|0.9725,0.9725,0.9725|256|0|1|1|1|1|0|1",
"P|Part|456.5894,86.8164,94.3299,0,0,-1,-0.5223,-0.8528,0,-0.8528,0.5223,0|0.8529,0.453,4.8188|0.9725,0.9725,0.9725|256|0|1|1|1|1|0|1",
"P|Part|175.3595,66.4674,139.3673,0,0,-1,0,1,0,1,0,0|0.0302,0.3862,1.0138|0.4196,0.1961,0.4863|256|0|1|1|1|1|0.1|1",
"P|Part|-83.7751,147.1759,17.4738,0,0,1,0,1,0,-1,0,0|2.9218,2.6783,1.4609|0.8745,0.8745,0.8706|256|0|1|1|1|1|0|1",
"P|Part|175.3592,152.8554,150.0042,0,0,-1,0,-1,0,-1,0,0|0.0302,0.3862,1.0138|0.4196,0.1961,0.4863|256|0|1|1|1|1|0.1|1",
"P|Part|456.5896,102.9657,106.455,0,0,-1,0.965,0.2621,0,0.2621,-0.965,0|0.8529,0.4188,4.8188|0.9725,0.9725,0.9725|256|0|1|1|1|1|0|1",
"P|Part|456.589,150.7254,47.5836,0,0,-1,0.7812,-0.6242,0,-0.6242,-0.7812,0|0.5199,0.8181,4.424|0.9373,0.7216,0.2196|256|0|1|1|1|1|0.1|1",
"P|Part|327.6157,152.7408,17.2638,-1,0,0,0,-1,0,0,0,1|0.0481,0.6156,1.616|0.9373,0.7216,0.2196|256|0|1|1|1|1|0.1|1",
"P|Part|456.5894,73.0077,64.31,0,0,-1,0.3902,-0.9207,0,-0.9207,-0.3902,0|1.2578,0.668,7.1059|0.9725,0.9725,0.9725|256|0|1|1|1|1|0|1",
"P|Part|452.1966,129.8501,48.3014,-1,0,0,0,0.866,0.5,0,0.5,-0.866|0.1432,1.8333,4.8125|0.4196,0.1961,0.4863|256|0|1|1|1|1|0.1|1",
"P|Part|418.0926,153.3564,17.264,1,0,0,0,1,0,0,0,1|0.0481,0.6156,1.616|0.9373,0.7216,0.2196|256|0|1|1|1|1|0.1|1",
"P|Part|456.5893,133.0618,65.107,0,0,-1,-0.5461,-0.8377,0,-0.8378,0.5461,0|0.8529,0.4188,4.8188|0.9725,0.9725,0.9725|256|0|1|1|1|1|0|1",
"P|Part|303.0699,159.5042,18.0569,0,0,1,0,1,0,-1,0,0|0.467,5.7054,0.9339|0.9373,0.7216,0.2196|256|0|1|1|1|1|0.1|1",
"P|Part|-110.8014,143.402,-3.8308,1,0,0,0,1,0,0,0,1|2.4348,4.8696,1.2174|0.8745,0.8745,0.8706|256|0|1|1|1|1|0|1",
"P|Part|456.589,133.108,65.1795,0,0,-1,-0.5434,-0.8395,0,-0.8395,0.5434,0|0.8529,0.4188,4.8188|0.9725,0.9725,0.9725|256|0|1|1|1|1|0|1",
"P|Part|456.5892,161.1514,90.0943,0,0,-1,0.9814,0.1921,0,0.1921,-0.9814,0|0.5199,0.8181,4.424|0.9373,0.7216,0.2196|256|0|1|1|1|1|0.1|1",
"P|Part|174.0438,153.3564,149.9476,0,0,1,0,1,0,-1,0,0|0.0481,0.6156,1.616|0.9373,0.7216,0.2196|256|0|1|1|1|1|0.1|1",
"P|Part|453.8937,166.0311,69.1491,0,0,-1,0,1,0,1,0,0|0.2446,0.4306,2.3048|0.9373,0.7216,0.2196|256|0|1|1|1|1|0|1",
"P|Part|456.5893,136.8418,74.0813,0,0,-1,-0.2181,-0.9759,0,-0.9759,0.2181,0|0.8529,0.4188,4.8188|0.9725,0.9725,0.9725|256|0|1|1|1|1|0|1",
"P|Part|-234.3677,86.7928,17.4738,0,0,-1,0,1,0,1,0,0|2.4348,6.087,1.2174|0.8745,0.8745,0.8706|256|0|1|1|1|1|0|1",
"P|Part|456.5894,90.0107,98.5876,0,0,-1,0.6775,0.7355,0,0.7355,-0.6775,0|0.8529,0.4188,4.8188|0.9725,0.9725,0.9725|256|0|1|1|1|1|0|1",
"P|Part|456.589,130.6608,94.473,0,0,-1,-0.5751,0.8181,0,0.8181,0.5751,0|0.8691,4.6011,3.0853|0.9725,0.9725,0.9725|256|0|1|1|1|1|0|1",
"P|Part|456.589,150.2,49.223,0,0,-1,0.6098,0.7925,0,0.7925,-0.6098,0|0.8691,3.107,3.0853|0.9725,0.9725,0.9725|256|0|1|1|1|1|0.1|1",
"P|Part|456.5889,146.8627,114.803,0,0,-1,-0.6873,0.7264,0,0.7264,0.6873,0|0.8691,3.107,3.0853|0.9725,0.9725,0.9725|256|0|1|1|1|1|0.1|1",
"P|Part|456.5892,89.2775,49.5095,0,0,-1,-0.8259,0.5639,0,0.5639,0.8259,0|1.2816,6.7849,4.5497|0.9725,0.9725,0.9725|256|0|1|1|1|1|0|1",
"P|Part|416.2346,152.8554,140.6062,-0.7071,0,0.7071,0,-1,0,0.7071,0,0.7071|0.0302,0.3862,1.0138|0.4196,0.1961,0.4863|256|0|1|1|1|1|0.1|1",
"P|Part|456.589,114.6742,131.9512,0,0,-1,0.089,0.996,0,0.996,-0.089,0|0.5199,0.8181,4.424|0.9373,0.7216,0.2196|256|0|1|1|1|1|0.1|1",
"P|Part|456.5893,156.7939,103.0405,0,0,-1,0.8977,0.4406,0,0.4406,-0.8977,0|0.5199,0.8181,4.424|0.9373,0.7216,0.2196|256|0|1|1|1|1|0.1|1",
"P|Part|456.589,120.7982,57.3499,0,0,-1,-0.9051,-0.4252,0,-0.4252,0.9051,0|0.8691,4.6011,3.0853|0.9725,0.9725,0.9725|256|0|1|1|1|1|0|1",
"P|Part|277.4164,118.1851,144.7091,0,1,0,1,0,0,0,0,-1|2.0061,3.0129,3.01|0.9373,0.7216,0.2196|256|0|1|1|1|1|0.1|1",
"P|Part|456.5894,132.951,34.942,0,0,-1,0.8923,0.4514,0,0.4514,-0.8923,0|0.8691,3.107,3.0853|0.9725,0.9725,0.9725|256|0|1|1|1|1|0.1|1",
"P|Part|456.5892,100.3109,105.5855,0,0,-1,0.9333,0.3591,0,0.3591,-0.9333,0|0.8529,0.4188,4.8188|0.9725,0.9725,0.9725|256|0|1|1|1|1|0|1",
"P|Part|456.5893,91.1522,126.9153,0,0,-1,0.9269,0.3754,0,0.3754,-0.9269,0|0.8691,3.107,3.0853|0.9725,0.9725,0.9725|256|0|1|1|1|1|0.1|1",
"P|Part|407.6153,66.5821,18.8798,-1,0,0,0,1,0,0,0,-1|0.0481,0.6156,1.616|0.9373,0.7216,0.2196|256|0|1|1|1|1|0.1|1",
"P|Part|187.8712,118.1851,144.7091,0,1,0,1,0,0,0,0,-1|2.0061,3.0129,3.01|0.9373,0.7216,0.2196|256|0|1|1|1|1|0.1|1",
"P|Part|-88.8882,115.6452,123.4851,1,0,0,0,1,0,0,0,1|2.1426,51.6178,1.0713|0.8745,0.8745,0.8706|256|0|1|1|1|1|0|1",
"P|Part|456.589,158.4858,60.9822,0,0,-1,0.9302,-0.3669,0,-0.3669,-0.9302,0|0.5199,0.8181,4.424|0.9373,0.7216,0.2196|256|0|1|1|1|1|0.1|1",
"P|Part|124.222,160.1397,18.0511,0,0,1,0,-1,0,1,0,0|0.467,0.2547,0.9339|0.9373,0.7216,0.2196|256|0|1|1|1|1|0.1|1",
"U|CorinthianCapital|90.5932,152.3697,17.8459,-0.933,0.25,0.2588,0.2588,0.9659,0,-0.25,0.067,-0.9659|2.0992,5.5728,2.2216|0.9725,0.9725,0.9725|256|0|1|1|1|1|0|1",
"P|Part|456.5896,71.7892,67.5631,0,0,-1,0.3096,-0.9509,0,-0.9509,-0.3096,0|1.2578,0.668,7.1059|0.9725,0.9725,0.9725|256|0|1|1|1|1|0|1",
"P|Part|417.124,153.3564,141.574,-0.7071,0,-0.7071,0,1,0,0.7071,0,-0.7071|0.0481,0.6156,1.616|0.9373,0.7216,0.2196|256|0|1|1|1|1|0.1|1",
"P|Part|456.5892,134.0385,112.5634,0,0,-1,0.8057,-0.5923,0,-0.5923,-0.8057,0|1.2578,0.6176,7.1059|0.9725,0.9725,0.9725|256|0|1|1|1|1|0|1",
"P|Part|272.1438,118.1851,144.7091,0,0,1,0,1,0,-1,0,0|3.0129,1.4035,31.6359|0.9373,0.7216,0.2196|256|0|1|1|1|1|0.1|1",
"P|Part|456.5893,157.4555,97.8491,0,0,-1,-0.352,0.936,0,0.936,0.352,0|0.8691,3.107,3.0853|0.9725,0.9725,0.9725|256|0|1|1|1|1|0.1|1",
"P|Part|456.5892,115.6945,55.5947,0,0,-1,-0.9751,-0.2217,0,-0.2217,0.9751,0|0.8691,4.6011,3.0853|0.9725,0.9725,0.9725|256|0|1|1|1|1|0|1",
"M|Cloud|222.1996,282.1442,379.7955,1,0,0,0,-1,0,0,0,-1|51.8872,26.887,72.9216|1,1,1|256|0|1|1|1|1|0|1|rbxassetid://4862430258|",
"P|Part|456.5893,125.1497,128.3226,0,0,-1,0.9549,-0.297,0,-0.297,-0.9549,0|0.8691,3.107,3.0853|0.9725,0.9725,0.9725|256|0|1|1|1|1|0.1|1",
"P|Part|456.5892,77.3177,97.1018,0,0,-1,-0.461,-0.8874,0,-0.8874,0.461,0|1.2816,6.7849,4.5497|0.9725,0.9725,0.9725|256|0|1|1|1|1|0|1",
"P|Part|456.589,114.5552,29.6941,0,0,-1,0.9962,0.0875,0,0.0875,-0.9962,0|0.8691,3.107,3.0853|0.9725,0.9725,0.9725|256|0|1|1|1|1|0.1|1",
"P|Part|225.0037,156.5242,144.7148,0,0,-1,0,-1,0,-1,0,0|0.467,0.2547,0.9339|0.9373,0.7216,0.2196|256|0|1|1|1|1|0.1|1",
"P|Part|314.0819,82.1805,18.0568,0,-1,0,1,0,0,0,0,1|2.0061,3.0129,3.01|0.9373,0.7216,0.2196|256|0|1|1|1|1|0.1|1",
"P|Part|409.4465,152.8554,13.9742,-0.7071,0,-0.7071,0,-1,0,-0.7071,0,0.7071|0.0302,0.3862,1.0138|0.4196,0.1961,0.4863|256|0|1|1|1|1|0.1|1",
"P|Part|456.5892,138.3965,103.9063,0,0,-1,-0.6451,0.7641,0,0.7641,0.6451,0|1.2816,6.7849,4.5497|0.9725,0.9725,0.9725|256|0|1|1|1|1|0|1",
"P|Part|456.5892,89.0997,97.5469,0,0,-1,0.6395,0.7688,0,0.7688,-0.6395,0|0.8529,0.4188,4.8188|0.9725,0.9725,0.9725|256|0|1|1|1|1|0|1",
"P|Part|456.5893,135.6838,89.8557,0,0,-1,0.3584,-0.9336,0,-0.9336,-0.3584,0|0.8529,0.4188,4.8188|0.9725,0.9725,0.9725|256|0|1|1|1|1|0|1",
"P|Part|456.589,130.9897,97.7686,0,0,-1,0.6475,-0.762,0,-0.762,-0.6475,0|0.8529,0.4188,4.8188|0.9725,0.9725,0.9725|256|0|1|1|1|1|0|1",
"P|Part|282.222,160.1397,144.7091,0,0,1,0,-1,0,1,0,0|0.467,0.2547,0.9339|0.9373,0.7216,0.2196|256|0|1|1|1|1|0.1|1",
"P|Part|20.6893,67.6377,82.6083,0,0,-1,1,0,0,0,-1,0|2.4752,23.8856,24.9542|0.9373,0.7216,0.2196|256|0|1|1|1|1|0.3|1",
"P|Part|456.5893,133.7766,47.3824,0,0,-1,0.8101,0.5863,0,0.5863,-0.8101,0|1.2578,0.668,7.1059|0.9725,0.9725,0.9725|256|0|1|1|1|1|0|1",
"P|Part|456.5894,142.8701,41.5224,0,0,-1,0.7621,0.6475,0,0.6475,-0.7621,0|0.8691,3.107,3.0853|0.9725,0.9725,0.9725|256|0|1|1|1|1|0.1|1",
"P|Part|-224.9937,147.1759,41.8218,0,0,1,0,1,0,-1,0,0|2.9218,2.6783,1.4609|0.8745,0.8745,0.8706|256|0|1|1|1|1|0|1",
"P|Part|456.5892,153.6125,51.569,0,0,-1,0.8367,-0.5477,0,-0.5477,-0.8367,0|0.5199,0.8181,4.424|0.9373,0.7216,0.2196|256|0|1|1|1|1|0.1|1",
"P|Part|452.197,147.6813,80.9274,-1,0,0,0,0,1,0,1,0|0.1432,1.8333,4.8125|0.4196,0.1961,0.4863|256|0|1|1|1|1|0.1|1",
"P|Part|456.589,140.1812,58.4906,0,0,-1,-0.583,-0.8125,0,-0.8125,0.583,0|1.2816,6.7849,4.5497|0.9725,0.9725,0.9725|256|0|1|1|1|1|0|1",
"P|Part|456.5893,108.0304,28.0606,0,0,-1,-0.0386,-0.9993,0,-0.9993,0.0386,0|0.5199,0.8181,4.424|0.9373,0.7216,0.2196|256|0|1|1|1|1|0.1|1",
"P|Part|456.5893,103.3272,29.9608,0,0,-1,0.9909,-0.1346,0,-0.1346,-0.9909,0|0.8691,3.107,3.0853|0.9725,0.9725,0.9725|256|0|1|1|1|1|0.1|1",
"P|Part|456.5893,145.6062,90.5037,0,0,-1,0.2827,-0.9592,0,-0.9592,-0.2827,0|1.2816,6.7849,4.5497|0.9725,0.9725,0.9725|256|0|1|1|1|1|0|1",
"M|Cloud|241.5997,276.1442,-178.0045,1,0,0,0,-1,0,0,0,-1|51.8872,26.887,72.9216|1,1,1|256|0|1|1|1|1|0|1|rbxassetid://4862430258|",
"P|Part|456.5893,145.2699,68.5246,0,0,-1,0.3117,0.9502,0,0.9502,-0.3117,0|1.2816,6.7849,4.5497|0.9725,0.9725,0.9725|256|0|1|1|1|1|0|1",
"P|Part|456.5893,98.1778,129.1708,0,0,-1,0.9716,0.2365,0,0.2365,-0.9716,0|0.8691,3.107,3.0853|0.9725,0.9725,0.9725|256|0|1|1|1|1|0.1|1",
"P|Part|456.589,120.8156,115.4597,0,0,-1,-0.9574,0.2887,0,0.2887,0.9574,0|1.2816,6.7849,4.5497|0.9725,0.9725,0.9725|256|0|1|1|1|1|0|1",
"P|Part|336.3258,123.5212,144.709,0,-1,0,1,0,0,0,0,1|5.3203,3.0129,3.01|0.9373,0.7216,0.2196|256|0|1|1|1|1|0.1|1",
"P|Part|326.1335,77.2092,18.0557,0,0,1,0,1,0,-1,0,0|3.0129,4.7177,3.0129|0.9373,0.7216,0.2196|256|0|1|1|1|1|0.1|1",
"P|Part|456.5892,161.4173,71.6503,0,0,-1,-0.9868,0.1621,0,0.1621,0.9868,0|0.5199,0.8181,4.424|0.9373,0.7216,0.2196|256|0|1|1|1|1|0.1|1",
"P|Part|456.5892,120.9704,44.6908,0,0,-1,-0.9561,-0.293,0,-0.293,0.9561,0|1.2816,6.7849,4.5497|0.9725,0.9725,0.9725|256|0|1|1|1|1|0|1",
"P|Part|456.5894,158.3916,99.4472,0,0,-1,0.9284,0.3717,0,0.3717,-0.9284,0|0.5199,0.8181,4.424|0.9373,0.7216,0.2196|256|0|1|1|1|1|0.1|1",
"P|Part|456.5894,134.3285,86.6464,0,0,-1,-0.263,0.9648,0,0.9648,0.263,0|0.8691,4.6011,3.0853|0.9725,0.9725,0.9725|256|0|1|1|1|1|0|1",
"P|Part|287.8109,162.127,18.0511,0,1,0,1,0,0,0,0,-1|2.2924,0.5094,0.467|0.9373,0.7216,0.2196|256|0|1|1|1|1|0.1|1",
"P|Part|456.5893,114.5969,116.7592,0,0,-1,0.9927,-0.1207,0,-0.1207,-0.9927,0|1.2816,6.7849,4.5497|0.9725,0.9725,0.9725|256|0|1|1|1|1|0|1",
"P|Part|456.5892,105.7156,53.0651,0,0,-1,0.9868,-0.1617,0,-0.1617,-0.9868,0|0.8529,0.453,4.8188|0.9725,0.9725,0.9725|256|0|1|1|1|1|0|1",
"P|Part|169.5603,152.8554,145.2376,1,0,0,0,-1,0,0,0,-1|0.0302,0.3862,1.0138|0.4196,0.1961,0.4863|256|0|1|1|1|1|0.1|1",
"P|Part|456.5893,135.1519,81.7995,0,0,-1,0.0697,-0.9976,0,-0.9976,-0.0697,0|0.8691,4.6011,3.0853|0.9725,0.9725,0.9725|256|0|1|1|1|1|0|1",
"P|Part|456.5893,162.0169,83.1425,0,0,-1,-0.9983,-0.0586,0,-0.0586,0.9983,0|0.5199,0.8181,4.424|0.9373,0.7216,0.2196|256|0|1|1|1|1|0.1|1",
"P|Part|277.4164,118.1851,18.0511,0,1,0,1,0,0,0,0,-1|2.0061,3.0129,3.01|0.9373,0.7216,0.2196|256|0|1|1|1|1|0.1|1",
"P|Part|456.5893,119.9568,54.5265,0,0,-1,0.9333,0.3591,0,0.3591,-0.9333,0|0.8529,0.453,4.8188|0.9725,0.9725,0.9725|256|0|1|1|1|1|0|1",
"P|Part|407.5606,152.8554,144.224,-1,0,0,0,-1,0,0,0,1|0.0302,0.3862,1.0138|0.4196,0.1961,0.4863|256|0|1|1|1|1|0.1|1",
"P|Part|250.716,152.7408,22.3234,0.7071,0,-0.7071,0,-1,0,-0.7071,0,-0.7071|0.0481,0.6156,1.616|0.9373,0.7216,0.2196|256|0|1|1|1|1|0.1|1",
"P|Part|456.589,150.6652,110.2816,0,0,-1,-0.5978,0.8016,0,0.8016,0.5978,0|0.8691,3.107,3.0853|0.9725,0.9725,0.9725|256|0|1|1|1|1|0.1|1",
"P|Part|456.5894,110.6693,52.7087,0,0,-1,0.9998,0.0195,0,0.0195,-0.9998,0|0.8529,0.453,4.8188|0.9725,0.9725,0.9725|256|0|1|1|1|1|0|1",
"P|Part|109.3379,146.4309,18.0511,0,0,-1,0,-1,0,-1,0,0|0.467,0.2547,0.9339|0.9373,0.7216,0.2196|256|0|1|1|1|1|0.1|1",
"P|Part|456.589,138.2524,36.3186,0,0,-1,0.5417,-0.8406,0,-0.8405,-0.5417,0|0.5199,0.8181,4.424|0.9373,0.7216,0.2196|256|0|1|1|1|1|0.1|1",
"P||-213.3066,115.6452,-4.7316,0,0,-1,0,1,0,1,0,0|2.1426,51.6178,1.0713|0.8745,0.8745,0.8706|256|0|1|1|1|1|0|1",
"P|Part|177.3258,123.5212,18.0511,0,-1,0,1,0,0,0,0,1|5.3203,3.0129,3.01|0.9373,0.7216,0.2196|256|0|1|1|1|1|0.1|1",
"P|Part|456.589,79.4063,53.934,0,0,-1,0.6475,-0.762,0,-0.762,-0.6475,0|1.2578,0.668,7.1059|0.9725,0.9725,0.9725|256|0|1|1|1|1|0|1",
"P|Part|456.5892,92.7857,127.5456,0,0,-1,0.9393,0.3431,0,0.3431,-0.9393,0|0.8691,3.107,3.0853|0.9725,0.9725,0.9725|256|0|1|1|1|1|0.1|1",
"P|Part|456.5892,91.8515,59.7128,0,0,-1,0.7436,-0.6686,0,-0.6686,-0.7436,0|0.8529,0.453,4.8188|0.9725,0.9725,0.9725|256|0|1|1|1|1|0|1",
"P|Part|456.589,97.0184,29.6719,0,0,-1,-0.2501,-0.9682,0,-0.9682,0.2501,0|0.5199,0.8181,4.424|0.9373,0.7216,0.2196|256|0|1|1|1|1|0.1|1",
"P|Part|332.3455,153.2417,139.3676,0,0,1,0,1,0,-1,0,0|0.0302,0.3862,1.0138|0.4196,0.1961,0.4863|256|0|1|1|1|1|0.1|1",
"P|Part|456.5892,96.3386,59.1052,0,0,-1,-0.8353,0.5498,0,0.5499,0.8353,0|0.8691,4.6011,3.0853|0.9725,0.9725,0.9725|256|0|1|1|1|1|0|1",
"P|Part|456.5893,154.5295,104.238,0,0,-1,-0.4784,0.8782,0,0.8782,0.4784,0|0.8691,3.107,3.0853|0.9725,0.9725,0.9725|256|0|1|1|1|1|0.1|1",
"P|Part|456.5892,85.6804,35.7958,0,0,-1,-0.8753,0.4836,0,0.4836,0.8753,0|0.8691,3.107,3.0853|0.9725,0.9725,0.9725|256|0|1|1|1|1|0.1|1",
"P|Part|456.5894,101.4015,30.2613,0,0,-1,0.985,-0.1727,0,-0.1727,-0.985,0|0.8691,3.107,3.0853|0.9725,0.9725,0.9725|256|0|1|1|1|1|0.1|1",
"P|Part|456.5892,160.3665,85.7663,0,0,-1,-0.113,0.9936,0,0.9936,0.113,0|0.8691,3.107,3.0853|0.9725,0.9725,0.9725|256|0|1|1|1|1|0.1|1",
"P|Part|129.9618,118.1851,144.709,0,1,0,1,0,0,0,0,-1|2.0061,3.0129,3.01|0.9373,0.7216,0.2196|256|0|1|1|1|1|0.1|1",
"P|Part|456.5892,132.931,109.1681,0,0,-1,-0.7874,0.6165,0,0.6165,0.7874,0|1.2816,6.7849,4.5497|0.9725,0.9725,0.9725|256|0|1|1|1|1|0|1",
"P|Part|456.5889,136.2711,106.219,0,0,-1,-0.7076,0.7066,0,0.7066,0.7076,0|1.2816,6.7849,4.5497|0.9725,0.9725,0.9725|256|0|1|1|1|1|0|1",
"P|Part|456.5893,142.8594,120.5306,0,0,-1,0.6301,0.7765,0,0.7765,-0.6301,0|0.5199,0.8181,4.424|0.9373,0.7216,0.2196|256|0|1|1|1|1|0.1|1",
"P|Part|-230.1068,143.402,148.3445,1,0,0,0,1,0,0,0,1|2.4348,4.8696,1.2174|0.8745,0.8745,0.8706|256|0|1|1|1|1|0|1",
"P|Part|456.5892,98.559,29.3016,0,0,-1,-0.2205,-0.9754,0,-0.9754,0.2205,0|0.5199,0.8181,4.424|0.9373,0.7216,0.2196|256|0|1|1|1|1|0.1|1",
"P|Part|456.5892,81.1122,57.1275,0,0,-1,-0.6199,0.7847,0,0.7847,0.6199,0|1.2816,6.7849,4.5497|0.9725,0.9725,0.9725|256|0|1|1|1|1|0|1",
"P|Part|-160.1062,143.402,-4.4395,0,0,-1,0,1,0,1,0,0|2.4348,4.8696,1.2174|0.8745,0.8745,0.8706|256|0|1|1|1|1|0|1",
"P|Part|456.5893,124.6265,59.5812,0,0,-1,-0.8161,-0.5779,0,-0.5779,0.8161,0|0.8691,4.6011,3.0853|0.9725,0.9725,0.9725|256|0|1|1|1|1|0|1",
"P|Part|456.5892,134.7646,75.3387,0,0,-1,0.1879,0.9822,0,0.9822,-0.1879,0|0.8691,4.6011,3.0853|0.9725,0.9725,0.9725|256|0|1|1|1|1|0|1",
"P|Part|-92.5404,147.1759,165.5098,0,0,-1,0,1,0,1,0,0|2.9218,2.6783,1.4609|0.8745,0.8745,0.8706|256|0|1|1|1|1|0|1",
"P|Part|175.6602,152.7408,12.7651,0,0,-1,0,-1,0,-1,0,0|0.0481,0.6156,1.616|0.9373,0.7216,0.2196|256|0|1|1|1|1|0.1|1",
"P|Part|456.5894,97.1016,41.8919,0,0,-1,0.9463,-0.3233,0,-0.3233,-0.9463,0|1.2578,0.668,7.1059|0.9725,0.9725,0.9725|256|0|1|1|1|1|0|1",
"P|Part|456.5893,80.591,35.2443,0,-1,0,1,0,0,0,0,1|0.8534,17.0929,26.3483|0.9373,0.7216,0.2196|256|0|1|1|1|1|0.1|1",
"P|Part|456.5893,89.7968,49.1674,0,0,-1,-0.8352,0.55,0,0.55,0.8352,0|1.2816,6.7849,4.5497|0.9725,0.9725,0.9725|256|0|1|1|1|1|0|1",
"P|Part|456.5894,135.2074,79.5398,0,0,-1,-0.0203,-0.9998,0,-0.9998,0.0203,0|0.8691,4.6011,3.0853|0.9725,0.9725,0.9725|256|0|1|1|1|1|0|1",
"P|Part|456.589,115.3022,55.5089,0,0,-1,-0.9785,-0.2061,0,-0.2061,0.9785,0|0.8691,4.6011,3.0853|0.9725,0.9725,0.9725|256|0|1|1|1|1|0|1",
"P|Part|-88.8882,143.402,148.3445,1,0,0,0,1,0,0,0,1|2.4348,4.8696,1.2174|0.8745,0.8745,0.8706|256|0|1|1|1|1|0|1",
"P|Part|-230.1068,147.1759,22.5869,1,0,0,0,1,0,0,0,1|2.9218,2.6783,1.4609|0.8745,0.8745,0.8706|256|0|1|1|1|1|0|1",
"P|Part|362.222,160.1397,144.7091,0,0,1,0,-1,0,1,0,0|0.467,0.2547,0.9339|0.9373,0.7216,0.2196|256|0|1|1|1|1|0.1|1",
"P|Part|456.5892,102.8167,130.0725,0,0,-1,0.9895,0.1448,0,0.1448,-0.9895,0|0.8691,3.107,3.0853|0.9725,0.9725,0.9725|256|0|1|1|1|1|0.1|1",
"P|Part|456.5893,120.0345,40.9601,0,0,-1,0.9694,0.2455,0,0.2455,-0.9694,0|1.2578,0.668,7.1059|0.9725,0.9725,0.9725|256|0|1|1|1|1|0|1",
"P|Part|456.5889,140.1686,122.5741,0,0,-1,0.5785,0.8157,0,0.8157,-0.5785,0|0.5199,0.8181,4.424|0.9373,0.7216,0.2196|256|0|1|1|1|1|0.1|1",
"P|Part|198.8832,159.5042,18.0511,0,0,-1,0,1,0,1,0,0|0.467,5.7054,0.9339|0.9373,0.7216,0.2196|256|0|1|1|1|1|0.1|1",
"P|Part|456.5892,119.0734,131.3682,0,0,-1,0.1735,0.9848,0,0.9848,-0.1735,0|0.5199,0.8181,4.424|0.9373,0.7216,0.2196|256|0|1|1|1|1|0.1|1",
"P|Part|456.5889,149.8873,111.2991,0,0,-1,-0.6179,0.7862,0,0.7862,0.6179,0|0.8691,3.107,3.0853|0.9725,0.9725,0.9725|256|0|1|1|1|1|0.1|1",
"P|Part|456.5893,124.1416,103.5592,0,0,-1,0.8591,-0.5118,0,-0.5118,-0.8591,0|0.8529,0.4188,4.8188|0.9725,0.9725,0.9725|256|0|1|1|1|1|0|1",
"P|Part|456.5894,94.9498,117.4291,0,0,-1,0.9265,0.3764,0,0.3764,-0.9265,0|1.2578,0.6176,7.1059|0.9725,0.9725,0.9725|256|0|1|1|1|1|0|1",
"P|Part|456.5892,114.0643,130.4526,0,0,-1,0.997,-0.0778,0,-0.0778,-0.997,0|0.8691,3.107,3.0853|0.9725,0.9725,0.9725|256|0|1|1|1|1|0.1|1",
"P|Part|103.5985,82.1805,144.709,0,1,0,1,0,0,0,0,-1|2.0061,3.0129,3.01|0.9373,0.7216,0.2196|256|0|1|1|1|1|0.1|1",
"P|Part|179.124,152.7408,14.9162,0.7071,0,-0.7071,0,-1,0,-0.7071,0,-0.7071|0.0481,0.6156,1.616|0.9373,0.7216,0.2196|256|0|1|1|1|1|0.1|1",
"P|Part|178.2346,66.0812,13.9482,-0.7071,0,0.7071,0,-1,0,0.7071,0,0.7071|0.0302,0.3862,1.0138|0.4196,0.1961,0.4863|256|0|1|1|1|1|0.1|1",
"P|Part|-129.6711,143.402,-4.4395,0,0,1,0,1,0,-1,0,0|2.4348,4.8696,1.2174|0.8745,0.8745,0.8706|256|0|1|1|1|1|0|1",
"P|Part|456.5894,125.4834,60.2154,0,0,-1,-0.7908,-0.612,0,-0.612,0.7908,0|0.8691,4.6011,3.0853|0.9725,0.9725,0.9725|256|0|1|1|1|1|0|1",
"P|Part|456.5894,120.0952,40.972,0,0,-1,0.969,0.2469,0,0.2469,-0.969,0|1.2578,0.668,7.1059|0.9725,0.9725,0.9725|256|0|1|1|1|1|0|1",
"P|Part|180.0681,109.5029,142.5721,0,0.7071,0.7071,1,0,0,0,0.7071,-0.7071|92.9902,0.6058,0.6058|0.9373,0.7216,0.2196|256|0|1|1|1|1|0.1|1",
"P|Part|456.5892,151.6937,111.3556,0,0,-1,0.7998,0.6003,0,0.6003,-0.7998,0|0.5199,0.8181,4.424|0.9373,0.7216,0.2196|256|0|1|1|1|1|0.1|1",
"P|Part|456.5892,126.3169,43.1111,0,0,-1,0.916,0.4012,0,0.4012,-0.916,0|1.2578,0.668,7.1059|0.9725,0.9725,0.9725|256|0|1|1|1|1|0|1",
"P|Part|456.5893,91.3208,48.2104,0,0,-1,-0.861,0.5086,0,0.5086,0.861,0|1.2816,6.7849,4.5497|0.9725,0.9725,0.9725|256|0|1|1|1|1|0|1",
"P|Part|456.5893,141.9994,38.9868,0,0,-1,-0.6138,0.7895,0,0.7895,0.6138,0|0.5199,0.8181,4.424|0.9373,0.7216,0.2196|256|0|1|1|1|1|0.1|1",
"P|Part|119.4164,82.1805,144.7091,0,1,0,1,0,0,0,0,-1|2.0061,3.0129,3.01|0.9373,0.7216,0.2196|256|0|1|1|1|1|0.1|1",
"P|Part|16.9657,78.2,82.6099,0,-1,0,-1,0,0,0,0,-1|0.2256,0.5172,3.2973|0.9373,0.7216,0.2196|256|0|1|1|1|1|0.1|1",
"P|Part|20.6893,70.1129,82.6083,0,0,-1,1,0,0,0,-1,0|2.4752,23.8856,24.9542|0.9373,0.7216,0.2196|256|0.4|1|1|1|1|0.3|1",
"P|Part|456.5894,89.0294,49.6864,0,0,-1,0.8212,-0.5707,0,-0.5707,-0.8212,0|1.2816,6.7849,4.5497|0.9725,0.9725,0.9725|256|0|1|1|1|1|0|1",
"P|Part|456.5893,86.2501,47.5538,0,0,-1,0.8057,-0.5923,0,-0.5923,-0.8057,0|1.2578,0.668,7.1059|0.9725,0.9725,0.9725|256|0|1|1|1|1|0|1",
"P||-188.9586,115.6452,170.5742,0,0,-1,0,1,0,1,0,0|2.1426,51.6178,1.0713|0.8745,0.8745,0.8706|256|0|1|1|1|1|0|1",
"P|Part|416.2178,153.2417,22.1795,-0.7071,0,0.7071,0,1,0,-0.7071,0,-0.7071|0.0302,0.3862,1.0138|0.4196,0.1961,0.4863|256|0|1|1|1|1|0.1|1",
"P|Part|-88.8882,147.1759,36.7087,-1,0,0,0,1,0,0,0,-1|2.9218,2.6783,1.4609|0.8745,0.8745,0.8706|256|0|1|1|1|1|0|1",
"P|Part|456.5893,144.4777,101.2386,0,0,-1,0.5251,-0.851,0,-0.851,-0.5251,0|1.2578,0.6176,7.1059|0.9725,0.9725,0.9725|256|0|1|1|1|1|0|1",
"P|Part|456.5892,91.0512,31.61,0,0,-1,-0.3647,-0.9311,0,-0.9311,0.3647,0|0.5199,0.8181,4.424|0.9373,0.7216,0.2196|256|0|1|1|1|1|0.1|1",
"P|Part|266.8712,82.1805,18.0511,0,1,0,1,0,0,0,0,-1|2.0061,3.0129,3.01|0.9373,0.7216,0.2196|256|0|1|1|1|1|0.1|1",
"P|Part|-88.8882,115.6452,-3.1247,1,0,0,0,1,0,0,0,1|2.1426,51.6178,1.0713|0.8745,0.8745,0.8706|256|0|1|1|1|1|0|1",
"P|Part|129.8109,113.527,144.7091,0,-1,0,1,0,0,0,0,1|94.9076,1.5065,1.5065|0.9373,0.7216,0.2196|256|0|1|1|1|1|0.1|1",
"P|Part|456.5893,157.5842,62.6106,0,0,-1,0.345,0.9386,0,0.9386,-0.345,0|0.8691,3.107,3.0853|0.9725,0.9725,0.9725|256|0|1|1|1|1|0.1|1",
"P|Part|456.5892,134.6331,74.6883,0,0,-1,-0.2138,-0.9769,0,-0.9769,0.2138,0|0.8691,4.6011,3.0853|0.9725,0.9725,0.9725|256|0|1|1|1|1|0|1",
"P|Part|-214.378,115.6452,168.4316,0,0,-1,0,1,0,1,0,0|2.1426,51.6178,1.0713|0.8745,0.8745,0.8706|256|0|1|1|1|1|0|1",
"P|Part|456.5893,105.4363,40.0011,0,0,-1,0.9932,-0.1166,0,-0.1166,-0.9932,0|1.2578,0.668,7.1059|0.9725,0.9725,0.9725|256|0|1|1|1|1|0|1",
"P|Part|388.8093,107.9531,144.7148,0,1,0,1,0,0,0,0,-1|83.7597,1.5065,1.5065|0.9373,0.7216,0.2196|256|0|1|1|1|1|0.1|1",
"P|Part|456.5894,121.5813,41.3813,0,0,-1,0.9589,0.2838,0,0.2838,-0.9589,0|1.2578,0.668,7.1059|0.9725,0.9725,0.9725|256|0|1|1|1|1|0|1",
"P|Part|456.5892,114.0228,52.9813,0,0,-1,0.9899,0.1421,0,0.1421,-0.9899,0|0.8529,0.453,4.8188|0.9725,0.9725,0.9725|256|0|1|1|1|1|0|1",
"P|Part|-186.2803,84.9667,-6.8743,1,0,0,0,1,0,0,0,1|12.174,2.4348,12.174|0.8745,0.8745,0.8706|256|0|1|1|1|1|0|1",
"P|Part|407.5606,153.2417,17.566,1,0,0,0,1,0,0,0,1|0.0302,0.3862,1.0138|0.4196,0.1961,0.4863|256|0|1|1|1|1|0.1|1",
"P|Part|456.5892,97.216,104.167,0,0,-1,0.8815,0.4722,0,0.4722,-0.8815,0|0.8529,0.4188,4.8188|0.9725,0.9725,0.9725|256|0|1|1|1|1|0|1",
"P|Part|456.5896,70.5639,72.2866,0,0,-1,0.1924,-0.9813,0,-0.9813,-0.1924,0|1.2578,0.668,7.1059|0.9725,0.9725,0.9725|256|0|1|1|1|1|0|1",
"P|Part|456.5894,96.2008,59.1978,0,0,-1,-0.8315,0.5555,0,0.5555,0.8315,0|0.8691,4.6011,3.0853|0.9725,0.9725,0.9725|256|0|1|1|1|1|0|1",
"P|Part|456.5894,127.1031,101.5192,0,0,-1,0.7846,-0.62,0,-0.62,-0.7846,0|0.8529,0.4188,4.8188|0.9725,0.9725,0.9725|256|0|1|1|1|1|0|1",
"P|Part|208.3438,166.1327,144.7091,0,0,1,0,1,0,-1,0,0|0.467,5.7054,0.9339|0.9373,0.7216,0.2196|256|0|1|1|1|1|0.1|1",
"P|Part|456.5893,111.3741,29.5164,0,0,-1,0.9997,0.0245,0,0.0245,-0.9997,0|0.8691,3.107,3.0853|0.9725,0.9725,0.9725|256|0|1|1|1|1|0.1|1",
"P|Part|415.9817,65.9665,13.7735,-0.7071,0,0.7071,0,-1,0,0.7071,0,0.7071|0.0481,0.6156,1.616|0.9373,0.7216,0.2196|256|0|1|1|1|1|0.1|1",
"P|Part|-88.8882,149.002,144.0835,-1,0,0,0,-1,0,0,0,1|12.174,2.4348,12.174|0.8745,0.8745,0.8706|256|0|1|1|1|1|0|1",
"P|Part|456.5892,94.5538,31.9625,0,0,-1,0.9513,-0.3082,0,-0.3082,-0.9513,0|0.8691,3.107,3.0853|0.9725,0.9725,0.9725|256|0|1|1|1|1|0.1|1",
"P|Part|327.6157,153.3564,145.5376,-1,0,0,0,1,0,0,0,-1|0.0481,0.6156,1.616|0.9373,0.7216,0.2196|256|0|1|1|1|1|0.1|1",
"P|Part|456.5892,155.6792,55.0288,0,0,-1,-0.8765,0.4813,0,0.4813,0.8765,0|0.5199,0.8181,4.424|0.9373,0.7216,0.2196|256|0|1|1|1|1|0.1|1",
"P|Part|456.5893,112.8779,120.3018,0,0,-1,0.9977,-0.0679,0,-0.0679,-0.9977,0|1.2578,0.6176,7.1059|0.9725,0.9725,0.9725|256|0|1|1|1|1|0|1",
"P|Part|249.5552,152.7408,141.6,0.7071,0,0.7071,0,-1,0,0.7071,0,-0.7071|0.0481,0.6156,1.616|0.9373,0.7216,0.2196|256|0|1|1|1|1|0.1|1",
"P|Part|259.0926,152.7408,18.8799,1,0,0,0,-1,0,0,0,-1|0.0481,0.6156,1.616|0.9373,0.7216,0.2196|256|0|1|1|1|1|0.1|1",
"P|Part|456.589,122.603,29.5611,0,0,-1,-0.2412,0.9705,0,0.9705,0.2413,0|0.5199,0.8181,4.424|0.9373,0.7216,0.2196|256|0|1|1|1|1|0.1|1",
"P|Part|224.5366,82.1805,18.0568,0,-1,0,1,0,0,0,0,1|2.0061,3.0129,3.01|0.9373,0.7216,0.2196|256|0|1|1|1|1|0.1|1",
"P|Part|-157.0627,143.402,164.1707,-1,0,0,0,1,0,0,0,-1|2.4348,4.8696,1.2174|0.8745,0.8745,0.8706|256|0|1|1|1|1|0|1",
"P|Part|456.5893,98.2417,104.6719,0,0,-1,-0.9004,-0.435,0,-0.435,0.9004,0|0.8529,0.453,4.8188|0.9725,0.9725,0.9725|256|0|1|1|1|1|0|1",
"P|Part|326.1332,123.5212,18.0557,0,0,1,0,1,0,-1,0,0|3.0129,4.7177,3.0129|0.9373,0.7216,0.2196|256|0|1|1|1|1|0.1|1",
"P|Part|456.5894,149.7344,87.8151,0,0,-1,0.1924,-0.9813,0,-0.9813,-0.1924,0|1.2578,0.6176,7.1059|0.9725,0.9725,0.9725|256|0|1|1|1|1|0|1",
"P|Part|174.8546,150.5255,144.7133,0,1,0,1,0,0,0,0,-1|0.4577,12.0518,12.0518|0.9373,0.7216,0.2196|256|0|1|1|1|1|0.1|1",
"P|Part|28.9362,66.484,90.859,0,0.7071,0.7071,1,0,0,0,0.7071,-0.7071|13.9173,1.6212,10.3349|0.9725,0.9725,0.9725|256|0|1|1|1|1|0|1",
"P|Part|203.6891,82.1805,144.7091,0,1,0,1,0,0,0,0,-1|2.0061,3.0129,3.01|0.9373,0.7216,0.2196|256|0|1|1|1|1|0.1|1",
"P|Part|456.589,152.4155,49.8376,0,0,-1,-0.8139,0.5811,0,0.5811,0.8139,0|0.5199,0.8181,4.424|0.9373,0.7216,0.2196|256|0|1|1|1|1|0.1|1",
"P|Part|456.589,95.5116,103.1729,0,0,-1,0.8452,0.5345,0,0.5345,-0.8452,0|0.8529,0.4188,4.8188|0.9725,0.9725,0.9725|256|0|1|1|1|1|0|1",
"P|Part|456.5892,121.5924,30.8165,0,0,-1,0.974,0.2267,0,0.2267,-0.974,0|0.8691,3.107,3.0853|0.9725,0.9725,0.9725|256|0|1|1|1|1|0.1|1",
"P|Part|254.6599,153.3564,149.9476,0,0,-1,0,1,0,1,0,0|0.0481,0.6156,1.616|0.9373,0.7216,0.2196|256|0|1|1|1|1|0.1|1",
"P|EP2|20.6964,79.4281,76.8974,0,1,0,1,0,0,0,0,-1|0.8512,3.4967,0.8512|0.9725,0.9725,0.9725|256|1|0|1|1|1|0|0|PE:ParticleEmitter:rbxassetid://277916207:1:20:1:1:1.1502:1.1502|AT:Attachment:0,0,0,0,0,0",
"P|Part|456.5892,162.0516,77.4411,0,0,-1,0.9987,-0.0509,0,-0.0509,-0.9987,0|0.5199,0.8181,4.424|0.9373,0.7216,0.2196|256|0|1|1|1|1|0.1|1",
"P|Part|-91.323,86.7928,147.127,1,0,0,0,1,0,0,0,1|2.4348,6.087,1.2174|0.8745,0.8745,0.8706|256|0|1|1|1|1|0|1",
"P|Part|171.6982,152.7408,140.4576,-0.7071,0,-0.7071,0,-1,0,-0.7071,0,0.7071|0.0481,0.6156,1.616|0.9373,0.7216,0.2196|256|0|1|1|1|1|0.1|1",
"P|Part|456.589,153.564,51.4961,0,0,-1,0.8358,-0.5491,0,-0.5491,-0.8358,0|0.5199,0.8181,4.424|0.9373,0.7216,0.2196|256|0|1|1|1|1|0.1|1",
"P|Part|456.5894,137.4902,79.306,0,0,-1,-0.0271,-0.9996,0,-0.9996,0.0271,0|0.8529,0.4188,4.8188|0.9725,0.9725,0.9725|256|0|1|1|1|1|0|1",
"P|Part|456.5894,127.2832,58.748,0,0,-1,0.779,0.6271,0,0.6271,-0.779,0|0.8529,0.453,4.8188|0.9725,0.9725,0.9725|256|0|1|1|1|1|0|1",
"P|Part.526c|-193.9073,104.0649,76.1126,0,0,1,0,1,0,-1,0,0|1.4573,0.0246,3.0289|0.9373,0.7216,0.2196|256|0|1|1|1|1|0|1",
"P|Part|456.5892,129.2938,63.8624,0,0,-1,-0.6455,-0.7637,0,-0.7637,0.6455,0|0.8691,4.6011,3.0853|0.9725,0.9725,0.9725|256|0|1|1|1|1|0|1",
"P|Part|22.4348,73.3255,84.3571,0,0.7071,0.7071,1,0,0,0,0.7071,-0.7071|0.1498,0.3434,2.189|0.9373,0.7216,0.2196|256|0|1|1|1|1|0.1|1",
"P|Part|-225.8459,143.402,41.8218,0,0,1,0,1,0,-1,0,0|2.4348,4.8696,1.2174|0.8745,0.8745,0.8706|256|0|1|1|1|1|0|1",
"P|Part|337.124,152.7408,141.5741,0.7071,0,-0.7071,0,-1,0,-0.7071,0,-0.7071|0.0481,0.6156,1.616|0.9373,0.7216,0.2196|256|0|1|1|1|1|0.1|1",
"P|Part|169.5603,153.2417,18.5797,-1,0,0,0,1,0,0,0,-1|0.0302,0.3862,1.0138|0.4196,0.1961,0.4863|256|0|1|1|1|1|0.1|1",
"P|Part|124.6891,118.1851,18.0511,0,1,0,1,0,0,0,0,-1|2.0061,3.0129,3.01|0.9373,0.7216,0.2196|256|0|1|1|1|1|0.1|1",
"P|Part|456.589,129.3483,31.731,0,0,-1,0.3708,-0.9287,0,-0.9287,-0.3708,0|0.5199,0.8181,4.424|0.9373,0.7216,0.2196|256|0|1|1|1|1|0.1|1",
"P|Part|456.5893,89.6761,98.1916,0,0,-1,-0.6635,-0.7482,0,-0.7482,0.6635,0|0.8529,0.453,4.8188|0.9725,0.9725,0.9725|256|0|1|1|1|1|0|1",
"P|Part|456.5894,123.3354,130.4356,0,0,-1,-0.2553,-0.9669,0,-0.9669,0.2553,0|0.5199,0.8181,4.424|0.9373,0.7216,0.2196|256|0|1|1|1|1|0.1|1",
"P|Part|456.5893,90.7499,33.3666,0,0,-1,0.9236,-0.3835,0,-0.3835,-0.9236,0|0.8691,3.107,3.0853|0.9725,0.9725,0.9725|256|0|1|1|1|1|0.1|1",
"P|Part.d0b0|-193.3425,103.5233,80.3963,0,0,1,0,1,0,-1,0,0|0.7746,0.7746,0.7746|0.9373,0.7216,0.2196|256|0|1|1|1|1|0|1",
"P|Part|456.5893,129.5171,126.7392,0,0,-1,0.9236,-0.3835,0,-0.3835,-0.9236,0|0.8691,3.107,3.0853|0.9725,0.9725,0.9725|256|0|1|1|1|1|0.1|1",
"P|Part|456.5892,93.9628,129.6134,0,0,-1,-0.3088,0.9511,0,0.9511,0.3088,0|0.5199,0.8181,4.424|0.9373,0.7216,0.2196|256|0|1|1|1|1|0.1|1",
"P|Part|329.4465,152.8554,140.6321,-0.7071,0,-0.7071,0,-1,0,-0.7071,0,0.7071|0.0302,0.3862,1.0138|0.4196,0.1961,0.4863|256|0|1|1|1|1|0.1|1",
"P|Part|456.5892,92.7698,98.1444,0,0,-1,-0.7215,-0.6925,0,-0.6925,0.7215,0|0.8691,4.6011,3.0853|0.9725,0.9725,0.9725|256|0|1|1|1|1|0|1",
"P|Part|456.5889,148.1929,44.6454,0,0,-1,0.7326,-0.6806,0,-0.6806,-0.7326,0|0.5199,0.8181,4.424|0.9373,0.7216,0.2196|256|0|1|1|1|1|0.1|1",
"P|Part|456.5894,88.2991,67.7212,0,0,-1,-0.4917,0.8708,0,0.8708,0.4917,0|0.8691,4.6011,3.0853|0.9725,0.9725,0.9725|256|0|1|1|1|1|0|1",
"P|Part|456.5894,122.8019,101.7025,0,0,-1,-0.8633,0.5047,0,0.5047,0.8633,0|0.8691,4.6011,3.0853|0.9725,0.9725,0.9725|256|0|1|1|1|1|0|1",
"P|Part|456.5893,90.4543,64.5051,0,0,-1,-0.6199,0.7847,0,0.7847,0.6199,0|0.8691,4.6011,3.0853|0.9725,0.9725,0.9725|256|0|1|1|1|1|0|1",
"P|Part|456.5893,159.2834,63.1431,0,0,-1,0.9456,-0.3254,0,-0.3254,-0.9456,0|0.5199,0.8181,4.424|0.9373,0.7216,0.2196|256|0|1|1|1|1|0.1|1",
"P|Part|456.5892,154.9264,56.6118,0,0,-1,0.4636,0.886,0,0.886,-0.4636,0|0.8691,3.107,3.0853|0.9725,0.9725,0.9725|256|0|1|1|1|1|0.1|1",
"M|Cloud|409.1996,164.1442,-124.2045,1,0,0,0,-1,0,0,0,-1|51.8872,26.887,72.9216|1,1,1|256|0|1|1|1|1|0|1|rbxassetid://4862430258|",
"P|Part|456.5894,124.0783,56.5223,0,0,-1,0.8603,0.5098,0,0.5098,-0.8603,0|0.8529,0.453,4.8188|0.9725,0.9725,0.9725|256|0|1|1|1|1|0|1",
"P|Part|-159.2053,115.6452,-9.5526,-1,0,0,0,1,0,0,0,-1|2.1426,51.6178,1.0713|0.8745,0.8745,0.8706|256|0|1|1|1|1|0|1",
"P|Part|-210.6284,150.6455,168.4316,-1,0,0,0,-1,0,0,0,1|14.6088,0.8522,14.6088|0.8745,0.8745,0.8706|256|0|1|1|1|1|0|1",
"P|Part|-230.1068,143.402,-11.1352,-1,0,0,0,1,0,0,0,-1|2.4348,4.8696,1.2174|0.8745,0.8745,0.8706|256|0|1|1|1|1|0|1",
"P|Part|-112.1162,115.6452,-6.8743,0,0,-1,0,1,0,1,0,0|2.1426,51.6178,1.0713|0.8745,0.8745,0.8706|256|0|1|1|1|1|0|1",
"P|Part|456.589,143.0923,96.8178,0,0,-1,-0.4533,0.8913,0,0.8914,0.4533,0|1.2816,6.7849,4.5497|0.9725,0.9725,0.9725|256|0|1|1|1|1|0|1",
"P|Part|456.5892,108.9984,54.9956,0,0,-1,-0.999,0.0453,0,0.0453,0.999,0|0.8691,4.6011,3.0853|0.9725,0.9725,0.9725|256|0|1|1|1|1|0|1",
"P|Part|-108.3666,143.402,-2.6134,1,0,0,0,1,0,0,0,1|2.4348,4.8696,1.2174|0.8745,0.8745,0.8706|256|0|1|1|1|1|0|1",
"P|Part.a031|-193.9073,107.7927,76.945,0,0,1,0,1,0,-1,0,0|0.3335,24.6936,3.0289|0.9373,0.7216,0.2196|256|0|1|1|1|1|0|1",
"P|Part|16.178,83.7234,82.6099,0,-1,0,-1,0,0,0,0,-1|0.2733,0.6267,3.9952|0.9373,0.7216,0.2196|256|0|1|1|1|1|0.1|1",
"P|Part|456.5893,74.6169,60.9489,0,0,-1,0.4736,-0.8808,0,-0.8808,-0.4736,0|1.2578,0.668,7.1059|0.9725,0.9725,0.9725|256|0|1|1|1|1|0|1",
"P|Part|18.9405,78.9215,84.3571,0,-0.7071,0.7071,1,0,0,0,0.7071,0.7071|0.1498,0.3434,2.189|0.9373,0.7216,0.2196|256|0|1|1|1|1|0.1|1",
"P|Part|456.5893,96.9671,31.2474,0,0,-1,0.9655,-0.2605,0,-0.2605,-0.9655,0|0.8691,3.107,3.0853|0.9725,0.9725,0.9725|256|0|1|1|1|1|0.1|1",
"P|Part|456.589,79.3671,100.5705,0,0,-1,-0.5548,-0.832,0,-0.832,0.5548,0|1.2816,6.7849,4.5497|0.9725,0.9725,0.9725|256|0|1|1|1|1|0|1",
"P|Part|456.5893,115.9995,131.8153,0,0,-1,0.1144,0.9934,0,0.9934,-0.1144,0|0.5199,0.8181,4.424|0.9373,0.7216,0.2196|256|0|1|1|1|1|0.1|1",
"P|Part|23.8766,83.7234,85.7988,0,0.7071,-0.7071,-1,0,0,0,0.7071,0.7071|0.2733,0.6267,3.9952|0.9373,0.7216,0.2196|256|0|1|1|1|1|0.1|1",
"P|Part|456.5892,91.0831,115.6145,0,0,-1,0.8815,0.4722,0,0.4722,-0.8815,0|1.2578,0.6176,7.1059|0.9725,0.9725,0.9725|256|0|1|1|1|1|0|1",
"P|Part|-135.3929,115.6452,-9.0169,0,0,-1,0,1,0,1,0,0|2.1426,51.6178,1.0713|0.8745,0.8745,0.8706|256|0|1|1|1|1|0|1",
"P|Part|456.5892,131.7793,34.3602,0,0,-1,0.9037,0.4281,0,0.4281,-0.9037,0|0.8691,3.107,3.0853|0.9725,0.9725,0.9725|256|0|1|1|1|1|0.1|1",
"P|Part|456.589,122.4437,29.5197,0,0,-1,0.2382,-0.9712,0,-0.9712,-0.2382,0|0.5199,0.8181,4.424|0.9373,0.7216,0.2196|256|0|1|1|1|1|0.1|1",
"P|Part|456.5894,82.7016,104.8468,0,0,-1,0.6705,0.7419,0,0.7419,-0.6705,0|1.2816,6.7849,4.5497|0.9725,0.9725,0.9725|256|0|1|1|1|1|0|1",
"P|Part|338.1486,152.8554,18.58,1,0,0,0,-1,0,0,0,-1|0.0302,0.3862,1.0138|0.4196,0.1961,0.4863|256|0|1|1|1|1|0.1|1",
"P|Part|456.5894,73.1835,63.9012,0,0,-1,0.4004,-0.9163,0,-0.9164,-0.4004,0|1.2578,0.668,7.1059|0.9725,0.9725,0.9725|256|0|1|1|1|1|0|1",
"P|Part|456.589,123.0647,130.5095,0,0,-1,-0.2501,-0.9682,0,-0.9682,0.2501,0|0.5199,0.8181,4.424|0.9373,0.7216,0.2196|256|0|1|1|1|1|0.1|1",
"P|Part|456.5893,150.9851,47.9114,0,0,-1,0.7862,-0.6179,0,-0.6179,-0.7862,0|0.5199,0.8181,4.424|0.9373,0.7216,0.2196|256|0|1|1|1|1|0.1|1",
"P|Part|456.5892,126.8743,32.3523,0,0,-1,0.9436,0.3312,0,0.3312,-0.9436,0|0.8691,3.107,3.0853|0.9725,0.9725,0.9725|256|0|1|1|1|1|0.1|1",
"P|Part|-91.9317,86.7928,165.9968,0,0,-1,0,1,0,1,0,0|2.4348,6.087,1.2174|0.8745,0.8745,0.8706|256|0|1|1|1|1|0|1",
"P|Part|253.8542,69.5,18.0549,0,1,0,1,0,0,0,0,-1|0.4577,12.0518,12.0518|0.9373,0.7216,0.2196|256|0|1|1|1|1|0.1|1",
"P|Part|456.589,100.2936,115.7022,0,0,-1,-0.9639,-0.2661,0,-0.2661,0.9639,0|1.2816,6.7849,4.5497|0.9725,0.9725,0.9725|256|0|1|1|1|1|0|1",
"P|Part|456.5892,88.8824,66.7398,0,0,-1,0.5308,-0.8475,0,-0.8475,-0.5308,0|0.8691,4.6011,3.0853|0.9725,0.9725,0.9725|256|0|1|1|1|1|0|1",
"P|Part|456.5889,105.8215,43.3197,0,0,-1,-0.9932,0.1166,0,0.1166,0.9932,0|1.2816,6.7849,4.5497|0.9725,0.9725,0.9725|256|0|1|1|1|1|0|1",
"P|Part|456.5892,110.0092,29.5,0,0,-1,1,-0.0025,0,-0.0025,-1,0|0.8691,3.107,3.0853|0.9725,0.9725,0.9725|256|0|1|1|1|1|0.1|1",
"P|Part|-88.8882,150.6455,168.4316,-1,0,0,0,-1,0,0,0,1|14.6088,0.8522,14.6088|0.8745,0.8745,0.8706|256|0|1|1|1|1|0|1",
"P|Part|-88.8882,115.6452,164.682,-1,0,0,0,1,0,0,0,-1|2.1426,51.6178,1.0713|0.8745,0.8745,0.8706|256|0|1|1|1|1|0|1",
"P|Part|456.5892,100.3028,131.2417,0,0,-1,0.187,-0.9824,0,-0.9824,-0.187,0|0.5199,0.8181,4.424|0.9373,0.7216,0.2196|256|0|1|1|1|1|0.1|1",
"P|Part|456.589,77.8093,62.0824,0,0,-1,-0.4859,0.874,0,0.874,0.4859,0|1.2816,6.7849,4.5497|0.9725,0.9725,0.9725|256|0|1|1|1|1|0|1",
"P|Part|-129.6711,86.7928,-9.3091,0,0,1,0,1,0,-1,0,0|2.4348,6.087,1.2174|0.8745,0.8745,0.8706|256|0|1|1|1|1|0|1",
"P|Part|174.8546,150.0677,18.0554,0,1,0,1,0,0,0,0,-1|0.4577,13.5582,13.5582|0.9373,0.7216,0.2196|256|0|1|1|1|1|0.1|1",
"P|Part|456.5897,90.446,115.2655,0,0,-1,0.8728,0.488,0,0.488,-0.8728,0|1.2578,0.6176,7.1059|0.9725,0.9725,0.9725|256|0|1|1|1|1|0|1",
"P|Part|282.6891,118.1851,18.0511,0,1,0,1,0,0,0,0,-1|2.0061,3.0129,3.01|0.9373,0.7216,0.2196|256|0|1|1|1|1|0.1|1",
"P|Part|417.1078,153.3564,147.8668,0.7071,0,-0.7071,0,1,0,0.7071,0,0.7071|0.0481,0.6156,1.616|0.9373,0.7216,0.2196|256|0|1|1|1|1|0.1|1",
"P|Part|456.5892,106.0335,116.8071,0,0,-1,-0.9938,-0.1109,0,-0.1109,0.9938,0|1.2816,6.7849,4.5497|0.9725,0.9725,0.9725|256|0|1|1|1|1|0|1",
"P|Part|-189.3239,143.402,-9.3091,0,0,-1,0,1,0,1,0,0|2.4348,4.8696,1.2174|0.8745,0.8745,0.8706|256|0|1|1|1|1|0|1",
"P|Part|456.5893,107.6156,55.097,0,0,-1,-0.9949,0.1004,0,0.1004,0.9949,0|0.8691,4.6011,3.0853|0.9725,0.9725,0.9725|256|0|1|1|1|1|0|1",
"P|Part|394.549,149.4109,144.7148,0,0,-1,0,1,0,1,0,0|0.467,5.7054,0.9339|0.9373,0.7216,0.2196|256|0|1|1|1|1|0.1|1",
"P|Part|356.9493,159.5042,144.709,0,0,1,0,1,0,-1,0,0|0.467,5.7054,0.9339|0.9373,0.7216,0.2196|256|0|1|1|1|1|0.1|1",
"P|Part|456.5892,113.1981,29.5952,0,0,-1,0.9982,0.0606,0,0.0606,-0.9982,0|0.8691,3.107,3.0853|0.9725,0.9725,0.9725|256|0|1|1|1|1|0.1|1",
"P|Part|456.5893,152.3876,52.2887,0,0,-1,0.5491,0.8357,0,0.8357,-0.5491,0|0.8691,3.107,3.0853|0.9725,0.9725,0.9725|256|0|1|1|1|1|0.1|1",
"P|Part|456.589,82.9317,55.002,0,0,-1,0.6774,-0.7356,0,-0.7356,-0.6774,0|1.2816,6.7849,4.5497|0.9725,0.9725,0.9725|256|0|1|1|1|1|0|1",
"P|Part|456.5896,160.6514,82.0192,0,0,-1,-0.0389,0.9992,0,0.9992,0.0389,0|0.8691,3.107,3.0853|0.9725,0.9725,0.9725|256|0|1|1|1|1|0.1|1",
"P|Part|456.5893,132.9143,64.8848,0,0,-1,-0.5542,-0.8324,0,-0.8324,0.5542,0|0.8529,0.4188,4.8188|0.9725,0.9725,0.9725|256|0|1|1|1|1|0|1",
"P|Part|456.5894,150.4194,82.4058,0,0,-1,0.0584,-0.9983,0,-0.9983,-0.0584,0|1.2578,0.6176,7.1059|0.9725,0.9725,0.9725|256|0|1|1|1|1|0|1",
"P|Part|456.5894,80.7707,107.7168,0,0,-1,0.6858,0.7278,0,0.7278,-0.6858,0|1.2578,0.6176,7.1059|0.9725,0.9725,0.9725|256|0|1|1|1|1|0|1",
"P|Part|-214.2806,147.1759,165.5098,0,0,-1,0,1,0,1,0,0|2.9218,2.6783,1.4609|0.8745,0.8745,0.8706|256|0|1|1|1|1|0|1",
"P|Part|456.5892,134.7346,84.9276,0,0,-1,0.1945,-0.9809,0,-0.9809,-0.1945,0|0.8691,4.6011,3.0853|0.9725,0.9725,0.9725|256|0|1|1|1|1|0|1",
"P|Part|229.8093,107.9531,18.0568,0,1,0,1,0,0,0,0,-1|83.7597,1.5065,1.5065|0.9373,0.7216,0.2196|256|0|1|1|1|1|0.1|1",
"P|Part|456.5892,98.2339,129.1846,0,0,-1,0.9719,0.2354,0,0.2354,-0.9719,0|0.8691,3.107,3.0853|0.9725,0.9725,0.9725|256|0|1|1|1|1|0.1|1",
"P|Part|456.5892,84.3671,106.5798,0,0,-1,-0.7173,-0.6968,0,-0.6968,0.7173,0|1.2816,6.7849,4.5497|0.9725,0.9725,0.9725|256|0|1|1|1|1|0|1",
"P|Part|456.5889,135.6383,111.3223,0,0,-1,0.775,-0.632,0,-0.632,-0.775,0|1.2578,0.6176,7.1059|0.9725,0.9725,0.9725|256|0|1|1|1|1|0|1",
"P|Part|456.5893,70.2813,73.9035,0,0,-1,0.1523,-0.9883,0,-0.9883,-0.1523,0|1.2578,0.668,7.1059|0.9725,0.9725,0.9725|256|0|1|1|1|1|0|1",
"P|Part|335.9814,152.7408,13.7736,-0.7071,0,0.7071,0,-1,0,0.7071,0,0.7071|0.0481,0.6156,1.616|0.9373,0.7216,0.2196|256|0|1|1|1|1|0.1|1",
"P|Part|-159.4646,63.4224,81.3318,0,0,-1,0,1,0,1,0,0|43.7385,4.0374,171.5896|0.8745,0.8745,0.8706|256|0|1|1|1|1|0|1",
"P|Part|-88.8882,149.002,41.8218,-1,0,0,0,-1,0,0,0,1|12.174,2.4348,12.174|0.8745,0.8745,0.8706|256|0|1|1|1|1|0|1",
"P|Part|456.5894,132.4715,125.4166,0,0,-1,-0.8971,0.4418,0,0.4418,0.8971,0|0.8691,3.107,3.0853|0.9725,0.9725,0.9725|256|0|1|1|1|1|0.1|1",
"P|Part|456.5892,92.4851,129.1123,0,0,-1,0.3372,-0.9414,0,-0.9414,-0.3372,0|0.5199,0.8181,4.424|0.9373,0.7216,0.2196|256|0|1|1|1|1|0.1|1",
"P|Part|456.5892,111.8117,39.7584,0,0,-1,0.9991,0.0415,0,0.0415,-0.9991,0|1.2578,0.668,7.1059|0.9725,0.9725,0.9725|256|0|1|1|1|1|0|1",
"P|Part|328.7296,66.4674,141.3489,-0.7071,0,0.7071,0,1,0,-0.7071,0,-0.7071|0.0302,0.3862,1.0138|0.4196,0.1961,0.4863|256|0|1|1|1|1|0.1|1",
"P|Part|452.1967,129.4939,112.0192,1,0,0,0,0.866,0.5,0,-0.5,0.866|0.1432,1.8333,4.8125|0.4196,0.1961,0.4863|256|0|1|1|1|1|0.1|1",
"P|Part|456.5889,119.8002,30.4319,0,0,-1,0.9815,0.1912,0,0.1912,-0.9815,0|0.8691,3.107,3.0853|0.9725,0.9725,0.9725|256|0|1|1|1|1|0.1|1",
"P|Part|367.9618,118.1851,18.0511,0,1,0,1,0,0,0,0,-1|2.0061,3.0129,3.01|0.9373,0.7216,0.2196|256|0|1|1|1|1|0.1|1",
"P|Part|372.9913,82.1805,18.0569,0,-1,0,1,0,0,0,0,1|2.0061,3.0129,3.01|0.9373,0.7216,0.2196|256|0|1|1|1|1|0.1|1",
"P|Part|456.5893,112.0242,43.1167,0,0,-1,-0.9987,-0.0512,0,-0.0512,0.9987,0|1.2816,6.7849,4.5497|0.9725,0.9725,0.9725|256|0|1|1|1|1|0|1",
"P|Part|456.5893,132.1335,125.5654,0,0,-1,0.9003,-0.4352,0,-0.4352,-0.9003,0|0.8691,3.107,3.0853|0.9725,0.9725,0.9725|256|0|1|1|1|1|0.1|1",
"P|Part|20.6874,66.484,70.9448,0,0,-1,1,0,0,0,-1,0|13.9173,1.6212,10.3349|0.9725,0.9725,0.9725|256|0|1|1|1|1|0|1",
"P|Part|456.5894,136.3201,88.007,0,0,-1,0.2908,-0.9568,0,-0.9568,-0.2908,0|0.8529,0.4188,4.8188|0.9725,0.9725,0.9725|256|0|1|1|1|1|0|1",
"P|Part|456.5892,122.0894,30.9349,0,0,-1,0.9716,0.2365,0,0.2365,-0.9716,0|0.8691,3.107,3.0853|0.9725,0.9725,0.9725|256|0|1|1|1|1|0.1|1",
"P|Part|-137.8277,147.1759,-6.8743,0,0,-1,0,1,0,1,0,0|2.9218,2.6783,1.4609|0.8745,0.8745,0.8706|256|0|1|1|1|1|0|1",
"P|Part|456.5894,90.6181,44.7574,0,0,-1,0.8751,-0.484,0,-0.484,-0.8751,0|1.2578,0.668,7.1059|0.9725,0.9725,0.9725|256|0|1|1|1|1|0|1",
"P|Part|-159.2053,115.6452,-4.196,1,0,0,0,1,0,0,0,1|2.1426,51.6178,1.0713|0.8745,0.8745,0.8706|256|0|1|1|1|1|0|1",
"P|Part|456.5892,97.8244,41.6527,0,0,-1,0.9522,-0.3054,0,-0.3054,-0.9522,0|1.2578,0.668,7.1059|0.9725,0.9725,0.9725|256|0|1|1|1|1|0|1",
"P|Part|328.5552,65.9665,141.6,0.7071,0,0.7071,0,-1,0,0.7071,0,-0.7071|0.0481,0.6156,1.616|0.9373,0.7216,0.2196|256|0|1|1|1|1|0.1|1",
"P|Part|418.1486,66.4674,144.2243,1,0,0,0,1,0,0,0,1|0.0302,0.3862,1.0138|0.4196,0.1961,0.4863|256|0|1|1|1|1|0.1|1",
"P|Part|168.1332,123.5212,144.7136,0,0,1,0,1,0,-1,0,0|3.0129,4.7177,3.0129|0.9373,0.7216,0.2196|256|0|1|1|1|1|0.1|1",
"P|Part|456.5889,134.5113,107.8587,0,0,-1,0.752,-0.6592,0,-0.6592,-0.752,0|1.2816,6.7849,4.5497|0.9725,0.9725,0.9725|256|0|1|1|1|1|0|1",
"P|Part|456.5894,77.8974,55.8216,0,0,-1,0.6007,-0.7995,0,-0.7995,-0.6007,0|1.2578,0.668,7.1059|0.9725,0.9725,0.9725|256|0|1|1|1|1|0|1",
"P|Part|456.5894,141.1292,40.1081,0,0,-1,0.7896,0.6136,0,0.6136,-0.7896,0|0.9435,3.107,3.0853|0.9725,0.9725,0.9725|256|0|1|1|1|1|0.1|1",
"P|Part|456.5892,114.84,120.1202,0,0,-1,0.9932,-0.1166,0,-0.1166,-0.9932,0|1.2578,0.6176,7.1059|0.9725,0.9725,0.9725|256|0|1|1|1|1|0|1",
"P|Part|140.7311,160.1397,18.0568,0,0,-1,0,-1,0,-1,0,0|0.467,0.2547,0.9339|0.9373,0.7216,0.2196|256|0|1|1|1|1|0.1|1",
"P|Part|456.5892,116.7279,29.9327,0,0,-1,0.9915,0.1305,0,0.1305,-0.9915,0|0.8691,3.107,3.0853|0.9725,0.9725,0.9725|256|0|1|1|1|1|0.1|1",
"P|Part|240.3546,118.1851,18.0569,0,-1,0,1,0,0,0,0,1|2.0061,3.0129,3.01|0.9373,0.7216,0.2196|256|0|1|1|1|1|0.1|1",
"P|Part|-188.7151,143.402,171.4751,1,0,0,0,1,0,0,0,1|2.4348,4.8696,1.2174|0.8745,0.8745,0.8706|256|0|1|1|1|1|0|1",
"P|Part|272.1438,118.1851,18.0511,0,0,1,0,1,0,-1,0,0|3.0129,1.4035,31.6359|0.9373,0.7216,0.2196|256|0|1|1|1|1|0.1|1",
"P|Object.962f|-193.9493,106.2229,72.0019,0,0,-1,0,1,0,1,0,0|3.3187,0.6727,3.0289|0.9373,0.7216,0.2196|256|0|1|1|1|1|0|1",
"P|Part|219.264,118.1851,18.0568,0,-1,0,1,0,0,0,0,1|2.0061,3.0129,3.01|0.9373,0.7216,0.2196|256|0|1|1|1|1|0.1|1",
"P|Part|298.264,159.114,18.0568,0,-1,0,1,0,0,0,0,1|2.2924,0.5094,0.467|0.9373,0.7216,0.2196|256|0|1|1|1|1|0.1|1",
"P|Part|-160.7149,147.1759,171.3533,0,0,-1,0,1,0,1,0,0|2.9218,2.6783,1.4609|0.8745,0.8745,0.8706|256|0|1|1|1|1|0|1",
"P|Part|456.5892,93.7746,127.8945,0,0,-1,0.9462,0.3236,0,0.3236,-0.9462,0|0.8691,3.107,3.0853|0.9725,0.9725,0.9725|256|0|1|1|1|1|0.1|1",
"P|Part|253.0445,152.7408,12.765,0,0,1,0,-1,0,1,0,0|0.0481,0.6156,1.616|0.9373,0.7216,0.2196|256|0|1|1|1|1|0.1|1",
"P|Part|456.5892,109.297,105.1164,0,0,-1,-0.9994,-0.0335,0,-0.0335,0.9994,0|0.8691,4.6011,3.0853|0.9725,0.9725,0.9725|256|0|1|1|1|1|0|1",
"P|Part|456.5893,146.7199,74.6638,0,0,-1,-0.1456,-0.9893,0,-0.9893,0.1456,0|1.2816,6.7849,4.5497|0.9725,0.9725,0.9725|256|0|1|1|1|1|0|1",
"P|Part|332.8542,69.5,18.0549,0,1,0,1,0,0,0,0,-1|0.4577,12.0518,12.0518|0.9373,0.7216,0.2196|256|0|1|1|1|1|0.1|1",
"P|Part|456.5892,136.5904,35.2958,0,0,-1,0.5099,-0.8603,0,-0.8603,-0.5099,0|0.5199,0.8181,4.424|0.9373,0.7216,0.2196|256|0|1|1|1|1|0.1|1",
"P|Part|456.5896,76.7203,57.473,0,0,-1,0.5598,-0.8287,0,-0.8287,-0.5598,0|1.2578,0.668,7.1059|0.9725,0.9725,0.9725|256|0|1|1|1|1|0|1",
"P|Part|456.589,131.4988,66.9148,0,0,-1,-0.5237,-0.8519,0,-0.8519,0.5237,0|0.8691,4.6011,3.0853|0.9725,0.9725,0.9725|256|0|1|1|1|1|0|1",
"P|Part|456.5894,89.3686,126.154,0,0,-1,0.9118,0.4107,0,0.4107,-0.9118,0|0.8691,3.107,3.0853|0.9725,0.9725,0.9725|256|0|1|1|1|1|0.1|1",
"P|Part|187.8712,118.1851,18.0511,0,1,0,1,0,0,0,0,-1|2.0061,3.0129,3.01|0.9373,0.7216,0.2196|256|0|1|1|1|1|0.1|1",
"P|Part|456.5892,146.4079,87.2434,0,0,-1,0.1945,-0.9809,0,-0.9809,-0.1945,0|1.2816,6.7849,4.5497|0.9725,0.9725,0.9725|256|0|1|1|1|1|0|1",
"P|Part|456.5894,82.4735,55.5099,0,0,-1,-0.6637,0.748,0,0.748,0.6637,0|1.2816,6.7849,4.5497|0.9725,0.9725,0.9725|256|0|1|1|1|1|0|1",
"P|Part.8d1a|-193.9073,104.5223,87.9963,0,0,1,0,1,0,-1,0,0|3.3187,0.6727,3.0289|0.9373,0.7216,0.2196|256|0|1|1|1|1|0|1",
"P|Part|456.5892,116.6118,119.8716,0,0,-1,0.987,-0.1605,0,-0.1605,-0.987,0|1.2578,0.6176,7.1059|0.9725,0.9725,0.9725|256|0|1|1|1|1|0|1",
"P|Part|456.589,156.2751,104.0335,0,0,-1,-0.888,-0.4599,0,-0.4599,0.888,0|0.5199,0.8181,4.424|0.9373,0.7216,0.2196|256|0|1|1|1|1|0.1|1",
"P|Part|456.5897,96.3596,56.4246,0,0,-1,0.8638,-0.5038,0,-0.5038,-0.8638,0|0.8529,0.453,4.8188|0.9725,0.9725,0.9725|256|0|1|1|1|1|0|1",
"P|Part|456.5893,144.699,41.2251,0,0,-1,0.6655,-0.7464,0,-0.7464,-0.6655,0|0.5199,0.8181,4.424|0.9373,0.7216,0.2196|256|0|1|1|1|1|0.1|1",
"P|Part|169.5606,152.8554,17.566,-1,0,0,0,-1,0,0,0,1|0.0302,0.3862,1.0138|0.4196,0.1961,0.4863|256|0|1|1|1|1|0.1|1",
"P|Part|456.5894,96.4241,31.397,0,0,-1,0.9625,-0.2712,0,-0.2712,-0.9625,0|0.8691,3.107,3.0853|0.9725,0.9725,0.9725|256|0|1|1|1|1|0.1|1",
"P|Part|456.5893,102.9071,43.7809,0,0,-1,-0.9807,0.1954,0,0.1954,0.9807,0|1.2816,6.7849,4.5497|0.9725,0.9725,0.9725|256|0|1|1|1|1|0|1",
"P|Part|388.3425,154.9849,18.0568,0,0,1,0,1,0,-1,0,0|0.467,5.7054,0.9339|0.9373,0.7216,0.2196|256|0|1|1|1|1|0.1|1",
"P|Part|-230.1068,143.402,139.8226,-1,0,0,0,1,0,0,0,-1|2.4348,4.8696,1.2174|0.8745,0.8745,0.8706|256|0|1|1|1|1|0|1",
"P|Object.9456|-193.9073,104.0649,83.6384,0,0,1,0,1,0,-1,0,0|1.4573,0.0246,3.0289|0.9373,0.7216,0.2196|256|0|1|1|1|1|0|1",
"P|Part|456.5889,97.4192,55.8368,0,0,-1,0.8853,-0.465,0,-0.465,-0.8853,0|0.8529,0.453,4.8188|0.9725,0.9725,0.9725|256|0|1|1|1|1|0|1",
"P|Part|456.5892,151.0979,48.072,0,0,-1,-0.7886,0.615,0,0.615,0.7886,0|0.5199,0.8181,4.424|0.9373,0.7216,0.2196|256|0|1|1|1|1|0.1|1",
"P|Part|456.5893,119.5593,131.2819,0,0,-1,-0.1828,-0.9832,0,-0.9832,0.1828,0|0.5199,0.8181,4.424|0.9373,0.7216,0.2196|256|0|1|1|1|1|0.1|1",
"P|Part|456.5892,150.2425,75.6101,0,0,-1,-0.11,-0.9939,0,-0.9939,0.11,0|1.2578,0.6176,7.1059|0.9725,0.9725,0.9725|256|0|1|1|1|1|0|1",
"P|Part|-182.0194,143.402,168.4316,0,0,1,0,1,0,-1,0,0|2.4348,4.8696,1.2174|0.8745,0.8745,0.8706|256|0|1|1|1|1|0|1",
"P|Part|456.5894,89.6694,61.911,0,0,-1,0.6632,-0.7484,0,-0.7484,-0.6632,0|0.8529,0.453,4.8188|0.9725,0.9725,0.9725|256|0|1|1|1|1|0|1",
"P|Part|-186.2803,115.6452,172.1812,1,0,0,0,1,0,0,0,1|2.1426,51.6178,1.0713|0.8745,0.8745,0.8706|256|0|1|1|1|1|0|1",
"P|Part|266.4041,146.4309,144.709,0,0,1,0,-1,0,1,0,0|0.467,0.2547,0.9339|0.9373,0.7216,0.2196|256|0|1|1|1|1|0.1|1",
"P|Part|456.5897,110.5247,52.7073,0,0,-1,0.9999,0.0142,0,0.0142,-0.9999,0|0.8529,0.453,4.8188|0.9725,0.9725,0.9725|256|0|1|1|1|1|0|1",
"P|Part|20.6877,84.114,85.0807,0,0,-1,-1,0,0,0,1,0|0.1498,0.3434,2.189|0.9373,0.7216,0.2196|256|0|1|1|1|1|0.1|1",
"P|Part|125.1559,160.1397,18.0511,0,0,-1,0,-1,0,-1,0,0|0.467,0.2547,0.9339|0.9373,0.7216,0.2196|256|0|1|1|1|1|0.1|1",
"P|Part|-91.9317,143.402,44.2566,0,0,-1,0,1,0,1,0,0|2.4348,4.8696,1.2174|0.8745,0.8745,0.8706|256|0|1|1|1|1|0|1",
"P|Part|-157.0627,143.402,-11.1352,-1,0,0,0,1,0,0,0,-1|2.4348,4.8696,1.2174|0.8745,0.8745,0.8706|256|0|1|1|1|1|0|1",
"P|Part|456.5889,139.4821,57.5488,0,0,-1,-0.6084,-0.7936,0,-0.7936,0.6084,0|1.2816,6.7849,4.5497|0.9725,0.9725,0.9725|256|0|1|1|1|1|0|1",
"P|Part|336.2178,153.2417,148.8375,-0.7071,0,0.7071,0,1,0,-0.7071,0,-0.7071|0.0302,0.3862,1.0138|0.4196,0.1961,0.4863|256|0|1|1|1|1|0.1|1",
"P|Part|20.6879,78.2,86.3321,0,0,-1,-1,0,0,0,1,0|0.2256,0.5172,3.2973|0.9373,0.7216,0.2196|256|0|1|1|1|1|0.1|1",
"P|Part|456.5899,148.2903,93.1862,0,0,-1,0.3255,-0.9455,0,-0.9455,-0.3255,0|1.2578,0.6176,7.1059|0.9725,0.9725,0.9725|256|0|1|1|1|1|0|1",
"P|Part|456.5892,158.1582,60.2009,0,0,-1,-0.9242,0.382,0,0.382,0.9242,0|0.5199,0.8181,4.424|0.9373,0.7216,0.2196|256|0|1|1|1|1|0.1|1",
"P|Part|456.5894,128.9024,115.7738,0,0,-1,0.8853,-0.465,0,-0.4651,-0.8853,0|1.2578,0.6176,7.1059|0.9725,0.9725,0.9725|256|0|1|1|1|1|0|1",
"P|Part|456.5893,147.0245,82.6308,0,0,-1,0.0697,-0.9976,0,-0.9976,-0.0697,0|1.2816,6.7849,4.5497|0.9725,0.9725,0.9725|256|0|1|1|1|1|0|1",
"P|Part|-85.9664,147.1759,140.4313,-1,0,0,0,1,0,0,0,-1|2.9218,2.6783,1.4609|0.8745,0.8745,0.8706|256|0|1|1|1|1|0|1",
"P|Part|456.5894,130.5689,127.9454,0,0,-1,-0.3942,-0.919,0,-0.919,0.3942,0|0.5199,0.8181,4.424|0.9373,0.7216,0.2196|256|0|1|1|1|1|0.1|1",
"P|Part|145.5366,118.1851,144.7148,0,-1,0,1,0,0,0,0,1|2.0061,3.0129,3.01|0.9373,0.7216,0.2196|256|0|1|1|1|1|0.1|1",
"P|Part|412.3458,66.4674,12.7094,0,0,1,0,1,0,-1,0,0|0.0302,0.3862,1.0138|0.4196,0.1961,0.4863|256|0|1|1|1|1|0.1|1",
"P|Part|259.1486,66.4674,18.5801,-1,0,0,0,1,0,0,0,-1|0.0302,0.3862,1.0138|0.4196,0.1961,0.4863|256|0|1|1|1|1|0.1|1",
"P|Part|456.5892,86.0268,126.2927,0,0,-1,0.4612,-0.8873,0,-0.8873,-0.4612,0|0.5199,0.8181,4.424|0.9373,0.7216,0.2196|256|0|1|1|1|1|0.1|1",
"P|Part|332.0438,66.5821,149.9476,0,0,1,0,1,0,-1,0,0|0.0481,0.6156,1.616|0.9373,0.7216,0.2196|256|0|1|1|1|1|0.1|1",
"P|Part|456.5896,137.2295,76.2151,0,0,-1,-0.1401,-0.9901,0,-0.9901,0.1401,0|0.8529,0.4188,4.8188|0.9725,0.9725,0.9725|256|0|1|1|1|1|0|1",
"P|Part|456.589,147.289,95.7972,0,0,-1,0.3902,-0.9207,0,-0.9207,-0.3902,0|1.2578,0.6176,7.1059|0.9725,0.9725,0.9725|256|0|1|1|1|1|0|1",
"M|Part|84.2884,179.9627,15.8927,-1,0,0,0,0.9962,0.0872,0,0.0872,-0.9962|13.2891,13.2891,6.6446|0.6392,0.6353,0.6471|256|0|0|1|1|1|0|1|rbxassetid://7095981688|",
"P|Part|456.589,106.6242,104.8836,0,0,-1,-0.9901,-0.14,0,-0.14,0.9901,0|0.8691,4.6011,3.0853|0.9725,0.9725,0.9725|256|0|1|1|1|1|0|1",
"P|Part|456.589,86.0356,33.888,0,0,-1,-0.4611,-0.8874,0,-0.8874,0.4611,0|0.5199,0.8181,4.424|0.9373,0.7216,0.2196|256|0|1|1|1|1|0.1|1",
"P|Part|456.5893,130.7316,62.0538,0,0,-1,0.6581,0.7529,0,0.7529,-0.6581,0|0.8529,0.453,4.8188|0.9725,0.9725,0.9725|256|0|1|1|1|1|0|1",
"P|Part|456.5893,113.2065,28.1179,0,0,-1,0.0608,-0.9982,0,-0.9982,-0.0608,0|0.5199,0.8181,4.424|0.9373,0.7216,0.2196|256|0|1|1|1|1|0.1|1",
"P|Part|249.7296,66.0812,141.3488,0.7071,0,0.7071,0,-1,0,0.7071,0,-0.7071|0.0302,0.3862,1.0138|0.4196,0.1961,0.4863|256|0|1|1|1|1|0.1|1",
"P|Part|418.1486,152.8554,17.5663,-1,0,0,0,-1,0,0,0,1|0.0302,0.3862,1.0138|0.4196,0.1961,0.4863|256|0|1|1|1|1|0.1|1",
"P|Part|456.5893,100.724,103.2973,0,0,-1,-0.9269,-0.3753,0,-0.3753,0.9269,0|0.8691,4.6011,3.0853|0.9725,0.9725,0.9725|256|0|1|1|1|1|0|1",
"P|Part|145.5366,82.1805,18.0568,0,-1,0,1,0,0,0,0,1|2.0061,3.0129,3.01|0.9373,0.7216,0.2196|256|0|1|1|1|1|0.1|1",
"P|Part|332.8539,156.6846,18.0542,0,1,0,1,0,0,0,0,-1|0.4577,12.0518,12.0518|0.9373,0.7216,0.2196|256|0|1|1|1|1|0.1|1",
"P|Part|-88.8882,143.402,21.7347,1,0,0,0,1,0,0,0,1|2.4348,4.8696,1.2174|0.8745,0.8745,0.8706|256|0|1|1|1|1|0|1",
"P|Part|456.5893,122.3502,118.5039,0,0,-1,0.9531,-0.3027,0,-0.3027,-0.9531,0|1.2578,0.6176,7.1059|0.9725,0.9725,0.9725|256|0|1|1|1|1|0|1",
"P|Part|174.3455,152.8554,23.3463,0,0,1,0,-1,0,1,0,0|0.0302,0.3862,1.0138|0.4196,0.1961,0.4863|256|0|1|1|1|1|0.1|1",
"P|Part|170.7296,66.4674,14.6909,-0.7071,0,0.7071,0,1,0,-0.7071,0,-0.7071|0.0302,0.3862,1.0138|0.4196,0.1961,0.4863|256|0|1|1|1|1|0.1|1",
"P|Part|456.5893,119.5924,54.3891,0,0,-1,0.9383,0.3458,0,0.3458,-0.9383,0|0.8529,0.453,4.8188|0.9725,0.9725,0.9725|256|0|1|1|1|1|0|1",
"P|Part|456.5892,146.5476,44.9761,0,0,-1,0.6937,0.7202,0,0.7202,-0.6937,0|0.8691,3.107,3.0853|0.9725,0.9725,0.9725|256|0|1|1|1|1|0.1|1",
"P|Part|456.5892,111.9927,130.5706,0,0,-1,0.9993,-0.0368,0,-0.0368,-0.9993,0|0.8691,3.107,3.0853|0.9725,0.9725,0.9725|256|0|1|1|1|1|0.1|1",
"P|Part|456.5896,96.1236,114.2727,0,0,-1,0.9254,0.3789,0,0.3789,-0.9254,0|1.2816,6.7849,4.5497|0.9725,0.9725,0.9725|256|0|1|1|1|1|0|1",
"P|Part|456.5893,93.3189,32.3799,0,0,-1,0.9431,-0.3326,0,-0.3326,-0.9431,0|0.8691,3.107,3.0853|0.9725,0.9725,0.9725|256|0|1|1|1|1|0.1|1",
"P|Part|341.1314,143.0838,144.7091,0,0,1,0,1,0,-1,0,0|0.467,5.7054,0.9339|0.9373,0.7216,0.2196|256|0|1|1|1|1|0.1|1",
"P|Part|412.0438,153.3564,23.2896,0,0,1,0,1,0,-1,0,0|0.0481,0.6156,1.616|0.9373,0.7216,0.2196|256|0|1|1|1|1|0.1|1",
"P|Part|456.5889,97.974,29.4353,0,0,-1,-0.2317,-0.9728,0,-0.9728,0.2317,0|0.5199,0.8181,4.424|0.9373,0.7216,0.2196|256|0|1|1|1|1|0.1|1",
"P|Part|456.5892,141.9342,40.7462,0,0,-1,0.7774,0.629,0,0.629,-0.7774,0|0.8691,3.107,3.0853|0.9725,0.9725,0.9725|256|0|1|1|1|1|0.1|1",
"P|Part|456.589,156.6064,103.419,0,0,-1,0.8941,0.4479,0,0.4479,-0.8941,0|0.5199,0.8181,4.424|0.9373,0.7216,0.2196|256|0|1|1|1|1|0.1|1",
"P|Part|456.5893,142.7277,56.258,0,0,-1,-0.5896,-0.8077,0,-0.8077,0.5896,0|1.2578,0.6176,7.1059|0.9725,0.9725,0.9725|256|0|1|1|1|1|0|1",
"P|Part|456.5894,143.5377,118.0122,0,0,-1,-0.7507,0.6607,0,0.6607,0.7507,0|0.8691,3.107,3.0853|0.9725,0.9725,0.9725|256|0|1|1|1|1|0.1|1",
"P|Part|456.5894,88.2126,96.3926,0,0,-1,-0.5977,-0.8017,0,-0.8017,0.5977,0|0.8529,0.453,4.8188|0.9725,0.9725,0.9725|256|0|1|1|1|1|0|1",
"P|Part|456.5893,89.0585,93.641,0,0,-1,-0.5419,-0.8405,0,-0.8405,0.5419,0|0.8691,4.6011,3.0853|0.9725,0.9725,0.9725|256|0|1|1|1|1|0|1",
"P|Part|456.5896,70.5639,72.2866,0,0,-1,0.1924,-0.9813,0,-0.9813,-0.1924,0|1.2578,0.668,7.1059|0.9725,0.9725,0.9725|256|0|1|1|1|1|0|1",
"P|Part|456.5892,157.8164,59.3659,0,0,-1,0.9174,-0.398,0,-0.398,-0.9174,0|0.5199,0.8181,4.424|0.9373,0.7216,0.2196|256|0|1|1|1|1|0.1|1",
"P|Part|456.5893,142.4646,118.9309,0,0,-1,-0.7688,0.6394,0,0.6394,0.7689,0|0.8691,3.107,3.0853|0.9725,0.9725,0.9725|256|0|1|1|1|1|0.1|1",
"P|Part|456.5892,113.6699,52.9335,0,0,-1,0.9916,0.1292,0,0.1292,-0.9916,0|0.8529,0.453,4.8188|0.9725,0.9725,0.9725|256|0|1|1|1|1|0|1",
"P|Part|456.5894,144.7549,118.9157,0,0,-1,0.6665,0.7455,0,0.7455,-0.6665,0|0.5199,0.8181,4.424|0.9373,0.7216,0.2196|256|0|1|1|1|1|0.1|1",
"P|Part|456.5893,136.4885,72.6759,0,0,-1,-0.2694,-0.963,0,-0.963,0.2694,0|0.8529,0.4188,4.8188|0.9725,0.9725,0.9725|256|0|1|1|1|1|0|1",
"P|Part|456.5893,162.0308,77.0565,0,0,-1,0.9983,-0.0583,0,-0.0583,-0.9983,0|0.5199,0.8181,4.424|0.9373,0.7216,0.2196|256|0|1|1|1|1|0.1|1",
"P|Part|-234.3677,143.402,144.0835,0,0,-1,0,1,0,1,0,0|2.4348,4.8696,1.2174|0.8745,0.8745,0.8706|256|0|1|1|1|1|0|1",
"P|Part|-159.4646,69.4786,143.5751,0,0,-1,0,1,0,1,0,0|80.748,8.0748,171.5896|0.8745,0.8745,0.8706|256|0|1|1|1|1|0|1",
"S|Part.0bd1|-185.0074,97.7643,79.9439,0,0,-1,0,1,0,1,0,0|6.8309,0.6831,6.8309|1,0,0|256|1|1|1|1|1|0|1",
"P|Part|456.5893,122.1023,129.1676,0,0,-1,0.9716,-0.2368,0,-0.2368,-0.9716,0|0.8691,3.107,3.0853|0.9725,0.9725,0.9725|256|0|1|1|1|1|0.1|1",
"P|Part|456.5892,137.0485,75.0969,0,0,-1,-0.181,-0.9835,0,-0.9835,0.181,0|0.8529,0.4188,4.8188|0.9725,0.9725,0.9725|256|0|1|1|1|1|0|1",
"P|Part|456.5892,146.6126,117.1703,0,0,-1,0.7022,0.712,0,0.712,-0.7022,0|0.5199,0.8181,4.424|0.9373,0.7216,0.2196|256|0|1|1|1|1|0.1|1",
"P|Part|456.5896,128.4764,127.1577,0,0,-1,0.9318,-0.3629,0,-0.3629,-0.9318,0|0.8691,3.107,3.0853|0.9725,0.9725,0.9725|256|0|1|1|1|1|0.1|1",
"P|Part|253.8539,155.7692,18.0542,0,1,0,1,0,0,0,0,-1|0.4577,12.0518,12.0518|0.9373,0.7216,0.2196|256|0|1|1|1|1|0.1|1",
"P|Part|-88.8882,150.6455,41.8218,-1,0,0,0,-1,0,0,0,1|14.6088,0.8522,14.6088|0.8745,0.8745,0.8706|256|0|1|1|1|1|0|1",
"P|Part|-230.1068,86.7928,148.3445,1,0,0,0,1,0,0,0,1|2.4348,6.087,1.2174|0.8745,0.8745,0.8706|256|0|1|1|1|1|0|1",
"P|Part|456.5892,91.1672,63.6426,0,0,-1,-0.6543,0.7563,0,0.7563,0.6543,0|0.8691,4.6011,3.0853|0.9725,0.9725,0.9725|256|0|1|1|1|1|0|1",
"P|Part|169.6157,153.3564,18.8797,-1,0,0,0,1,0,0,0,-1|0.0481,0.6156,1.616|0.9373,0.7216,0.2196|256|0|1|1|1|1|0.1|1",
"P|Part|407.5603,153.2417,18.5797,-1,0,0,0,1,0,0,0,-1|0.0302,0.3862,1.0138|0.4196,0.1961,0.4863|256|0|1|1|1|1|0.1|1",
"P|Part|456.5892,107.2151,107.2522,0,0,-1,0.9943,0.1068,0,0.1068,-0.9943,0|0.8529,0.4188,4.8188|0.9725,0.9725,0.9725|256|0|1|1|1|1|0|1",
"P|Part|18.9405,73.3255,80.8627,0,-0.7071,-0.7071,1,0,0,0,-0.7071,0.7071|0.1498,0.3434,2.189|0.9373,0.7216,0.2196|256|0|1|1|1|1|0.1|1",
"P|Part|250.716,66.5821,148.982,-0.7071,0,-0.7071,0,1,0,0.7071,0,-0.7071|0.0481,0.6156,1.616|0.9373,0.7216,0.2196|256|0|1|1|1|1|0.1|1",
"P|Part|214.1422,162.127,18.0568,0,-1,0,1,0,0,0,0,1|2.2924,0.5094,0.467|0.9373,0.7216,0.2196|256|0|1|1|1|1|0.1|1",
"P|Part|456.5894,76.5698,102.3957,0,0,-1,-0.5542,-0.8324,0,-0.8324,0.5542,0|1.2578,0.668,7.1059|0.9725,0.9725,0.9725|256|0|1|1|1|1|0|1",
"P|Part|456.5894,146.4536,73.1029,0,0,-1,0.1879,0.9822,0,0.9822,-0.1879,0|1.2816,6.7849,4.5497|0.9725,0.9725,0.9725|256|0|1|1|1|1|0|1",
"P|Part|456.5893,145.6789,99.16,0,0,-1,0.4736,-0.8808,0,-0.8808,-0.4736,0|1.2578,0.6176,7.1059|0.9725,0.9725,0.9725|256|0|1|1|1|1|0|1",
"P|Part|456.5893,136.874,124.7273,0,0,-1,0.5152,0.8571,0,0.8571,-0.5152,0|0.5199,0.8181,4.424|0.9373,0.7216,0.2196|256|0|1|1|1|1|0.1|1",
"P|Part|456.5893,159.802,95.4117,0,0,-1,-0.9557,-0.2943,0,-0.2943,0.9557,0|0.5199,0.8181,4.424|0.9373,0.7216,0.2196|256|0|1|1|1|1|0.1|1",
"P|Part|456.5892,89.2989,62.3352,0,0,-1,0.6476,-0.7619,0,-0.7619,-0.6476,0|0.8529,0.453,4.8188|0.9725,0.9725,0.9725|256|0|1|1|1|1|0|1",
"P|Part|456.5892,157.0047,99.0039,0,0,-1,-0.3748,0.9271,0,0.9271,0.3748,0|0.8691,3.107,3.0853|0.9725,0.9725,0.9725|256|0|1|1|1|1|0.1|1",
"P|Part|456.589,115.0363,104.6468,0,0,-1,-0.9807,0.1954,0,0.1954,0.9807,0|0.8691,4.6011,3.0853|0.9725,0.9725,0.9725|256|0|1|1|1|1|0|1",
"P|Part|456.5893,98.1871,55.4488,0,0,-1,0.8995,-0.437,0,-0.437,-0.8995,0|0.8529,0.453,4.8188|0.9725,0.9725,0.9725|256|0|1|1|1|1|0|1",
"P|Part|170.5734,153.3564,21.1811,0.7071,0,0.7071,0,1,0,-0.7071,0,0.7071|0.0481,0.6156,1.616|0.9373,0.7216,0.2196|256|0|1|1|1|1|0.1|1",
"P|Part|456.5892,112.6784,55.0994,0,0,-1,-0.9948,-0.1015,0,-0.1015,0.9948,0|0.8691,4.6011,3.0853|0.9725,0.9725,0.9725|256|0|1|1|1|1|0|1",
"P|Part|456.5893,113.0217,43.1809,0,0,-1,-0.9969,-0.0781,0,-0.0781,0.9969,0|1.2816,6.7849,4.5497|0.9725,0.9725,0.9725|256|0|1|1|1|1|0|1",
"P|Part|456.5893,136.3094,88.0374,0,0,-1,0.2919,-0.9564,0,-0.9564,-0.2919,0|0.8529,0.4188,4.8188|0.9725,0.9725,0.9725|256|0|1|1|1|1|0|1",
"P|EP2|16.6872,79.4279,78.5582,0,0.7071,-0.7071,1,0,0,0,-0.7071,-0.7071|0.8512,3.4967,0.8512|0.9725,0.9725,0.9725|256|1|0|1|1|1|0|0|AT:Attachment:0,0,0,0,0,0|PE:ParticleEmitter:rbxassetid://277916207:1:20:1:1:1.1502:1.1502",
"P|Part|456.5893,92.6615,98.0405,0,0,-1,-0.7173,-0.6968,0,-0.6968,0.7173,0|0.8691,4.6011,3.0853|0.9725,0.9725,0.9725|256|0|1|1|1|1|0|1",
"P|Part|456.5893,113.6145,104.8853,0,0,-1,0.9903,-0.1387,0,-0.1387,-0.9903,0|0.8691,4.6011,3.0853|0.9725,0.9725,0.9725|256|0|1|1|1|1|0|1",
"P|Part|456.5893,93.606,101.851,0,0,-1,0.7969,0.6042,0,0.6042,-0.7969,0|0.8529,0.4188,4.8188|0.9725,0.9725,0.9725|256|0|1|1|1|1|0|1",
"P|Part|287.9618,118.1851,144.709,0,1,0,1,0,0,0,0,-1|2.0061,3.0129,3.01|0.9373,0.7216,0.2196|256|0|1|1|1|1|0.1|1",
"P|Part|456.5894,148.3105,93.1348,0,0,-1,0.3243,-0.946,0,-0.946,-0.3243,0|1.2578,0.6176,7.1059|0.9725,0.9725,0.9725|256|0|1|1|1|1|0|1",
"P|Part|319.8217,140.1037,144.7148,0,0,-1,0,-1,0,-1,0,0|0.467,0.2547,0.9339|0.9373,0.7216,0.2196|256|0|1|1|1|1|0.1|1",
"P|Part|456.5893,147.0983,81.1485,0,0,-1,0.0297,-0.9996,0,-0.9996,-0.0297,0|1.2816,6.7849,4.5497|0.9725,0.9725,0.9725|256|0|1|1|1|1|0|1",
"P|Part|-230.1068,147.1759,12.3607,-1,0,0,0,1,0,0,0,-1|2.9218,2.6783,1.4609|0.8745,0.8745,0.8706|256|0|1|1|1|1|0|1",
"P|Part|456.5893,87.0139,65.447,0,0,-1,0.5339,-0.8455,0,-0.8455,-0.5339,0|0.8529,0.453,4.8188|0.9725,0.9725,0.9725|256|0|1|1|1|1|0|1",
"P|Part|256.9651,153.3564,149.0093,-0.7071,0,0.7071,0,1,0,-0.7071,0,-0.7071|0.0481,0.6156,1.616|0.9373,0.7216,0.2196|256|0|1|1|1|1|0.1|1",
"P|Part|183.0652,143.0838,18.0511,0,0,-1,0,1,0,1,0,0|0.467,5.7054,0.9339|0.9373,0.7216,0.2196|256|0|1|1|1|1|0.1|1",
"P|Part|456.5893,140.9651,100.4709,0,0,-1,0.5522,-0.8337,0,-0.8337,-0.5522,0|1.2816,6.7849,4.5497|0.9725,0.9725,0.9725|256|0|1|1|1|1|0|1",
"P|Part|-88.8882,86.7928,21.7347,1,0,0,0,1,0,0,0,1|2.4348,6.087,1.2174|0.8745,0.8745,0.8706|256|0|1|1|1|1|0|1",
"P|Part|456.5893,143.7848,95.3853,0,0,-1,0.4147,-0.91,0,-0.91,-0.4147,0|1.2816,6.7849,4.5497|0.9725,0.9725,0.9725|256|0|1|1|1|1|0|1",
"P|Part|456.5892,79.1622,105.9029,0,0,-1,0.6408,0.7677,0,0.7677,-0.6408,0|1.2578,0.6176,7.1059|0.9725,0.9725,0.9725|256|0|1|1|1|1|0|1",
"P|Part|456.589,161.6991,86.7006,0,0,-1,0.9919,0.1269,0,0.1269,-0.9919,0|0.5199,0.8181,4.424|0.9373,0.7216,0.2196|256|0|1|1|1|1|0.1|1",
"P|Part|456.5893,121.4757,57.6809,0,0,-1,-0.8919,-0.4522,0,-0.4522,0.8919,0|0.8691,4.6011,3.0853|0.9725,0.9725,0.9725|256|0|1|1|1|1|0|1",
"P|Part|456.5892,92.2935,97.6753,0,0,-1,-0.7027,-0.7115,0,-0.7115,0.7027,0|0.8691,4.6011,3.0853|0.9725,0.9725,0.9725|256|0|1|1|1|1|0|1",
"P|Part|-132.7147,143.402,-2.6134,1,0,0,0,1,0,0,0,1|2.4348,4.8696,1.2174|0.8745,0.8745,0.8706|256|0|1|1|1|1|0|1",
"P|Part|456.5894,144.959,59.6605,0,0,-1,-0.5053,-0.8629,0,-0.863,0.5053,0|1.2578,0.6176,7.1059|0.9725,0.9725,0.9725|256|0|1|1|1|1|0|1",
"P|Part|456.5894,120.882,118.9378,0,0,-1,0.9639,-0.2663,0,-0.2663,-0.9639,0|1.2578,0.6176,7.1059|0.9725,0.9725,0.9725|256|0|1|1|1|1|0|1",
"P|Part|456.5892,118.5607,116.0634,0,0,-1,-0.9737,0.2278,0,0.2278,0.9737,0|1.2816,6.7849,4.5497|0.9725,0.9725,0.9725|256|0|1|1|1|1|0|1",
"P|Part|456.5894,91.8895,100.4355,0,0,-1,0.7451,0.6669,0,0.6669,-0.7451,0|0.8529,0.4188,4.8188|0.9725,0.9725,0.9725|256|0|1|1|1|1|0|1",
"P|Part|338.0926,153.3564,143.922,1,0,0,0,1,0,0,0,1|0.0481,0.6156,1.616|0.9373,0.7216,0.2196|256|0|1|1|1|1|0.1|1",
"P|Part|456.5892,123.1621,128.8956,0,0,-1,0.9662,-0.2577,0,-0.2577,-0.9662,0|0.8691,3.107,3.0853|0.9725,0.9725,0.9725|256|0|1|1|1|1|0.1|1",
"P|Part|328.5552,66.5821,141.6,-0.7071,0,0.7071,0,1,0,-0.7071,0,-0.7071|0.0481,0.6156,1.616|0.9373,0.7216,0.2196|256|0|1|1|1|1|0.1|1",
"P|Part|-91.0308,115.6452,14.7955,-1,0,0,0,1,0,0,0,-1|2.1426,51.6178,1.0713|0.8745,0.8745,0.8706|256|0|1|1|1|1|0|1",
"P|Part|407.6376,109.5029,20.2313,0,0.7071,0.7071,1,0,0,0,0.7071,-0.7071|92.9902,0.6058,0.6058|0.9373,0.7216,0.2196|256|0|1|1|1|1|0.1|1",
"P|Part|456.5893,102.5289,56.1517,0,0,-1,-0.9529,0.3032,0,0.3032,0.9529,0|0.8691,4.6011,3.0853|0.9725,0.9725,0.9725|256|0|1|1|1|1|0|1",
"P|Part|-92.5404,147.1759,116.8138,0,0,-1,0,1,0,1,0,0|2.9218,2.6783,1.4609|0.8745,0.8745,0.8706|256|0|1|1|1|1|0|1",
"P|Part|456.589,80.4395,58.0047,0,0,-1,-0.5962,0.8029,0,0.8029,0.5962,0|1.2816,6.7849,4.5497|0.9725,0.9725,0.9725|256|0|1|1|1|1|0|1",
}

-- Auto-generated MapSpawner LocalScript
-- Creates map parts entirely from code - no Workspace or ReplicatedStorage parts needed

local function getMaterial(num)
    local ok, mat = pcall(function() return Enum.Material:GetEnumItem(num) end)
    if ok and mat then return mat end
    return Enum.Material.Plastic
end

local function buildCFrame(cf)
    return CFrame.new(cf[1],cf[2],cf[3],cf[4],cf[5],cf[6],cf[7],cf[8],cf[9],cf[10],cf[11],cf[12])
end

local function split(str, sep)
    local parts = {}
    for s in str:gmatch("[^" .. sep .. "]+") do
        table.insert(parts, s)
    end
    return parts
end

local function splitNum(str)
    local parts = {}
    for s in str:gmatch("[^,]+") do
        table.insert(parts, tonumber(s) or 0)
    end
    return parts
end

-- Ensure the model exists
local model = workspace:FindFirstChild("MyCustomMap")
if not model then
    model = Instance.new("Model")
    model.Name = "MyCustomMap"
    model.Parent = workspace
end

local count = 0
for _, line in ipairs(DATA) do
    local f = split(line, "|")
    local cn = f[1]
    local name = f[2]
    local cf = splitNum(f[3])
    local sz = splitNum(f[4])
    local col = splitNum(f[5])
    local matNum = tonumber(f[6]) or 256
    local trans = tonumber(f[7]) or 0
    local cc = f[8] == "1"
    local cq = f[9] == "1"
    local ct = f[10] == "1"
    local anchored = f[11] == "1"
    local ref = tonumber(f[12]) or 0
    local cs = f[13] == "1"
    
    local actualClass = "Part"
    if cn == "M" then actualClass = "MeshPart"
    elseif cn == "U" then actualClass = "Part"
    elseif cn == "S" then actualClass = "Seat"
    elseif cn == "L" then actualClass = "SpawnLocation"
    elseif cn == "W" then actualClass = "WedgePart"
    elseif cn == "C" then actualClass = "CornerWedgePart"
    elseif cn == "T" then actualClass = "TrussPart"
    end
    
    local part = Instance.new(actualClass)
    part.Name = name
    part.CFrame = buildCFrame(cf)
    part.Size = Vector3.new(sz[1], sz[2], sz[3])
    part.Color = Color3.new(col[1], col[2], col[3])
    part.Material = getMaterial(matNum)
    part.Transparency = trans
    part.CanCollide = cc
    part.CanQuery = cq
    part.CanTouch = ct
    part.Anchored = anchored
    part.Reflectance = ref
    part.CastShadow = cs
    
    local idx = 14
    if cn == "M" then
        local mid = f[14] or ""
        local tid = f[15] or ""
        if mid ~= "" then part.MeshId = mid end
        if tid ~= "" then part.TextureId = tid end
        idx = 16
    end
    
    -- Children
    for i = idx, #f do
        local childStr = f[i]
        if childStr:sub(1, 3) == "SM:" then
            local cf2 = split(childStr:sub(4), ":")
            local mesh = Instance.new("SpecialMesh")
            mesh.Name = cf2[1] or "Mesh"
            mesh.MeshId = cf2[2] or ""
            mesh.TextureId = cf2[3] or ""
            local mt = cf2[4] or "Brick"
            if mt == "FileMesh" then mesh.MeshType = Enum.MeshType.FileMesh
            elseif mt == "Head" then mesh.MeshType = Enum.MeshType.Head
            elseif mt == "Sphere" then mesh.MeshType = Enum.MeshType.Sphere
            elseif mt == "Cylinder" then mesh.MeshType = Enum.MeshType.Cylinder
            elseif mt == "Brick" then mesh.MeshType = Enum.MeshType.Brick
            elseif mt == "Wedge" then mesh.MeshType = Enum.MeshType.Wedge
            elseif mt == "Torso" then mesh.MeshType = Enum.MeshType.Torso
            else mesh.MeshType = Enum.MeshType.Brick end
            local sc = splitNum(cf2[5] or "1,1,1")
            local of = splitNum(cf2[6] or "0,0,0")
            mesh.Scale = Vector3.new(sc[1],sc[2],sc[3])
            mesh.Offset = Vector3.new(of[1],of[2],of[3])
            mesh.Parent = part
        elseif childStr:sub(1, 3) == "CM:" then
            local cf2 = split(childStr:sub(4), ":")
            local mesh = Instance.new("CylinderMesh")
            mesh.Name = cf2[1] or "Mesh"
            local sc = splitNum(cf2[2] or "1,1,1")
            local of = splitNum(cf2[3] or "0,0,0")
            mesh.Scale = Vector3.new(sc[1],sc[2],sc[3])
            mesh.Offset = Vector3.new(of[1],of[2],of[3])
            mesh.Parent = part
        elseif childStr:sub(1, 3) == "AT:" then
            local cf2 = split(childStr:sub(4), ":")
            local att = Instance.new("Attachment")
            att.Name = cf2[1] or "Attachment"
            local v = splitNum(cf2[2] or "0,0,0,0,0,0")
            att.CFrame = CFrame.new(v[1],v[2],v[3]) * CFrame.Angles(v[4],v[5],v[6])
            att.Parent = part
        elseif childStr:sub(1, 3) == "PE:" then
            local cf2 = split(childStr:sub(4), ":")
            local pe = Instance.new("ParticleEmitter")
            pe.Name = cf2[1] or "ParticleEmitter"
            pe.Texture = cf2[2] or ""
            pe.Enabled = cf2[3] == "1"
            pe.Rate = tonumber(cf2[4]) or 0
            local ltMin, ltMax = tonumber(cf2[5]) or 0, tonumber(cf2[6]) or 0
            local spMin, spMax = tonumber(cf2[7]) or 0, tonumber(cf2[8]) or 0
            pe.Lifetime = NumberRange.new(ltMin, ltMax)
            pe.Speed = NumberRange.new(spMin, spMax)
            pe.Parent = part
        elseif childStr:sub(1, 3) == "BM:" then
            local cf2 = split(childStr:sub(4), ":")
            local beam = Instance.new("Beam")
            beam.Name = cf2[1] or "Beam"
            beam.Texture = cf2[2] or ""
            beam.Width0 = tonumber(cf2[3]) or 0
            beam.Width1 = tonumber(cf2[4]) or 0
            beam.Parent = part
        end
    end
    
    if cn == "L" then
        part.Parent = workspace
    else
        part.Parent = model
    end
    
    count = count + 1
end

print("[MapSpawner] Created " .. count .. " parts")
