local DATA = {
"P|Part|257.9515,66.4674,141.3231,-0.7071,0,-0.7071,0,1,0,0.7071,0,-0.7071|0.0302,0.3862,1.0138|0.4196,0.1961,0.4863|256|0|1|1|1|1|0.1|1",
"P|Part|456.5892,109.8348,132.1565,0,0,-1,-0.004,1,0,1,0.004,0|0.5199,0.8181,4.424|0.9373,0.7216,0.2196|256|0|1|1|1|1|0.1|1",
"P|Part|261.1314,143.0838,18.0511,0,0,1,0,1,0,-1,0,0|0.467,5.7054,0.9339|0.9373,0.7216,0.2196|256|0|1|1|1|1|0.1|1",
"P|Part|456.5894,123.3354,130.4356,0,0,-1,-0.2553,-0.9669,0,-0.9669,0.2553,0|0.5199,0.8181,4.424|0.9373,0.7216,0.2196|256|0|1|1|1|1|0.1|1",
"P|Part|456.5892,104.9615,29.7658,0,0,-1,0.9948,-0.1023,0,-0.1023,-0.9948,0|0.8691,3.107,3.0853|0.9725,0.9725,0.9725|256|0|1|1|1|1|0.1|1",
"P||-91.5665,115.6452,146.2262,0,0,-1,0,1,0,1,0,0|2.1426,51.6178,1.0713|0.8745,0.8745,0.8706|256|0|1|1|1|1|0|1",
"P|Part|-85.8447,143.402,122.1703,0,0,1,0,1,0,-1,0,0|2.4348,4.8696,1.2174|0.8745,0.8745,0.8706|256|0|1|1|1|1|0|1",
"P|Part|456.5893,80.6701,57.699,0,0,-1,-0.6044,0.7966,0,0.7966,0.6044,0|1.2816,6.7849,4.5497|0.9725,0.9725,0.9725|256|0|1|1|1|1|0|1",
"P|Part|456.5892,86.1756,35.5245,0,0,-1,-0.8806,0.4738,0,0.4738,0.8806,0|0.8691,3.107,3.0853|0.9725,0.9725,0.9725|256|0|1|1|1|1|0.1|1",
"P|Part|338.1486,152.8554,17.5663,-1,0,0,0,-1,0,0,0,1|0.0302,0.3862,1.0138|0.4196,0.1961,0.4863|256|0|1|1|1|1|0.1|1",
"P|Part|145.5366,155.4984,144.7148,0,-1,0,1,0,0,0,0,1|2.2924,0.5094,0.467|0.9373,0.7216,0.2196|256|0|1|1|1|1|0.1|1",
"P|Part|413.6606,66.5821,139.4228,0,0,-1,0,1,0,1,0,0|0.0481,0.6156,1.616|0.9373,0.7216,0.2196|256|0|1|1|1|1|0.1|1",
"M|Cloud2|489.5286,333.6855,33.5681,0.9999,-0.0114,0,0.0114,0.9997,-0.0221,0.0003,0.0221,0.9998|13.763,9.0949,24.6667|1,1,1|256|0|1|1|1|1|0|1|rbxassetid://4862430258|",
"P|Part|456.5894,155.5969,54.8595,0,0,-1,0.8748,-0.4845,0,-0.4845,-0.8748,0|0.5199,0.8181,4.424|0.9373,0.7216,0.2196|256|0|1|1|1|1|0.1|1",
"P|Part|456.5893,149.6216,71.7365,0,0,-1,-0.206,-0.9786,0,-0.9786,0.206,0|1.2578,0.6176,7.1059|0.9725,0.9725,0.9725|256|0|1|1|1|1|0|1",
"P|Part|456.5893,108.2791,52.7679,0,0,-1,0.9977,-0.0679,0,-0.0679,-0.9977,0|0.8529,0.453,4.8188|0.9725,0.9725,0.9725|256|0|1|1|1|1|0|1",
"P|Part|456.5892,128.6653,63.1468,0,0,-1,-0.6741,-0.7387,0,-0.7387,0.6741,0|0.8691,4.6011,3.0853|0.9725,0.9725,0.9725|256|0|1|1|1|1|0|1",
"P|Part|456.5894,137.7536,36.0124,0,0,-1,-0.5322,0.8466,0,0.8466,0.5322,0|0.5199,0.8181,4.424|0.9373,0.7216,0.2196|256|0|1|1|1|1|0.1|1",
"P|Part|258.124,152.7408,141.5741,0.7071,0,-0.7071,0,-1,0,-0.7071,0,-0.7071|0.0481,0.6156,1.616|0.9373,0.7216,0.2196|256|0|1|1|1|1|0.1|1",
"P|Part|456.5892,77.6337,51.3436,0,0,-1,0,1,0,1,0,0|32.1977,7.6603,15.1979|0.9725,0.9725,0.9725|256|0|1|1|1|1|0|1",
"P|Part|-85.8447,86.7928,146.5183,0,0,1,0,1,0,-1,0,0|2.4348,6.087,1.2174|0.8745,0.8745,0.8706|256|0|1|1|1|1|0|1",
"P|Part|257.2346,66.4674,13.9482,0.7071,0,0.7071,0,1,0,-0.7071,0,0.7071|0.0302,0.3862,1.0138|0.4196,0.1961,0.4863|256|0|1|1|1|1|0.1|1",
"P|Part|-135.1495,86.7928,-3.8308,1,0,0,0,1,0,0,0,1|2.4348,6.087,1.2174|0.8745,0.8745,0.8706|256|0|1|1|1|1|0|1",
"P|Part|-92.5404,147.1759,-9.796,0,0,-1,0,1,0,1,0,0|2.9218,2.6783,1.4609|0.8745,0.8745,0.8706|256|0|1|1|1|1|0|1",
"P|Part|257.2178,66.0812,22.1796,0.7071,0,0.7071,0,-1,0,0.7071,0,-0.7071|0.0302,0.3862,1.0138|0.4196,0.1961,0.4863|256|0|1|1|1|1|0.1|1",
"P|Part|-93.1491,86.7928,144.0835,0,0,-1,0,1,0,1,0,0|2.4348,6.087,1.2174|0.8745,0.8745,0.8706|256|0|1|1|1|1|0|1",
"P|Part|-214.2806,147.1759,-3.9525,0,0,-1,0,1,0,1,0,0|2.9218,2.6783,1.4609|0.8745,0.8745,0.8706|256|0|1|1|1|1|0|1",
"M|Cloud|-170.8004,288.1442,112.7955,1,0,0,0,-1,0,0,0,-1|51.8872,26.887,72.9216|1,1,1|256|0|1|1|1|1|0|1|rbxassetid://4862430258|",
"P|Part|456.5894,121.6851,104.8545,0,0,-1,0.9066,-0.422,0,-0.422,-0.9066,0|0.8529,0.4188,4.8188|0.9725,0.9725,0.9725|256|0|1|1|1|1|0|1",
"M|Head|84.2883,189.9296,17.2216,-1,0,0,0,0.9397,0.342,0,0.342,-0.9397|8.3057,8.3057,8.3057|0.6392,0.6353,0.6471|256|0|0|1|1|1|0|1|rbxassetid://6571349341|",
"P|Part|368.2777,166.1327,144.7091,0,0,-1,0,1,0,1,0,0|0.467,5.7054,0.9339|0.9373,0.7216,0.2196|256|0|1|1|1|1|0.1|1",
"P|Part|456.5897,109.0877,107.3899,0,0,-1,0.9993,0.0384,0,0.0384,-0.9993,0|0.8529,0.4188,4.8188|0.9725,0.9725,0.9725|256|0|1|1|1|1|0|1",
"P|Part|456.5893,119.3112,115.8795,0,0,-1,-0.9687,0.2481,0,0.2481,0.9687,0|1.2816,6.7849,4.5497|0.9725,0.9725,0.9725|256|0|1|1|1|1|0|1",
"P|Part|456.5892,153.4153,51.2884,0,0,-1,-0.8331,0.5532,0,0.5532,0.8331,0|0.5199,0.8181,4.424|0.9373,0.7216,0.2196|256|0|1|1|1|1|0.1|1",
"P|Part|248.635,109.5029,15.9166,0,0.7071,0.7071,1,0,0,0,0.7071,-0.7071|92.9902,0.6058,0.6058|0.9373,0.7216,0.2196|256|0|1|1|1|1|0.1|1",
"P|Part|415.9814,153.3564,140.4316,0.7071,0,0.7071,0,1,0,-0.7071,0,0.7071|0.0481,0.6156,1.616|0.9373,0.7216,0.2196|256|0|1|1|1|1|0.1|1",
"P|Part|456.5894,119.182,105.8695,0,0,-1,0.9438,-0.3306,0,-0.3306,-0.9438,0|0.8529,0.4188,4.8188|0.9725,0.9725,0.9725|256|0|1|1|1|1|0|1",
"P|Part|251.6938,109.5029,23.2805,0,0.7071,0.7071,1,0,0,0,0.7071,-0.7071|92.9902,0.6058,0.6058|0.9373,0.7216,0.2196|256|0|1|1|1|1|0.1|1",
"P|Part|327.6376,109.5029,146.8892,0,0.7071,0.7071,1,0,0,0,0.7071,-0.7071|92.9902,0.6058,0.6058|0.9373,0.7216,0.2196|256|0|1|1|1|1|0.1|1",
"P|Part|456.589,148.1019,93.7281,0,0,-1,0.3389,-0.9408,0,-0.9408,-0.3389,0|1.2578,0.6176,7.1059|0.9725,0.9725,0.9725|256|0|1|1|1|1|0|1",
"P|Part|413.6606,66.5821,12.7649,0,0,-1,0,1,0,1,0,0|0.0481,0.6156,1.616|0.9373,0.7216,0.2196|256|0|1|1|1|1|0.1|1",
"P|Part|-188.423,115.6452,-4.196,1,0,0,0,1,0,0,0,1|2.1426,51.6178,1.0713|0.8745,0.8745,0.8706|256|0|1|1|1|1|0|1",
"P|Part|-154.9201,115.6452,-4.196,1,0,0,0,1,0,0,0,1|2.1426,51.6178,1.0713|0.8745,0.8745,0.8706|256|0|1|1|1|1|0|1",
"P|Part|314.549,146.4309,144.7148,0,0,-1,0,-1,0,-1,0,0|0.467,0.2547,0.9339|0.9373,0.7216,0.2196|256|0|1|1|1|1|0.1|1",
"P|Part|250.4468,66.0812,13.9741,-0.7071,0,-0.7071,0,-1,0,-0.7071,0,0.7071|0.0302,0.3862,1.0138|0.4196,0.1961,0.4863|256|0|1|1|1|1|0.1|1",
"P|Part|-227.672,86.7928,-3.8308,1,0,0,0,1,0,0,0,1|2.4348,6.087,1.2174|0.8745,0.8745,0.8706|256|0|1|1|1|1|0|1",
"P|Part|22.6285,77.6461,84.5501,0,0.7071,-0.7071,-1,0,0,0,0.7071,0.7071|0.1663,0.3813,2.4307|0.9373,0.7216,0.2196|256|0|1|1|1|1|0.1|1",
"P|Part|456.589,112.0934,55.0472,0,0,-1,-0.9969,-0.0781,0,-0.0781,0.9969,0|0.8691,4.6011,3.0853|0.9725,0.9725,0.9725|256|0|1|1|1|1|0|1",
"P|Part|456.5892,121.2118,55.0441,0,0,-1,0.9144,0.4049,0,0.4049,-0.9144,0|0.8529,0.453,4.8188|0.9725,0.9725,0.9725|256|0|1|1|1|1|0|1",
"P|Part|347.3379,149.4109,18.0511,0,0,-1,0,1,0,1,0,0|0.467,5.7054,0.9339|0.9373,0.7216,0.2196|256|0|1|1|1|1|0.1|1",
"P|Part|20.6876,73.3255,80.139,0,0,-1,1,0,0,0,-1,0|0.1498,0.3434,2.189|0.9373,0.7216,0.2196|256|0|1|1|1|1|0.1|1",
"P|Part|456.589,112.0529,132.1207,0,0,-1,-0.0386,-0.9993,0,-0.9993,0.0386,0|0.5199,0.8181,4.424|0.9373,0.7216,0.2196|256|0|1|1|1|1|0.1|1",
"P|Part|456.5892,73.7161,97.3587,0,0,-1,-0.4293,-0.9032,0,-0.9032,0.4293,0|1.2578,0.668,7.1059|0.9725,0.9725,0.9725|256|0|1|1|1|1|0|1",
"P|Part|329.716,153.3564,22.3235,-0.7071,0,-0.7071,0,1,0,0.7071,0,-0.7071|0.0481,0.6156,1.616|0.9373,0.7216,0.2196|256|0|1|1|1|1|0.1|1",
"P|Part|456.5894,142.7816,62.6883,0,0,-1,-0.4696,-0.8829,0,-0.8829,0.4696,0|1.2816,6.7849,4.5497|0.9725,0.9725,0.9725|256|0|1|1|1|1|0|1",
"P|Part|456.5894,119.6367,56.8435,0,0,-1,0.9254,0.3789,0,0.3789,-0.9254,0|0.8691,4.6011,3.0853|0.9725,0.9725,0.9725|256|0|1|1|1|1|0|1",
"P|Part|456.5893,89.8929,126.3789,0,0,-1,0.9163,0.4004,0,0.4004,-0.9163,0|0.8691,3.107,3.0853|0.9725,0.9725,0.9725|256|0|1|1|1|1|0.1|1",
"P|Part|-210.6284,147.1759,173.5447,1,0,0,0,1,0,0,0,1|2.9218,2.6783,1.4609|0.8745,0.8745,0.8706|256|0|1|1|1|1|0|1",
"P|Part|-132.7147,82.5319,168.4316,1,0,0,0,1,0,0,0,1|14.6088,2.4348,14.6088|0.8745,0.8745,0.8706|256|0|1|1|1|1|0|1",
"P|Part|-91.9317,86.7928,15.039,0,0,-1,0,1,0,1,0,0|2.4348,6.087,1.2174|0.8745,0.8745,0.8706|256|0|1|1|1|1|0|1",
"P|Object.a4ef|-193.9073,120.2132,80.3866,0,0,1,0,1,0,-1,0,0|17.1097,0.155,3.0289|0.9373,0.7216,0.2196|256|0|1|1|1|1|0|1",
"P|Part|180.0926,152.7408,17.264,-1,0,0,0,-1,0,0,0,1|0.0481,0.6156,1.616|0.9373,0.7216,0.2196|256|0|1|1|1|1|0.1|1",
"P|Part|-230.1068,82.5319,17.4738,1,0,0,0,1,0,0,0,1|14.6088,2.4348,14.6088|0.8745,0.8745,0.8706|256|0|1|1|1|1|0|1",
"P|Part|456.5892,119.9748,44.4011,0,0,-1,-0.9639,-0.2661,0,-0.2661,0.9639,0|1.2816,6.7849,4.5497|0.9725,0.9725,0.9725|256|0|1|1|1|1|0|1",
"P|Part|415.9651,66.5821,22.3518,-0.7071,0,0.7071,0,1,0,-0.7071,0,-0.7071|0.0481,0.6156,1.616|0.9373,0.7216,0.2196|256|0|1|1|1|1|0.1|1",
"P|Part|456.589,144.5473,58.9751,0,0,-1,-0.5223,-0.8528,0,-0.8528,0.5223,0|1.2578,0.6176,7.1059|0.9725,0.9725,0.9725|256|0|1|1|1|1|0|1",
"P|Part|287.3438,166.1327,144.7091,0,0,1,0,1,0,-1,0,0|0.467,5.7054,0.9339|0.9373,0.7216,0.2196|256|0|1|1|1|1|0.1|1",
"P|Part|456.5889,147.0195,43.4367,0,0,-1,-0.7102,0.704,0,0.704,0.7102,0|0.5199,0.8181,4.424|0.9373,0.7216,0.2196|256|0|1|1|1|1|0.1|1",
"P|Part|-88.8882,86.7928,-11.1352,-1,0,0,0,1,0,0,0,-1|2.4348,6.087,1.2174|0.8745,0.8745,0.8706|256|0|1|1|1|1|0|1",
"P|Part|-157.0627,82.5319,-6.8743,1,0,0,0,1,0,0,0,1|14.6088,2.4348,14.6088|0.8745,0.8745,0.8706|256|0|1|1|1|1|0|1",
"P|Part|456.5893,136.5781,87.0968,0,0,-1,0.2575,-0.9663,0,-0.9663,-0.2575,0|0.8529,0.4188,4.8188|0.9725,0.9725,0.9725|256|0|1|1|1|1|0|1",
"U|CorinthianCapital|84.8506,152.3697,152.4712,-0.25,0.067,0.9659,0.2588,0.9659,0,-0.933,0.25,-0.2588|2.0992,5.5728,2.2216|0.9725,0.9725,0.9725|256|0|1|1|1|1|0|1",
"P|Part|456.589,120.007,129.6313,0,0,-1,0.9807,-0.1953,0,-0.1953,-0.9807,0|0.8691,3.107,3.0853|0.9725,0.9725,0.9725|256|0|1|1|1|1|0.1|1",
"P|Part|456.5896,87.3286,90.475,0,0,-1,0.4157,0.9095,0,0.9095,-0.4157,0|0.8691,4.6011,3.0853|0.9725,0.9725,0.9725|256|0|1|1|1|1|0|1",
"P|Part|456.589,86.7598,126.6662,0,0,-1,0.4471,-0.8945,0,-0.8945,-0.4471,0|0.5199,0.8181,4.424|0.9373,0.7216,0.2196|256|0|1|1|1|1|0.1|1",
"M|Object.6c3e|-179.537,88.0105,71.9015,-1,0,0,0,1,0,0,0,-1|5.2728,12.8396,4.3535|0.9373,0.7216,0.2196|256|0|0|1|1|1|0|1|rbxassetid://1619401979|",
"P|Part|456.5893,132.4889,64.2958,0,0,-1,0.5761,0.8174,0,0.8174,-0.5761,0|0.8529,0.453,4.8188|0.9725,0.9725,0.9725|256|0|1|1|1|1|0|1",
"P|Part|-91.9317,86.7928,44.2566,0,0,-1,0,1,0,1,0,0|2.4348,6.087,1.2174|0.8745,0.8745,0.8706|256|0|1|1|1|1|0|1",
"P|Part|456.5894,160.5418,67.4226,0,0,-1,-0.9699,0.2433,0,0.2433,0.9699,0|0.5199,0.8181,4.424|0.9373,0.7216,0.2196|256|0|1|1|1|1|0.1|1",
"P|Part|456.589,119.774,115.757,0,0,-1,-0.9654,0.2606,0,0.2606,0.9655,0|1.2816,6.7849,4.5497|0.9725,0.9725,0.9725|256|0|1|1|1|1|0|1",
"P|Part|409.9269,109.5029,15.1498,0,-0.7071,0.7071,-1,0,0,0,-0.7071,-0.7071|92.9901,2.157,4.3139|1,1,1|256|0|1|1|1|1|0|1",
"P|Part|456.5893,122.9999,130.5263,0,0,-1,-0.2488,-0.9685,0,-0.9685,0.2488,0|0.5199,0.8181,4.424|0.9373,0.7216,0.2196|256|0|1|1|1|1|0.1|1",
"P|Part|129.8109,162.127,144.7091,0,1,0,1,0,0,0,0,-1|2.2924,0.5094,0.467|0.9373,0.7216,0.2196|256|0|1|1|1|1|0.1|1",
"P|Part|456.5892,90.2707,98.8407,0,0,-1,-0.6872,-0.7265,0,-0.7265,0.6872,0|0.8529,0.453,4.8188|0.9725,0.9725,0.9725|256|0|1|1|1|1|0|1",
"P|Part|23.1585,70.931,82.6099,0,1,0,1,0,0,0,0,-1|0.1498,0.3434,2.189|0.9373,0.7216,0.2196|256|0|1|1|1|1|0.1|1",
"P|Part|208.9618,118.1851,18.0511,0,1,0,1,0,0,0,0,-1|2.0061,3.0129,3.01|0.9373,0.7216,0.2196|256|0|1|1|1|1|0.1|1",
"P|Part|456.5893,109.8524,107.4108,0,0,-1,0.9999,0.0105,0,0.0105,-0.9999,0|0.8529,0.4188,4.8188|0.9725,0.9725,0.9725|256|0|1|1|1|1|0|1",
"P|Part|456.5892,122.0251,130.76,0,0,-1,0.2302,0.9732,0,0.9732,-0.2302,0|0.5199,0.8181,4.424|0.9373,0.7216,0.2196|256|0|1|1|1|1|0.1|1",
"P|Part|23.1497,77.4864,82.6101,0,1,0,-1,0,0,0,0,1|0.1492,0.3421,2.1808|0.9373,0.7216,0.2196|256|0|1|1|1|1|0.1|1",
"U|CorinthianCapital|76.3865,149.3139,145.2406,0.9659,-0.2588,0,0.2588,0.9659,0,0,0,1|2.0992,5.5728,2.2216|0.9725,0.9725,0.9725|256|0|1|1|1|1|0|1",
"P|Part|174.8542,69.5,144.7128,0,1,0,1,0,0,0,0,-1|0.4577,12.0518,12.0518|0.9373,0.7216,0.2196|256|0|1|1|1|1|0.1|1",
"P|Part|327.635,109.5029,142.5746,0,0.7071,0.7071,1,0,0,0,0.7071,-0.7071|92.9902,0.6058,0.6058|0.9373,0.7216,0.2196|256|0|1|1|1|1|0.1|1",
"P|Part|456.589,149.0699,114.5757,0,0,-1,0.7494,0.6621,0,0.6621,-0.7494,0|0.5199,0.8181,4.424|0.9373,0.7216,0.2196|256|0|1|1|1|1|0.1|1",
"P|Part|456.5892,162.1044,80.5684,0,0,-1,-1,-0.0092,0,-0.0092,1,0|0.5199,0.8181,4.424|0.9373,0.7216,0.2196|256|0|1|1|1|1|0.1|1",
"P|Part|327.6157,153.3564,18.8797,-1,0,0,0,1,0,0,0,-1|0.0481,0.6156,1.616|0.9373,0.7216,0.2196|256|0|1|1|1|1|0.1|1",
"P|Part|-214.2806,147.1759,-9.796,0,0,-1,0,1,0,1,0,0|2.9218,2.6783,1.4609|0.8745,0.8745,0.8706|256|0|1|1|1|1|0|1",
"P|Part|298.264,82.1805,18.0568,0,-1,0,1,0,0,0,0,1|2.0061,3.0129,3.01|0.9373,0.7216,0.2196|256|0|1|1|1|1|0.1|1",
"P|Part|456.5894,75.1688,59.9603,0,0,-1,0.4981,-0.8671,0,-0.8671,-0.4981,0|1.2578,0.668,7.1059|0.9725,0.9725,0.9725|256|0|1|1|1|1|0|1",
"P|Part|-233.1503,86.7928,-9.3091,0,0,-1,0,1,0,1,0,0|2.4348,6.087,1.2174|0.8745,0.8745,0.8706|256|0|1|1|1|1|0|1",
"P|Part|456.5892,94.5937,57.5457,0,0,-1,0.8228,-0.5683,0,-0.5683,-0.8228,0|0.8529,0.453,4.8188|0.9725,0.9725,0.9725|256|0|1|1|1|1|0|1",
"P|Part|456.5893,120.6427,131.0685,0,0,-1,-0.2036,-0.9791,0,-0.9791,0.2036,0|0.5199,0.8181,4.424|0.9373,0.7216,0.2196|256|0|1|1|1|1|0.1|1",
"P|Part|456.5892,88.4664,32.6998,0,0,-1,-0.4143,-0.9101,0,-0.9101,0.4143,0|0.5199,0.8181,4.424|0.9373,0.7216,0.2196|256|0|1|1|1|1|0.1|1",
"P|Part|338.1486,66.0812,145.238,1,0,0,0,-1,0,0,0,-1|0.0302,0.3862,1.0138|0.4196,0.1961,0.4863|256|0|1|1|1|1|0.1|1",
"P|Part|456.5893,100.9573,44.2242,0,0,-1,-0.9687,0.2481,0,0.2481,0.9687,0|1.2816,6.7849,4.5497|0.9725,0.9725,0.9725|256|0|1|1|1|1|0|1",
"U|CorinthianCapital|76.3861,149.3139,16.2406,0.9659,-0.2588,0,0.2588,0.9659,0,0,0,1|2.0992,5.5728,2.2216|0.9725,0.9725,0.9725|256|0|1|1|1|1|0|1",
"P|Part|-91.323,143.402,147.127,1,0,0,0,1,0,0,0,1|2.4348,4.8696,1.2174|0.8745,0.8745,0.8706|256|0|1|1|1|1|0|1",
"M|Head|84.2839,189.9296,145.529,1,0,0,0,0.9397,0.342,0,-0.342,0.9397|8.3057,8.3057,8.3057|0.6392,0.6353,0.6471|256|0|0|1|1|1|0|1|rbxassetid://6571349341|",
"P|Part|-83.7751,147.1759,119.7355,0,0,1,0,1,0,-1,0,0|2.9218,2.6783,1.4609|0.8745,0.8745,0.8706|256|0|1|1|1|1|0|1",
"P|Part|456.5892,87.2164,46.8656,0,0,-1,0.8228,-0.5683,0,-0.5684,-0.8228,0|1.2578,0.668,7.1059|0.9725,0.9725,0.9725|256|0|1|1|1|1|0|1",
"P|Part|174.8539,62.7494,144.7121,0,1,0,1,0,0,0,0,-1|0.4577,13.5582,13.5582|0.9373,0.7216,0.2196|256|0|1|1|1|1|0.1|1",
"P|Part|-160.7149,147.1759,-3.9525,0,0,-1,0,1,0,1,0,0|2.9218,2.6783,1.4609|0.8745,0.8745,0.8706|256|0|1|1|1|1|0|1",
"P|Part|-105.9318,86.7928,171.4751,1,0,0,0,1,0,0,0,1|2.4348,6.087,1.2174|0.8745,0.8745,0.8706|256|0|1|1|1|1|0|1",
"P|Part|-227.0633,143.402,-9.3091,0,0,1,0,1,0,-1,0,0|2.4348,4.8696,1.2174|0.8745,0.8745,0.8706|256|0|1|1|1|1|0|1",
"P|Part|453.894,123.4153,118.3093,0,0,-1,0.349,0.9371,0,0.9371,-0.349,0|32.4331,1.7843,2.3048|0.9373,0.7216,0.2196|256|0|1|1|1|1|0.1|1",
"P|Part|456.5893,121.2091,105.0705,0,0,-1,0.9145,-0.4046,0,-0.4046,-0.9145,0|0.8529,0.4188,4.8188|0.9725,0.9725,0.9725|256|0|1|1|1|1|0|1",
"P|Part|18.0559,78.2,85.242,0,-0.7071,-0.7071,-1,0,0,0,0.7071,-0.7071|0.2256,0.5172,3.2973|0.9373,0.7216,0.2196|256|0|1|1|1|1|0.1|1",
"P|Part|456.5894,102.2791,40.4973,0,0,-1,0.9808,-0.1949,0,-0.1949,-0.9808,0|1.2578,0.668,7.1059|0.9725,0.9725,0.9725|256|0|1|1|1|1|0|1",
"P|Part|456.589,78.6311,99.4215,0,0,-1,-0.5237,-0.8519,0,-0.8519,0.5237,0|1.2816,6.7849,4.5497|0.9725,0.9725,0.9725|256|0|1|1|1|1|0|1",
"P|Part|456.5892,141.1897,40.153,0,0,-1,0.7891,0.6142,0,0.6142,-0.7891,0|0.8691,3.107,3.0853|0.9725,0.9725,0.9725|256|0|1|1|1|1|0.1|1",
"P|Part|169.5603,153.2417,145.2376,-1,0,0,0,1,0,0,0,-1|0.0302,0.3862,1.0138|0.4196,0.1961,0.4863|256|0|1|1|1|1|0.1|1",
"P|Part|456.5893,114.4539,29.6845,0,0,-1,0.9963,0.0855,0,0.0855,-0.9963,0|0.8691,3.107,3.0853|0.9725,0.9725,0.9725|256|0|1|1|1|1|0.1|1",
"P|Part|248.5606,152.8554,144.224,-1,0,0,0,-1,0,0,0,1|0.0302,0.3862,1.0138|0.4196,0.1961,0.4863|256|0|1|1|1|1|0.1|1",
"P|CorinthianCapital|83.3294,152.1144,16.2013,0,0,-1,0,-1,0,-1,0,0|12.6616,4.3661,12.6616|0.9725,0.9725,0.9725|256|0|1|1|1|1|0|1|CM:Mesh:1,1,1,0,0,0",
"P|Part|20.6877,83.4571,78.5707,0,0,1,-1,0,0,0,-1,0|0.2448,0.5613,3.5786|0.9373,0.7216,0.2196|256|0|1|1|1|1|0.1|1",
"P|Part|-183.2368,143.402,165.9968,0,0,1,0,1,0,-1,0,0|2.4348,4.8696,1.2174|0.8745,0.8745,0.8706|256|0|1|1|1|1|0|1",
"M|Part.b1b5|-194.9527,88.0105,89.137,1,0,0,0,1,0,0,0,1|5.2728,12.8396,4.3535|0.9373,0.7216,0.2196|256|0|0|1|1|1|0|1|rbxassetid://1619401979|",
"P|Part|456.5892,83.5943,105.8065,0,0,-1,-0.6964,-0.7177,0,-0.7177,0.6964,0|1.2816,6.7849,4.5497|0.9725,0.9725,0.9725|256|0|1|1|1|1|0|1",
"P|Part|456.5892,142.5462,97.8636,0,0,-1,-0.4816,0.8764,0,0.8764,0.4816,0|1.2816,6.7849,4.5497|0.9725,0.9725,0.9725|256|0|1|1|1|1|0|1",
"P|Part|456.5896,159.6733,69.9634,0,0,-1,0.1996,0.9799,0,0.9799,-0.1996,0|0.8691,3.107,3.0853|0.9725,0.9725,0.9725|256|0|1|1|1|1|0.1|1",
"P|Part|412.8542,69.5,18.0549,0,1,0,1,0,0,0,0,-1|0.4577,12.0518,12.0518|0.9373,0.7216,0.2196|256|0|1|1|1|1|0.1|1",
"P|Part|-88.8882,147.1759,138.9704,-1,0,0,0,1,0,0,0,-1|2.9218,2.6783,1.4609|0.8745,0.8745,0.8706|256|0|1|1|1|1|0|1",
"P|Part|456.5893,136.9857,110.1756,0,0,-1,0.7465,-0.6653,0,-0.6653,-0.7465,0|1.2578,0.6176,7.1059|0.9725,0.9725,0.9725|256|0|1|1|1|1|0|1",
"P|Part|328.7147,109.5029,144.7299,0,-1,0,-1,0,0,0,0,-1|92.9901,2.157,4.3139|1,1,1|256|0|1|1|1|1|0|1",
"P|Part|456.5896,106.2017,55.2808,0,0,-1,-0.9876,0.1568,0,0.1568,0.9876,0|0.8691,4.6011,3.0853|0.9725,0.9725,0.9725|256|0|1|1|1|1|0|1",
"P|Part|456.5894,162.1003,81.4712,0,0,-1,0.9996,0.0265,0,0.0265,-0.9996,0|0.5199,0.8181,4.424|0.9373,0.7216,0.2196|256|0|1|1|1|1|0.1|1",
"P|Part|-108.3666,150.6455,168.4316,-1,0,0,0,-1,0,0,0,1|14.6088,0.8522,14.6088|0.8745,0.8745,0.8706|256|0|1|1|1|1|0|1",
"P|Part|456.5893,90.5768,60.9357,0,0,-1,0.6989,-0.7153,0,-0.7153,-0.6989,0|0.8529,0.453,4.8188|0.9725,0.9725,0.9725|256|0|1|1|1|1|0|1",
"P|Part|-232.5416,143.402,44.8653,1,0,0,0,1,0,0,0,1|2.4348,4.8696,1.2174|0.8745,0.8745,0.8706|256|0|1|1|1|1|0|1",
"P|EP1|16.4531,79.8766,86.8345,-0.7071,-0.7071,0,0,0,-1,0.7071,-0.7071,0|0.8123,5.1126,0.8123|0.9725,0.9725,0.9725|256|1|0|1|1|1|0|0|AT:Attachment:0,0,0,0,0,0",
"P|Part|-159.9845,147.1759,164.7794,-1,0,0,0,1,0,0,0,-1|2.9218,2.6783,1.4609|0.8745,0.8745,0.8706|256|0|1|1|1|1|0|1",
"P|Part|15.5631,78.966,82.6099,0,-1,0,-1,0,0,0,0,-1|0.3106,0.7121,4.5399|0.9373,0.7216,0.2196|256|0|1|1|1|1|0.1|1",
"P|Part|-88.8882,82.5319,119.7355,1,0,0,0,1,0,0,0,1|14.6088,2.4348,14.6088|0.8745,0.8745,0.8706|256|0|1|1|1|1|0|1",
"P|Part|-159.4975,86.7928,171.4751,1,0,0,0,1,0,0,0,1|2.4348,6.087,1.2174|0.8745,0.8745,0.8706|256|0|1|1|1|1|0|1",
"P|Part|229.8093,82.1805,144.7148,0,0,-1,0,1,0,1,0,0|3.0129,1.4035,31.6359|0.9373,0.7216,0.2196|256|0|1|1|1|1|0.1|1",
"P|Part|-108.3666,150.6455,-6.8743,-1,0,0,0,-1,0,0,0,1|14.6088,0.8522,14.6088|0.8745,0.8745,0.8706|256|0|1|1|1|1|0|1",
"P|Part|456.5894,75.7476,101.1086,0,0,-1,-0.5223,-0.8528,0,-0.8528,0.5223,0|1.2578,0.668,7.1059|0.9725,0.9725,0.9725|256|0|1|1|1|1|0|1",
"P|Part|456.5889,103.058,104.1108,0,0,-1,-0.9593,-0.2822,0,-0.2822,0.9593,0|0.8691,4.6011,3.0853|0.9725,0.9725,0.9725|256|0|1|1|1|1|0|1",
"P|Part|108.8712,145.4051,18.0511,0,1,0,1,0,0,0,0,-1|2.2924,0.5094,0.467|0.9373,0.7216,0.2196|256|0|1|1|1|1|0.1|1",
"P|Part|-183.2368,143.402,-9.3091,0,0,1,0,1,0,-1,0,0|2.4348,4.8696,1.2174|0.8745,0.8745,0.8706|256|0|1|1|1|1|0|1",
"P|Part|418.1486,66.4674,17.5663,1,0,0,0,1,0,0,0,1|0.0302,0.3862,1.0138|0.4196,0.1961,0.4863|256|0|1|1|1|1|0.1|1",
"P|Part|456.5893,128.0571,59.3918,0,0,-1,0.7554,0.6553,0,0.6553,-0.7554,0|0.8529,0.453,4.8188|0.9725,0.9725,0.9725|256|0|1|1|1|1|0|1",
"P|Part|456.5894,126.7666,101.7881,0,0,-1,0.7944,-0.6074,0,-0.6074,-0.7944,0|0.8529,0.4188,4.8188|0.9725,0.9725,0.9725|256|0|1|1|1|1|0|1",
"P|Part|-206.9762,147.1759,171.3533,0,0,1,0,1,0,-1,0,0|2.9218,2.6783,1.4609|0.8745,0.8745,0.8706|256|0|1|1|1|1|0|1",
"P|Part|453.8936,147.7024,37.4206,0,0,-1,0.866,0.5,0,0.5,-0.866,0|0.2446,0.4306,2.3048|0.9373,0.7216,0.2196|256|0|1|1|1|1|0|1",
"M|Cloud|-141.8161,179.1442,451.7456,1,0,0,0,-1,0,0,0,-1|67.6584,35.0593,95.0862|1,1,1|256|0|1|1|1|1|0|1|rbxassetid://4862430258|",
"P|Part|-184.1377,115.6452,165.7533,-1,0,0,0,1,0,0,0,-1|2.1426,51.6178,1.0713|0.8745,0.8745,0.8706|256|0|1|1|1|1|0|1",
"P|Part|456.5894,137.3342,77.0385,0,0,-1,-0.11,-0.9939,0,-0.9939,0.11,0|0.8529,0.4188,4.8188|0.9725,0.9725,0.9725|256|0|1|1|1|1|0|1",
"P|Part|456.5893,87.4961,46.6735,0,0,-1,0.8275,-0.5614,0,-0.5614,-0.8275,0|1.2578,0.668,7.1059|0.9725,0.9725,0.9725|256|0|1|1|1|1|0|1",
"P|Part|-154.3844,115.6452,170.5742,0,0,1,0,1,0,-1,0,0|2.1426,51.6178,1.0713|0.8745,0.8745,0.8706|256|0|1|1|1|1|0|1",
"P|Part|179.1243,65.9665,14.9162,0.7071,0,-0.7071,0,-1,0,-0.7071,0,-0.7071|0.0481,0.6156,1.616|0.9373,0.7216,0.2196|256|0|1|1|1|1|0.1|1",
"P|Part|180.0926,66.5821,143.922,1,0,0,0,1,0,0,0,1|0.0481,0.6156,1.616|0.9373,0.7216,0.2196|256|0|1|1|1|1|0.1|1",
"P|Part|456.5893,91.1001,60.4129,0,0,-1,0.718,-0.6961,0,-0.6961,-0.718,0|0.8529,0.453,4.8188|0.9725,0.9725,0.9725|256|0|1|1|1|1|0|1",
"P|Part|456.5893,153.0601,53.3477,0,0,-1,0.5282,0.8491,0,0.8491,-0.5282,0|0.8691,3.107,3.0853|0.9725,0.9725,0.9725|256|0|1|1|1|1|0.1|1",
"P|Part|456.5894,75.7476,101.1086,0,0,-1,-0.5223,-0.8528,0,-0.8528,0.5223,0|1.2578,0.668,7.1059|0.9725,0.9725,0.9725|256|0|1|1|1|1|0|1",
"P||-91.5665,115.6452,43.9644,0,0,-1,0,1,0,1,0,0|2.1426,51.6178,1.0713|0.8745,0.8745,0.8706|256|0|1|1|1|1|0|1",
"P|Part|389.2764,154.9849,18.0568,0,0,-1,0,1,0,1,0,0|0.467,5.7054,0.9339|0.9373,0.7216,0.2196|256|0|1|1|1|1|0.1|1",
"P|Part|174.8542,69.9577,18.0549,0,1,0,1,0,0,0,0,-1|0.4577,13.5582,13.5582|0.9373,0.7216,0.2196|256|0|1|1|1|1|0.1|1",
"P|Part|250.4643,66.0812,22.1516,0.7071,0,-0.7071,0,-1,0,-0.7071,0,-0.7071|0.0302,0.3862,1.0138|0.4196,0.1961,0.4863|256|0|1|1|1|1|0.1|1",
"P|Part|-129.6711,86.7928,-4.4395,0,0,1,0,1,0,-1,0,0|2.4348,6.087,1.2174|0.8745,0.8745,0.8706|256|0|1|1|1|1|0|1",
"P|Part|408.7296,66.0812,141.3488,0.7071,0,0.7071,0,-1,0,0.7071,0,-0.7071|0.0302,0.3862,1.0138|0.4196,0.1961,0.4863|256|0|1|1|1|1|0.1|1",
"P|Part|456.589,111.8108,116.9979,0,0,-1,-0.999,0.0453,0,0.0453,0.999,0|1.2816,6.7849,4.5497|0.9725,0.9725,0.9725|256|0|1|1|1|1|0|1",
"P|Part|416.9347,152.8554,148.1206,-0.7071,0,-0.7071,0,-1,0,-0.7071,0,0.7071|0.0302,0.3862,1.0138|0.4196,0.1961,0.4863|256|0|1|1|1|1|0.1|1",
"P|Part|180.0926,66.5821,145.538,-1,0,0,0,1,0,0,0,-1|0.0481,0.6156,1.616|0.9373,0.7216,0.2196|256|0|1|1|1|1|0.1|1",
"P|Part|377.7972,160.1397,18.0568,0,0,1,0,-1,0,1,0,0|0.467,0.2547,0.9339|0.9373,0.7216,0.2196|256|0|1|1|1|1|0.1|1",
"P|Part|456.5893,139.4503,52.3188,0,0,-1,-0.6872,-0.7265,0,-0.7265,0.6872,0|1.2578,0.6176,7.1059|0.9725,0.9725,0.9725|256|0|1|1|1|1|0|1",
"P|EP1|17.6251,83.86,85.6632,-0.707,-0.7072,0,0,0,-1,0.7072,-0.707,0|0.3911,2.4615,0.3911|0.9725,0.9725,0.9725|256|1|0|1|1|1|0|0|AT:Attachment:0,0,0,0,0,0",
"P|Part|18.3221,77.987,84.9762,0,-0.7071,-0.7071,-1,0,0,0,0.7071,-0.7071|0.2028,0.4649,2.9641|0.9373,0.7216,0.2196|256|0|1|1|1|1|0.1|1",
"P|Part|456.589,85.6961,52.2913,0,0,-1,-0.7506,0.6607,0,0.6607,0.7506,0|1.2816,6.7849,4.5497|0.9725,0.9725,0.9725|256|0|1|1|1|1|0|1",
"P|Part|329.716,65.9665,148.982,0.7071,0,-0.7071,0,-1,0,-0.7071,0,-0.7071|0.0481,0.6156,1.616|0.9373,0.7216,0.2196|256|0|1|1|1|1|0.1|1",
"P|Part|-94.0013,147.1759,168.4316,0,0,-1,0,1,0,1,0,0|2.9218,2.6783,1.4609|0.8745,0.8745,0.8706|256|0|1|1|1|1|0|1",
"P|Part|-227.0633,86.7928,170.8664,0,0,1,0,1,0,-1,0,0|2.4348,6.087,1.2174|0.8745,0.8745,0.8706|256|0|1|1|1|1|0|1",
"U|CorinthianCapital|80.7059,149.3139,22.6357,0.483,-0.1294,0.866,0.2588,0.9659,0,-0.8365,0.2241,0.5|2.0992,5.5728,2.2216|0.9725,0.9725,0.9725|256|0|1|1|1|1|0|1",
"M|EmitterPart|20.6886,86.1714,82.609,1,0,0,0,1,0,0,0,1|0.555,0.1387,0.555|0.3882,0.3725,0.3843|256|0|1|1|1|1|0|0|rbxassetid://6285242349||PE:ParticleEmitter:rbxassetid://5063416437:1:500:1.1:1.1:7.5445:7.5445",
"P|Part|456.5894,134.576,35.7933,0,0,-1,0.8754,0.4834,0,0.4834,-0.8754,0|0.8691,3.107,3.0853|0.9725,0.9725,0.9725|256|0|1|1|1|1|0.1|1",
"P|Part|456.5896,101.0975,54.2436,0,0,-1,0.9438,-0.3306,0,-0.3306,-0.9438,0|0.8529,0.453,4.8188|0.9725,0.9725,0.9725|256|0|1|1|1|1|0|1",
"P|Part|249.7474,152.8554,148.0926,-0.7071,0,0.7071,0,-1,0,0.7071,0,0.7071|0.0302,0.3862,1.0138|0.4196,0.1961,0.4863|256|0|1|1|1|1|0.1|1",
"P|Part|-183.2368,86.7928,-4.4395,0,0,1,0,1,0,-1,0,0|2.4348,6.087,1.2174|0.8745,0.8745,0.8706|256|0|1|1|1|1|0|1",
"P|Part|456.5894,123.4226,56.149,0,0,-1,0.874,0.4859,0,0.4859,-0.874,0|0.8529,0.453,4.8188|0.9725,0.9725,0.9725|256|0|1|1|1|1|0|1",
"P|Part|456.5896,117.9993,119.6241,0,0,-1,0.9808,-0.1949,0,-0.1949,-0.9808,0|1.2578,0.6176,7.1059|0.9725,0.9725,0.9725|256|0|1|1|1|1|0|1",
"P|Part|-159.4975,143.402,-9.9178,-1,0,0,0,1,0,0,0,-1|2.4348,4.8696,1.2174|0.8745,0.8745,0.8706|256|0|1|1|1|1|0|1",
"P|Part|456.5896,162.0733,82.2881,0,0,-1,0.9991,0.0422,0,0.0422,-0.9991,0|0.5199,0.8181,4.424|0.9373,0.7216,0.2196|256|0|1|1|1|1|0.1|1",
"P|Part|368.2777,163.1526,144.7091,0,0,-1,0,-1,0,-1,0,0|0.467,0.2547,0.9339|0.9373,0.7216,0.2196|256|0|1|1|1|1|0.1|1",
"P|Part|456.5892,106.0564,104.7966,0,0,-1,-0.9867,-0.1627,0,-0.1627,0.9867,0|0.8691,4.6011,3.0853|0.9725,0.9725,0.9725|256|0|1|1|1|1|0|1",
"P|Part|-129.0624,147.1759,-9.7961,0,0,1,0,1,0,-1,0,0|2.9218,2.6783,1.4609|0.8745,0.8745,0.8706|256|0|1|1|1|1|0|1",
"P|Part|169.5606,66.0812,17.5661,-1,0,0,0,-1,0,0,0,1|0.0302,0.3862,1.0138|0.4196,0.1961,0.4863|256|0|1|1|1|1|0.1|1",
"P|Part|249.5734,65.9665,147.8392,-0.7071,0,0.7071,0,-1,0,0.7071,0,0.7071|0.0481,0.6156,1.616|0.9373,0.7216,0.2196|256|0|1|1|1|1|0.1|1",
"P|Part|456.5892,145.8718,44.2854,0,0,-1,0.7074,0.7068,0,0.7068,-0.7074,0|0.8691,3.107,3.0853|0.9725,0.9725,0.9725|256|0|1|1|1|1|0.1|1",
"P|Part|119.8832,159.5042,144.709,0,0,-1,0,1,0,1,0,0|0.467,5.7054,0.9339|0.9373,0.7216,0.2196|256|0|1|1|1|1|0.1|1",
"P|Part|253.3452,66.0812,150.0043,0,0,1,0,-1,0,1,0,0|0.0302,0.3862,1.0138|0.4196,0.1961,0.4863|256|0|1|1|1|1|0.1|1",
"P|Part|229.8093,82.1805,18.0568,0,0,-1,0,1,0,1,0,0|3.0129,1.4035,31.6359|0.9373,0.7216,0.2196|256|0|1|1|1|1|0.1|1",
"P|Part|182.1314,140.1037,18.0511,0,0,1,0,-1,0,1,0,0|0.467,0.2547,0.9339|0.9373,0.7216,0.2196|256|0|1|1|1|1|0.1|1",
"P|Part|-129.7929,147.1759,172.0838,1,0,0,0,1,0,0,0,1|2.9218,2.6783,1.4609|0.8745,0.8745,0.8706|256|0|1|1|1|1|0|1",
"P|Part|456.589,102.3773,53.8289,0,0,-1,0.9589,-0.2838,0,-0.2838,-0.9589,0|0.8529,0.453,4.8188|0.9725,0.9725,0.9725|256|0|1|1|1|1|0|1",
"P|Part|456.5893,95.3714,57.0292,0,0,-1,0.8417,-0.5399,0,-0.5399,-0.8417,0|0.8529,0.453,4.8188|0.9725,0.9725,0.9725|256|0|1|1|1|1|0|1",
"P|Part|256.0036,109.5029,23.284,0,0.7071,0.7071,1,0,0,0,0.7071,-0.7071|92.9902,0.6058,0.6058|0.9373,0.7216,0.2196|256|0|1|1|1|1|0.1|1",
"P|Part|416.2346,153.2417,140.6062,0.7071,0,0.7071,0,1,0,-0.7071,0,0.7071|0.0302,0.3862,1.0138|0.4196,0.1961,0.4863|256|0|1|1|1|1|0.1|1",
"P|Part|171.4643,152.8554,22.1516,0.7071,0,-0.7071,0,-1,0,-0.7071,0,-0.7071|0.0302,0.3862,1.0138|0.4196,0.1961,0.4863|256|0|1|1|1|1|0.1|1",
"P|Part|456.5893,129.0199,33.1607,0,0,-1,0.9276,0.3736,0,0.3736,-0.9276,0|0.8691,3.107,3.0853|0.9725,0.9725,0.9725|256|0|1|1|1|1|0.1|1",
"P|Part|214.6089,166.1327,144.7148,0,0,-1,0,1,0,1,0,0|0.467,5.7054,0.9339|0.9373,0.7216,0.2196|256|0|1|1|1|1|0.1|1",
"P|Part|-230.1068,86.7928,13.2129,-1,0,0,0,1,0,0,0,-1|2.4348,6.087,1.2174|0.8745,0.8745,0.8706|256|0|1|1|1|1|0|1",
"P|Part|456.5896,101.774,106.1018,0,0,-1,0.9522,0.3056,0,0.3056,-0.9522,0|0.8529,0.4188,4.8188|0.9725,0.9725,0.9725|256|0|1|1|1|1|0|1",
"P|Part|456.5894,120.5707,44.5711,0,0,-1,-0.9593,-0.2822,0,-0.2822,0.9593,0|1.2816,6.7849,4.5497|0.9725,0.9725,0.9725|256|0|1|1|1|1|0|1",
"P|Part|412.3452,66.0812,150.0043,0,0,1,0,-1,0,1,0,0|0.0302,0.3862,1.0138|0.4196,0.1961,0.4863|256|0|1|1|1|1|0.1|1",
"P|Part|456.5892,153.6182,51.5792,0,0,-1,0.8368,-0.5475,0,-0.5475,-0.8368,0|0.5199,0.8181,4.424|0.9373,0.7216,0.2196|256|0|1|1|1|1|0.1|1",
"P|Part|456.5893,110.1354,105.1302,0,0,-1,-1,-0.0001,0,-0.0001,1,0|0.8691,4.6011,3.0853|0.9725,0.9725,0.9725|256|0|1|1|1|1|0|1",
"P|Part|313.6152,146.4309,144.7148,0,0,1,0,-1,0,1,0,0|0.467,0.2547,0.9339|0.9373,0.7216,0.2196|256|0|1|1|1|1|0.1|1",
"P|Part|-105.4449,147.1759,172.0838,1,0,0,0,1,0,0,0,1|2.9218,2.6783,1.4609|0.8745,0.8745,0.8706|256|0|1|1|1|1|0|1",
"P|Object.4e23|-186.5856,94.4704,85.8904,0,0,1,0,1,0,-1,0,0|0.1967,0.4945,17.2214|0.8353,0.451,0.2392|256|0|1|1|1|1|0|1",
"P|Part|456.5894,106.7268,28.1298,0,0,-1,0.0637,0.998,0,0.998,-0.0637,0|0.5199,0.8181,4.424|0.9373,0.7216,0.2196|256|0|1|1|1|1|0.1|1",
"P|Part|174.8542,70.4155,18.0549,0,1,0,1,0,0,0,0,-1|0.4577,12.0518,12.0518|0.9373,0.7216,0.2196|256|0|1|1|1|1|0.1|1",
"P|Part|456.5892,115.1762,29.753,0,0,-1,0.995,0.0998,0,0.0998,-0.995,0|0.8691,3.107,3.0853|0.9725,0.9725,0.9725|256|0|1|1|1|1|0.1|1",
"P|Part|171.4643,66.4674,148.8095,-0.7071,0,-0.7071,0,1,0,0.7071,0,-0.7071|0.0302,0.3862,1.0138|0.4196,0.1961,0.4863|256|0|1|1|1|1|0.1|1",
"P|Part|456.5893,103.3272,29.9608,0,0,-1,0.9909,-0.1346,0,-0.1346,-0.9909,0|0.8691,3.107,3.0853|0.9725,0.9725,0.9725|256|0|1|1|1|1|0.1|1",
"P|Part|341.5985,118.1851,18.0511,0,1,0,1,0,0,0,0,-1|2.0061,3.0129,3.01|0.9373,0.7216,0.2196|256|0|1|1|1|1|0.1|1",
"P|Part|20.6877,73.3255,85.0808,0,0,1,1,0,0,0,1,0|0.1498,0.3434,2.189|0.9373,0.7216,0.2196|256|0|1|1|1|1|0.1|1",
"P|Part|456.5893,95.586,103.2187,0,0,-1,0.8469,0.5318,0,0.5318,-0.8469,0|0.8529,0.4188,4.8188|0.9725,0.9725,0.9725|256|0|1|1|1|1|0|1",
"P|Part|456.5894,141.6338,105.2738,0,0,-1,0.6251,-0.7806,0,-0.7806,-0.6251,0|1.2578,0.6176,7.1059|0.9725,0.9725,0.9725|256|0|1|1|1|1|0|1",
"P|Part|-207.7066,147.1759,164.7794,-1,0,0,0,1,0,0,0,-1|2.9218,2.6783,1.4609|0.8745,0.8745,0.8706|256|0|1|1|1|1|0|1",
"P|Part|448.5164,74.2303,51.3433,0,0,-1,0,1,0,1,0,0|32.1977,0.8534,0.9479|0.9373,0.7216,0.2196|256|0|1|1|1|1|0.1|1",
"P|Part|-189.9326,147.1759,-3.9525,0,0,-1,0,1,0,1,0,0|2.9218,2.6783,1.4609|0.8745,0.8745,0.8706|256|0|1|1|1|1|0|1",
"P|Part|456.5894,104.5395,104.4941,0,0,-1,-0.9748,-0.2232,0,-0.2232,0.9748,0|0.8691,4.6011,3.0853|0.9725,0.9725,0.9725|256|0|1|1|1|1|0|1",
"P|Part|-86.7456,115.6452,20.1521,1,0,0,0,1,0,0,0,1|2.1426,51.6178,1.0713|0.8745,0.8745,0.8706|256|0|1|1|1|1|0|1",
"P|Part|329.4643,66.0812,148.8095,0.7071,0,-0.7071,0,-1,0,-0.7071,0,-0.7071|0.0302,0.3862,1.0138|0.4196,0.1961,0.4863|256|0|1|1|1|1|0.1|1",
"U|CorinthianCapital|84.8502,152.3697,23.4712,-0.25,0.067,0.9659,0.2588,0.9659,0,-0.933,0.25,-0.2588|2.0992,5.5728,2.2216|0.9725,0.9725,0.9725|256|0|1|1|1|1|0|1",
"P|Part|456.5892,113.5095,29.6122,0,0,-1,0.9978,0.0668,0,0.0668,-0.9978,0|0.8691,3.107,3.0853|0.9725,0.9725,0.9725|256|0|1|1|1|1|0.1|1",
"P|Part.9aba|-186.5856,94.4704,78.0778,0,0,1,0,1,0,-1,0,0|0.1967,0.4945,17.2214|0.8353,0.451,0.2392|256|0|1|1|1|1|0|1",
"P|Part|-232.5416,143.402,147.127,1,0,0,0,1,0,0,0,1|2.4348,4.8696,1.2174|0.8745,0.8745,0.8706|256|0|1|1|1|1|0|1",
"P|Part|409.4643,66.4674,22.1516,-0.7071,0,-0.7071,0,1,0,0.7071,0,-0.7071|0.0302,0.3862,1.0138|0.4196,0.1961,0.4863|256|0|1|1|1|1|0.1|1",
"U|Base|83.3302,66.9758,145.201,0,0,1,0,1,0,-1,0,0|21.3944,13.0983,21.3944|0.9725,0.9725,0.9725|256|0|1|1|1|1|0|1",
"P|Part.c89a|-186.5856,94.4704,73.2684,0,0,1,0,1,0,-1,0,0|0.1967,0.4945,17.2214|0.8353,0.451,0.2392|256|0|1|1|1|1|0|1",
"P|Part|456.5894,75.7476,101.1086,0,0,-1,-0.5223,-0.8528,0,-0.8528,0.5223,0|1.2578,0.668,7.1059|0.9725,0.9725,0.9725|256|0|1|1|1|1|0|1",
"P|Part|456.5893,87.3739,95.2025,0,0,-1,-0.5542,-0.8324,0,-0.8324,0.5542,0|0.8529,0.453,4.8188|0.9725,0.9725,0.9725|256|0|1|1|1|1|0|1",
"P|Part|456.5889,84.6445,53.2534,0,0,-1,-0.7246,0.6892,0,0.6892,0.7246,0|1.2816,6.7849,4.5497|0.9725,0.9725,0.9725|256|0|1|1|1|1|0|1",
"P|Part|324.6273,118.1851,144.7148,0,-1,0,1,0,0,0,0,1|2.0061,3.0129,3.01|0.9373,0.7216,0.2196|256|0|1|1|1|1|0.1|1",
"P|Part|456.5893,157.3361,61.9379,0,0,-1,0.3583,0.9336,0,0.9336,-0.3583,0|0.8691,3.107,3.0853|0.9725,0.9725,0.9725|256|0|1|1|1|1|0.1|1",
"P|Part|-111.4101,86.7928,-4.4395,0,0,-1,0,1,0,1,0,0|2.4348,6.087,1.2174|0.8745,0.8745,0.8706|256|0|1|1|1|1|0|1",
"P|Part|-230.1068,115.6452,147.8331,1,0,0,0,1,0,0,0,1|2.1426,51.6178,1.0713|0.8745,0.8745,0.8706|256|0|1|1|1|1|0|1",
"P|Part|456.5894,119.182,105.8695,0,0,-1,0.9438,-0.3306,0,-0.3306,-0.9438,0|0.8529,0.4188,4.8188|0.9725,0.9725,0.9725|256|0|1|1|1|1|0|1",
"P|Part|-85.1386,115.6452,168.4316,0,0,1,0,1,0,-1,0,0|2.1426,51.6178,1.0713|0.8745,0.8745,0.8706|256|0|1|1|1|1|0|1",
"P|Part.d908|-193.9493,119.4254,74.6712,0,0,-1,0.5,0.866,0,0.866,-0.5,0|7.825,0.6727,1.5747|0.9373,0.7216,0.2196|256|0|1|1|1|1|0|1",
"P|Part|456.5893,103.8753,53.4296,0,0,-1,0.9734,-0.229,0,-0.229,-0.9734,0|0.8529,0.453,4.8188|0.9725,0.9725,0.9725|256|0|1|1|1|1|0|1",
"P|Part|203.6891,159.114,18.0511,0,1,0,1,0,0,0,0,-1|2.2924,0.5094,0.467|0.9373,0.7216,0.2196|256|0|1|1|1|1|0.1|1",
"P|Part|332.0438,65.9665,23.2897,0,0,1,0,-1,0,1,0,0|0.0481,0.6156,1.616|0.9373,0.7216,0.2196|256|0|1|1|1|1|0.1|1",
"P|Part|456.5893,130.2708,98.5813,0,0,-1,0.6772,-0.7358,0,-0.7358,-0.6772,0|0.8529,0.4188,4.8188|0.9725,0.9725,0.9725|256|0|1|1|1|1|0|1",
"P|Part|456.5893,92.1434,31.1906,0,0,-1,-0.3437,-0.9391,0,-0.9391,0.3437,0|0.5199,0.8181,4.424|0.9373,0.7216,0.2196|256|0|1|1|1|1|0.1|1",
"P|Part|-189.3239,143.402,165.9968,0,0,-1,0,1,0,1,0,0|2.4348,4.8696,1.2174|0.8745,0.8745,0.8706|256|0|1|1|1|1|0|1",
"P|Part|258.1078,65.9665,147.8672,-0.7071,0,-0.7071,0,-1,0,-0.7071,0,0.7071|0.0481,0.6156,1.616|0.9373,0.7216,0.2196|256|0|1|1|1|1|0.1|1",
"P|Part|-186.2803,86.7928,-2.6134,1,0,0,0,1,0,0,0,1|2.4348,6.087,1.2174|0.8745,0.8745,0.8706|256|0|1|1|1|1|0|1",
"P|Part|297.7972,163.1198,18.0568,0,0,1,0,1,0,-1,0,0|0.467,5.7054,0.9339|0.9373,0.7216,0.2196|256|0|1|1|1|1|0.1|1",
"P|Object.1a95|-194.0414,112.9365,88.1052,0,0,1,-1,0,0,0,-1,0|0.2272,2.8493,3.4154|0.1059,0.1647,0.2078|256|0|1|1|1|1|0|1",
"P|Part|169.6157,152.7408,18.8797,1,0,0,0,-1,0,0,0,-1|0.0481,0.6156,1.616|0.9373,0.7216,0.2196|256|0|1|1|1|1|0.1|1",
"P|Part|456.5893,100.5324,28.8956,0,0,-1,-0.1826,-0.9832,0,-0.9832,0.1826,0|0.5199,0.8181,4.424|0.9373,0.7216,0.2196|256|0|1|1|1|1|0.1|1",
"P|Part|-232.2494,115.6452,117.0572,-1,0,0,0,1,0,0,0,-1|2.1426,51.6178,1.0713|0.8745,0.8745,0.8706|256|0|1|1|1|1|0|1",
"P|Part|456.5893,142.0587,55.3668,0,0,-1,-0.6117,-0.7911,0,-0.7911,0.6117,0|1.2578,0.6176,7.1059|0.9725,0.9725,0.9725|256|0|1|1|1|1|0|1",
"P|Part|-91.9317,86.7928,122.1703,0,0,-1,0,1,0,1,0,0|2.4348,6.087,1.2174|0.8745,0.8745,0.8706|256|0|1|1|1|1|0|1",
"P|Part|456.5894,112.0633,120.3284,0,0,-1,-0.9989,0.0478,0,0.0478,0.9989,0|1.2578,0.668,7.1059|0.9725,0.9725,0.9725|256|0|1|1|1|1|0|1",
"P|Object.94ff|-186.5856,94.4704,80.2837,0,0,1,0,1,0,-1,0,0|0.1967,0.4945,17.2214|0.8353,0.451,0.2392|256|0|1|1|1|1|0|1",
"P|Part|-230.1068,82.5319,144.0835,1,0,0,0,1,0,0,0,1|14.6088,2.4348,14.6088|0.8745,0.8745,0.8706|256|0|1|1|1|1|0|1",
"P|Part|456.5892,87.6209,127.0828,0,0,-1,-0.4306,0.9025,0,0.9025,0.4306,0|0.5199,0.8181,4.424|0.9373,0.7216,0.2196|256|0|1|1|1|1|0.1|1",
"P|Part|456.5892,124.1238,59.2343,0,0,-1,-0.83,-0.5578,0,-0.5578,0.83,0|0.8691,4.6011,3.0853|0.9725,0.9725,0.9725|256|0|1|1|1|1|0|1",
"P|Part|456.589,159.158,62.7829,0,0,-1,0.9432,-0.3323,0,-0.3323,-0.9432,0|0.5199,0.8181,4.424|0.9373,0.7216,0.2196|256|0|1|1|1|1|0.1|1",
"P|Part|328.5734,65.9665,21.1813,-0.7071,0,0.7071,0,-1,0,0.7071,0,0.7071|0.0481,0.6156,1.616|0.9373,0.7216,0.2196|256|0|1|1|1|1|0.1|1",
"P|Part|456.589,125.6096,113.6424,0,0,-1,-0.9083,0.4184,0,0.4184,0.9083,0|1.2816,6.7849,4.5497|0.9725,0.9725,0.9725|256|0|1|1|1|1|0|1",
"P|Part|20.6877,82.8303,85.5422,0,0,-1,-1,0,0,0,1,0|0.1777,0.4075,2.5978|0.9373,0.7216,0.2196|256|0|1|1|1|1|0.1|1",
"P|Part|329.9289,109.5029,20.9971,0,-0.7071,-0.7071,-1,0,0,0,0.7071,-0.7071|92.9901,2.157,4.3139|1,1,1|256|0|1|1|1|1|0|1",
"P|Part|456.589,91.4372,128.7244,0,0,-1,0.3573,-0.934,0,-0.934,-0.3573,0|0.5199,0.8181,4.424|0.9373,0.7216,0.2196|256|0|1|1|1|1|0.1|1",
"P|Part|456.5892,154.6674,106.941,0,0,-1,0.8569,0.5156,0,0.5156,-0.8569,0|0.5199,0.8181,4.424|0.9373,0.7216,0.2196|256|0|1|1|1|1|0.1|1",
"P|Part|456.589,87.9509,64.0587,0,0,-1,0.5847,-0.8113,0,-0.8113,-0.5847,0|0.8529,0.453,4.8188|0.9725,0.9725,0.9725|256|0|1|1|1|1|0|1",
"P|Part|336.2178,66.0812,22.1796,0.7071,0,0.7071,0,-1,0,0.7071,0,-0.7071|0.0302,0.3862,1.0138|0.4196,0.1961,0.4863|256|0|1|1|1|1|0.1|1",
"P|Part|416.2178,152.8554,22.1795,0.7071,0,0.7071,0,-1,0,0.7071,0,-0.7071|0.0302,0.3862,1.0138|0.4196,0.1961,0.4863|256|0|1|1|1|1|0.1|1",
"P|Part|245.6273,98.387,18.0569,0,1,0,1,0,0,0,0,-1|64.6275,1.5065,1.5065|0.9373,0.7216,0.2196|256|0|1|1|1|1|0.1|1",
"P|Part|-136.3668,147.1759,171.3533,0,0,-1,0,1,0,1,0,0|2.9218,2.6783,1.4609|0.8745,0.8745,0.8706|256|0|1|1|1|1|0|1",
"P|Part|412.3455,66.4674,150.0043,0,0,1,0,1,0,-1,0,0|0.0302,0.3862,1.0138|0.4196,0.1961,0.4863|256|0|1|1|1|1|0.1|1",
"P|Part|335.7758,109.5029,147.6504,0,0.7071,-0.7071,-1,0,0,0,0.7071,0.7071|92.9901,2.157,4.3139|1,1,1|256|0|1|1|1|1|0|1",
"P||-213.3066,115.6452,170.5742,0,0,-1,0,1,0,1,0,0|2.1426,51.6178,1.0713|0.8745,0.8745,0.8706|256|0|1|1|1|1|0|1",
"P|Part|393.6152,146.4309,18.0569,0,0,1,0,-1,0,1,0,0|0.467,0.2547,0.9339|0.9373,0.7216,0.2196|256|0|1|1|1|1|0.1|1",
"P|Part|298.264,112.0205,18.0568,0,1,0,1,0,0,0,0,-1|91.8946,1.5065,1.5065|0.9373,0.7216,0.2196|256|0|1|1|1|1|0.1|1",
"P|Object.7fb6|-193.9073,107.7927,75.5505,0,0,1,0,1,0,-1,0,0|0.3335,24.6936,3.0289|0.9373,0.7216,0.2196|256|0|1|1|1|1|0|1",
"P|Part|456.5892,151.6533,48.7796,0,0,-1,0.7991,-0.6013,0,-0.6013,-0.7991,0|0.5199,0.8181,4.424|0.9373,0.7216,0.2196|256|0|1|1|1|1|0.1|1",
"P|Part|406.1335,77.2092,144.7136,0,0,1,0,1,0,-1,0,0|3.0129,4.7177,3.0129|0.9373,0.7216,0.2196|256|0|1|1|1|1|0.1|1",
"U|CorinthianCapital|76.8694,149.3139,147.8639,0.8365,-0.2241,0.5,0.2588,0.9659,0,-0.483,0.1294,0.866|2.0992,5.5728,2.2216|0.9725,0.9725,0.9725|256|0|1|1|1|1|0|1",
"P|Part|453.8937,137.5033,127.8015,0,0,-1,-0.866,0.5,0,0.5,0.866,0|21.5537,1.7843,2.3048|0.9373,0.7216,0.2196|256|0|1|1|1|1|0.1|1",
"P|Part|456.5893,109.0065,117.018,0,0,-1,-0.9995,-0.0305,0,-0.0305,0.9995,0|1.2816,6.7849,4.5497|0.9725,0.9725,0.9725|256|0|1|1|1|1|0|1",
"P|Part|253.3458,66.0812,139.3673,0,0,1,0,-1,0,1,0,0|0.0302,0.3862,1.0138|0.4196,0.1961,0.4863|256|0|1|1|1|1|0.1|1",
"P|Part|456.5893,142.7275,118.7072,0,0,-1,-0.7645,0.6447,0,0.6447,0.7645,0|0.8691,3.107,3.0853|0.9725,0.9725,0.9725|256|0|1|1|1|1|0.1|1",
"P|Object.c26c|-186.5856,94.4704,74.1764,0,0,1,0,1,0,-1,0,0|0.1967,0.4945,17.2214|0.8353,0.451,0.2392|256|0|1|1|1|1|0|1",
"P|Part|-105.3231,143.402,-9.3091,0,0,1,0,1,0,-1,0,0|2.4348,4.8696,1.2174|0.8745,0.8745,0.8706|256|0|1|1|1|1|0|1",
"P|Part|277.4161,155.4984,18.0511,0,1,0,1,0,0,0,0,-1|2.2924,0.5094,0.467|0.9373,0.7216,0.2196|256|0|1|1|1|1|0.1|1",
"P|Part|266.4041,149.4109,18.0511,0,0,1,0,1,0,-1,0,0|0.467,5.7054,0.9339|0.9373,0.7216,0.2196|256|0|1|1|1|1|0.1|1",
"P|Part|23.2448,83.2175,85.1669,0,0.7071,-0.7071,-1,0,0,0,0.7071,0.7071|0.2192,0.5025,3.2036|0.9373,0.7216,0.2196|256|0|1|1|1|1|0.1|1",
"P|Part|456.5894,123.5105,42.0052,0,0,-1,0.9434,0.3316,0,0.3316,-0.9434,0|1.2578,0.668,7.1059|0.9725,0.9725,0.9725|256|0|1|1|1|1|0|1",
"P|Part|-91.81,147.1759,164.7794,-1,0,0,0,1,0,0,0,-1|2.9218,2.6783,1.4609|0.8745,0.8745,0.8706|256|0|1|1|1|1|0|1",
"P|Part|456.5893,115.9125,130.2733,0,0,-1,0.9934,-0.1143,0,-0.1143,-0.9934,0|0.8691,3.107,3.0853|0.9725,0.9725,0.9725|256|0|1|1|1|1|0.1|1",
"P|Part|-91.323,86.7928,122.779,1,0,0,0,1,0,0,0,1|2.4348,6.087,1.2174|0.8745,0.8745,0.8706|256|0|1|1|1|1|0|1",
"P|EP2|29.5854,71.3506,82.5778,0,0,1,1,0,0,0,1,0|1.7679,5.3516,1.7679|0.9725,0.9725,0.9725|256|1|0|1|1|1|0|0|AT:Attachment:0,0,0,0,0,0|PE:ParticleEmitter:rbxassetid://277916207:1:12:1:1:1.6724:1.6724",
"P|Part|456.589,110.6122,107.4064,0,0,-1,0.9998,-0.0174,0,-0.0174,-0.9999,0|0.8529,0.4188,4.8188|0.9725,0.9725,0.9725|256|0|1|1|1|1|0|1",
"P|Part|456.5893,121.7881,29.3634,0,0,-1,0.2256,-0.9742,0,-0.9742,-0.2256,0|0.5199,0.8181,4.424|0.9373,0.7216,0.2196|256|0|1|1|1|1|0.1|1",
"P|Part|-111.4101,86.7928,165.9968,0,0,-1,0,1,0,1,0,0|2.4348,6.087,1.2174|0.8745,0.8745,0.8706|256|0|1|1|1|1|0|1",
"P|Part|456.5894,84.7194,106.9178,0,0,-1,-0.7264,-0.6873,0,-0.6873,0.7264,0|1.2816,6.7849,4.5497|0.9725,0.9725,0.9725|256|0|1|1|1|1|0|1",
"P|Part|456.5892,77.9342,61.87,0,0,-1,-0.4917,0.8708,0,0.8708,0.4917,0|1.2816,6.7849,4.5497|0.9725,0.9725,0.9725|256|0|1|1|1|1|0|1",
"P|Part|249.5734,66.5821,21.1813,0.7071,0,0.7071,0,1,0,-0.7071,0,0.7071|0.0481,0.6156,1.616|0.9373,0.7216,0.2196|256|0|1|1|1|1|0.1|1",
"P|Part|409.4468,66.0812,13.9741,-0.7071,0,-0.7071,0,-1,0,-0.7071,0,0.7071|0.0302,0.3862,1.0138|0.4196,0.1961,0.4863|256|0|1|1|1|1|0.1|1",
"P|Part|-86.4534,143.402,-9.9178,-1,0,0,0,1,0,0,0,-1|2.4348,4.8696,1.2174|0.8745,0.8745,0.8706|256|0|1|1|1|1|0|1",
"P|Part|-188.423,115.6452,165.7533,-1,0,0,0,1,0,0,0,-1|2.1426,51.6178,1.0713|0.8745,0.8745,0.8706|256|0|1|1|1|1|0|1",
"P|Part|456.5894,150.4849,79.6544,0,0,-1,-0.0098,-1,0,-1,0.0098,0|1.2578,0.6176,7.1059|0.9725,0.9725,0.9725|256|0|1|1|1|1|0|1",
"P|Part|271.6767,154.9849,18.0511,0,0,1,0,1,0,-1,0,0|0.467,5.7054,0.9339|0.9373,0.7216,0.2196|256|0|1|1|1|1|0.1|1",
"P|Part|204.1559,163.1198,144.7091,0,0,-1,0,1,0,1,0,0|0.467,5.7054,0.9339|0.9373,0.7216,0.2196|256|0|1|1|1|1|0.1|1",
"P|Part|456.5892,145.337,60.3224,0,0,-1,-0.4889,-0.8724,0,-0.8724,0.4889,0|1.2578,0.6176,7.1059|0.9725,0.9725,0.9725|256|0|1|1|1|1|0|1",
"P|Part|20.6881,77.4864,85.0717,0,0,-1,-1,0,0,0,1,0|0.1492,0.3421,2.1808|0.9373,0.7216,0.2196|256|0|1|1|1|1|0.1|1",
"P|Part|456.5893,138.1113,122.1709,0,0,-1,-0.833,0.5533,0,0.5533,0.833,0|0.8691,3.107,3.0853|0.9725,0.9725,0.9725|256|0|1|1|1|1|0.1|1",
"P|Part|456.5894,126.9536,32.3724,0,0,-1,0.943,0.3327,0,0.3327,-0.943,0|0.8691,3.107,3.0853|0.9725,0.9725,0.9725|256|0|1|1|1|1|0.1|1",
"P|Part|-159.4646,61.4037,17.4062,0,0,-1,0,1,0,1,0,0|84.1125,8.0748,178.3186|0.8745,0.8745,0.8706|256|0|1|1|1|1|0|1",
"P|Part|293.1422,162.127,144.7148,0,-1,0,1,0,0,0,0,1|2.2924,0.5094,0.467|0.9373,0.7216,0.2196|256|0|1|1|1|1|0.1|1",
"P|Part|17.0639,78.966,78.9863,0,-0.7071,0.7071,-1,0,0,0,-0.7071,-0.7071|0.3106,0.7121,4.5399|0.9373,0.7216,0.2196|256|0|1|1|1|1|0.1|1",
"P|Part|456.5893,154.1306,52.395,0,0,-1,-0.8468,0.5319,0,0.5319,0.8468,0|0.5199,0.8181,4.424|0.9373,0.7216,0.2196|256|0|1|1|1|1|0.1|1",
"P|Part|-151.9496,147.1759,-6.8743,0,0,1,0,1,0,-1,0,0|2.9218,2.6783,1.4609|0.8745,0.8745,0.8706|256|0|1|1|1|1|0|1",
"P|Part|456.5893,95.5523,59.6405,0,0,-1,-0.8138,0.5811,0,0.5811,0.8138,0|0.8691,4.6011,3.0853|0.9725,0.9725,0.9725|256|0|1|1|1|1|0|1",
"P|Part|-85.8447,86.7928,141.6487,0,0,1,0,1,0,-1,0,0|2.4348,6.087,1.2174|0.8745,0.8745,0.8706|256|0|1|1|1|1|0|1",
"P|Part|456.5893,118.6756,119.4799,0,0,-1,0.9773,-0.2116,0,-0.2116,-0.9774,0|1.2578,0.6176,7.1059|0.9725,0.9725,0.9725|256|0|1|1|1|1|0|1",
"P|Part|-232.2495,115.6452,-4.196,1,0,0,0,1,0,0,0,1|2.1426,51.6178,1.0713|0.8745,0.8745,0.8706|256|0|1|1|1|1|0|1",
"P|Part|456.5893,148.043,113.5153,0,0,-1,-0.6617,0.7497,0,0.7497,0.6617,0|0.8691,3.107,3.0853|0.9725,0.9725,0.9725|256|0|1|1|1|1|0.1|1",
"M|Cloud2|103.8608,217.4413,-110.0376,0.9999,-0.0114,0,0.0114,0.9997,-0.0221,0.0003,0.0221,0.9998|13.763,9.0949,24.6667|1,1,1|256|0|1|1|1|1|0|1|rbxassetid://4862430258|",
"P|Part|456.5892,85.4521,125.99,0,0,-1,0.4722,-0.8815,0,-0.8815,-0.4722,0|0.5199,0.8181,4.424|0.9373,0.7216,0.2196|256|0|1|1|1|1|0.1|1",
"P|Part|456.5894,127.501,61.9555,0,0,-1,-0.7214,-0.6925,0,-0.6925,0.7214,0|0.8691,4.6011,3.0853|0.9725,0.9725,0.9725|256|0|1|1|1|1|0|1",
"P|Part|-183.6021,115.6452,170.5742,0,0,1,0,1,0,-1,0,0|2.1426,51.6178,1.0713|0.8745,0.8745,0.8706|256|0|1|1|1|1|0|1",
"P|Part|258.124,152.7408,14.9162,0.7071,0,-0.7071,0,-1,0,-0.7071,0,-0.7071|0.0481,0.6156,1.616|0.9373,0.7216,0.2196|256|0|1|1|1|1|0.1|1",
"P|Part|456.5894,109.4524,132.1564,0,0,-1,0.0113,-0.9999,0,-0.9999,-0.0113,0|0.5199,0.8181,4.424|0.9373,0.7216,0.2196|256|0|1|1|1|1|0.1|1",
"P|Part|292.675,166.1327,18.0569,0,0,1,0,1,0,-1,0,0|0.467,5.7054,0.9339|0.9373,0.7216,0.2196|256|0|1|1|1|1|0.1|1",
"P|Part|456.5894,147.104,63.8728,0,0,-1,-0.4009,-0.9161,0,-0.9161,0.4009,0|1.2578,0.6176,7.1059|0.9725,0.9725,0.9725|256|0|1|1|1|1|0|1",
"P|Part|254.3595,66.0812,12.7094,0,0,-1,0,-1,0,-1,0,0|0.0302,0.3862,1.0138|0.4196,0.1961,0.4863|256|0|1|1|1|1|0.1|1",
"P|Part|456.5892,145.8768,70.5634,0,0,-1,-0.2565,-0.9665,0,-0.9665,0.2565,0|1.2816,6.7849,4.5497|0.9725,0.9725,0.9725|256|0|1|1|1|1|0|1",
"P|Part|456.5894,144.4854,117.1578,0,0,-1,-0.7338,0.6794,0,0.6794,0.7338,0|0.8691,3.107,3.0853|0.9725,0.9725,0.9725|256|0|1|1|1|1|0.1|1",
"P|Part|413.6602,152.7408,139.423,0,0,-1,0,-1,0,-1,0,0|0.0481,0.6156,1.616|0.9373,0.7216,0.2196|256|0|1|1|1|1|0.1|1",
"P|Part|308.3425,152.0048,18.0568,0,0,1,0,-1,0,1,0,0|0.467,0.2547,0.9339|0.9373,0.7216,0.2196|256|0|1|1|1|1|0.1|1",
"P|Part|327.5606,152.8554,17.566,-1,0,0,0,-1,0,0,0,1|0.0302,0.3862,1.0138|0.4196,0.1961,0.4863|256|0|1|1|1|1|0.1|1",
"P|Part|456.589,108.0257,28.0631,0,0,-1,0.0387,0.9992,0,0.9993,-0.0387,0|0.5199,0.8181,4.424|0.9373,0.7216,0.2196|256|0|1|1|1|1|0.1|1",
"P|Part|456.5893,124.0886,117.9088,0,0,-1,0.9383,-0.3458,0,-0.3458,-0.9383,0|1.2578,0.6176,7.1059|0.9725,0.9725,0.9725|256|0|1|1|1|1|0|1",
"P|Part|456.5892,122.1773,130.7303,0,0,-1,-0.2331,-0.9725,0,-0.9725,0.2331,0|0.5199,0.8181,4.424|0.9373,0.7216,0.2196|256|0|1|1|1|1|0.1|1",
"P|Part|413.3595,66.0812,139.3673,0,0,-1,0,-1,0,-1,0,0|0.0302,0.3862,1.0138|0.4196,0.1961,0.4863|256|0|1|1|1|1|0.1|1",
"P|Part|-88.8882,82.5319,41.8218,1,0,0,0,1,0,0,0,1|14.6088,2.4348,14.6088|0.8745,0.8745,0.8706|256|0|1|1|1|1|0|1",
"P|Part|456.5892,127.1238,47.2081,0,0,-1,-0.8882,-0.4595,0,-0.4595,0.8882,0|1.2816,6.7849,4.5497|0.9725,0.9725,0.9725|256|0|1|1|1|1|0|1",
"P|Object.470a|-193.8621,130.786,71.8883,0,0,1,-1,0,0,0,-1,0|0.3615,1.8405,3.4154|0.8353,0.451,0.2392|256|0|1|1|1|1|0|1",
"P|Part|456.5893,89.5863,49.3017,0,0,-1,-0.8315,0.5555,0,0.5555,0.8315,0|1.2816,6.7849,4.5497|0.9725,0.9725,0.9725|256|0|1|1|1|1|0|1",
"P|Object.4d8c|-193.9073,109.9147,83.6384,0,0,1,0,1,0,-1,0,0|1.4573,0.0246,3.0289|0.9373,0.7216,0.2196|256|0|1|1|1|1|0|1",
"P|Part|456.5892,150.8403,47.7282,0,0,-1,0.7834,-0.6215,0,-0.6215,-0.7834,0|0.5199,0.8181,4.424|0.9373,0.7216,0.2196|256|0|1|1|1|1|0.1|1",
"P|Part|239.8878,143.0838,18.0569,0,0,1,0,1,0,-1,0,0|0.467,5.7054,0.9339|0.9373,0.7216,0.2196|256|0|1|1|1|1|0.1|1",
"P|Part|456.5892,117.8979,53.8269,0,0,-1,0.9589,0.2838,0,0.2838,-0.9589,0|0.8529,0.453,4.8188|0.9725,0.9725,0.9725|256|0|1|1|1|1|0|1",
"P|Part|456.5892,147.5843,65.0196,0,0,-1,-0.3725,-0.928,0,-0.928,0.3725,0|1.2578,0.6176,7.1059|0.9725,0.9725,0.9725|256|0|1|1|1|1|0|1",
"P|Part|456.5893,104.0589,119.9383,0,0,-1,0.9886,0.1506,0,0.1506,-0.9886,0|1.2578,0.6176,7.1059|0.9725,0.9725,0.9725|256|0|1|1|1|1|0|1",
"P|Part|-128.4538,86.7928,168.4315,0,0,1,0,1,0,-1,0,0|2.4348,6.087,1.2174|0.8745,0.8745,0.8706|256|0|1|1|1|1|0|1",
"P|Part|-227.9642,115.6452,14.7955,-1,0,0,0,1,0,0,0,-1|2.1426,51.6178,1.0713|0.8745,0.8745,0.8706|256|0|1|1|1|1|0|1",
"P|EP2|20.6548,71.3506,91.5085,0,-1,0,1,0,0,0,0,1|1.7679,5.3516,1.7679|0.9725,0.9725,0.9725|256|1|0|1|1|1|0|0|PE:ParticleEmitter:rbxassetid://277916207:1:12:1:1:1.6724:1.6724|AT:Attachment:0,0,0,0,0,0",
"P|Part|-226.4546,147.1759,141.1617,0,0,1,0,1,0,-1,0,0|2.9218,2.6783,1.4609|0.8745,0.8745,0.8706|256|0|1|1|1|1|0|1",
"P|Part|-183.6021,115.6452,-4.7316,0,0,1,0,1,0,-1,0,0|2.1426,51.6178,1.0713|0.8745,0.8745,0.8706|256|0|1|1|1|1|0|1",
"P|Part|98.3258,82.1805,18.0511,0,1,0,1,0,0,0,0,-1|2.0061,3.0129,3.01|0.9373,0.7216,0.2196|256|0|1|1|1|1|0.1|1",
"P|Part|-94.0013,147.1759,17.4738,0,0,-1,0,1,0,1,0,0|2.9218,2.6783,1.4609|0.8745,0.8745,0.8706|256|0|1|1|1|1|0|1",
"P|Part|256.0119,109.5029,12.8584,0,0.7071,0.7071,1,0,0,0,0.7071,-0.7071|92.9902,0.6058,0.6058|0.9373,0.7216,0.2196|256|0|1|1|1|1|0.1|1",
"P|Part|24.7355,79.3056,86.6577,0,0.7071,-0.7071,-1,0,0,0,0.7071,0.7071|0.3469,0.7955,5.0713|0.9373,0.7216,0.2196|256|0|1|1|1|1|0.1|1",
"P|Part|456.589,160.3007,93.6859,0,0,-1,-0.9653,-0.2611,0,-0.2611,0.9653,0|0.5199,0.8181,4.424|0.9373,0.7216,0.2196|256|0|1|1|1|1|0.1|1",
"P|Part|174.8539,62.7494,18.0541,0,1,0,1,0,0,0,0,-1|0.4577,13.5582,13.5582|0.9373,0.7216,0.2196|256|0|1|1|1|1|0.1|1",
"P|Part|456.5893,143.4574,42.0369,0,0,-1,0.752,0.6592,0,0.6592,-0.752,0|0.8691,3.107,3.0853|0.9725,0.9725,0.9725|256|0|1|1|1|1|0.1|1",
"P|Part|408.5734,152.7408,147.839,-0.7071,0,0.7071,0,-1,0,0.7071,0,0.7071|0.0481,0.6156,1.616|0.9373,0.7216,0.2196|256|0|1|1|1|1|0.1|1",
"P|Part|-183.3586,147.1759,172.0838,1,0,0,0,1,0,0,0,1|2.9218,2.6783,1.4609|0.8745,0.8745,0.8706|256|0|1|1|1|1|0|1",
"P|Part|456.5892,136.4069,110.6814,0,0,-1,0.7591,-0.651,0,-0.651,-0.7591,0|1.2578,0.6176,7.1059|0.9725,0.9725,0.9725|256|0|1|1|1|1|0|1",
"P|Part|456.5894,124.2791,100.7625,0,0,-1,-0.8258,0.5639,0,0.5639,0.8259,0|0.8691,4.6011,3.0853|0.9725,0.9725,0.9725|256|0|1|1|1|1|0|1",
"P|Part|174.3455,152.8554,12.7096,0,0,1,0,-1,0,1,0,0|0.0302,0.3862,1.0138|0.4196,0.1961,0.4863|256|0|1|1|1|1|0.1|1",
"P|Part|219.7311,160.1397,144.7148,0,0,-1,0,-1,0,-1,0,0|0.467,0.2547,0.9339|0.9373,0.7216,0.2196|256|0|1|1|1|1|0.1|1",
"P|Object.2a20|-193.9073,102.8184,87.9963,0,0,1,0,1,0,-1,0,0|3.3187,0.6727,3.0289|0.9373,0.7216,0.2196|256|0|1|1|1|1|0|1",
"P|Part|-91.9317,143.402,-9.3091,0,0,-1,0,1,0,1,0,0|2.4348,4.8696,1.2174|0.8745,0.8745,0.8706|256|0|1|1|1|1|0|1",
"P|Part|456.5894,133.3273,70.4968,0,0,-1,-0.3811,-0.9245,0,-0.9245,0.3811,0|0.8691,4.6011,3.0853|0.9725,0.9725,0.9725|256|0|1|1|1|1|0|1",
"P|Part|174.0445,152.7408,139.4229,0,0,1,0,-1,0,1,0,0|0.0481,0.6156,1.616|0.9373,0.7216,0.2196|256|0|1|1|1|1|0.1|1",
"U|CorinthianCapital|76.8882,156.0227,16.0445,0.866,0,0.5,0,1,0,-0.5,0,0.866|5.8439,10.4786,7.4869|0.9725,0.9725,0.9725|256|0|1|1|1|1|0|1",
"P|Part|253.8546,150.0677,144.7133,0,1,0,1,0,0,0,0,-1|0.4577,13.5582,13.5582|0.9373,0.7216,0.2196|256|0|1|1|1|1|0.1|1",
"P|Part|333.3595,66.0812,139.3673,0,0,-1,0,-1,0,-1,0,0|0.0302,0.3862,1.0138|0.4196,0.1961,0.4863|256|0|1|1|1|1|0.1|1",
"P|Part|456.5892,144.58,43.0405,0,0,-1,0.732,0.6813,0,0.6813,-0.732,0|0.8691,3.107,3.0853|0.9725,0.9725,0.9725|256|0|1|1|1|1|0.1|1",
"P|Part|456.589,128.7942,111.9827,0,0,-1,-0.8634,0.5045,0,0.5045,0.8634,0|1.2816,6.7849,4.5497|0.9725,0.9725,0.9725|256|0|1|1|1|1|0|1",
"P|Part|175.6606,66.5821,139.4228,0,0,-1,0,1,0,1,0,0|0.0481,0.6156,1.616|0.9373,0.7216,0.2196|256|0|1|1|1|1|0.1|1",
"P|Part|456.5892,91.7177,100.2822,0,0,-1,0.7395,0.6732,0,0.6732,-0.7395,0|0.8529,0.4188,4.8188|0.9725,0.9725,0.9725|256|0|1|1|1|1|0|1",
"P|Part|293.1422,162.127,18.0568,0,-1,0,1,0,0,0,0,1|2.2924,0.5094,0.467|0.9373,0.7216,0.2196|256|0|1|1|1|1|0.1|1",
"P|Part|456.5889,130.9996,66.1359,0,0,-1,-0.5548,-0.832,0,-0.832,0.5548,0|0.8691,4.6011,3.0853|0.9725,0.9725,0.9725|256|0|1|1|1|1|0|1",
"P|Part|456.5893,135.0568,82.9051,0,0,-1,0.1138,-0.9935,0,-0.9935,-0.1138,0|0.8691,4.6011,3.0853|0.9725,0.9725,0.9725|256|0|1|1|1|1|0|1",
"P|Part|452.1965,152.4939,80.9269,1,0,0,0,0,-1,0,1,0|0.1432,1.8333,4.8125|0.4196,0.1961,0.4863|256|0|1|1|1|1|0.1|1",
"P|Object.40b6|-186.5856,94.4704,82.0324,0,0,1,0,1,0,-1,0,0|0.1967,0.4945,17.2214|0.8353,0.451,0.2392|256|0|1|1|1|1|0|1",
"P|Part|20.688,77.8007,79.5932,0,0,1,-1,0,0,0,-1,0|0.1828,0.4192,2.6724|0.9373,0.7216,0.2196|256|0|1|1|1|1|0.1|1",
"P|Part|408.7474,66.4674,21.4347,0.7071,0,0.7071,0,1,0,-0.7071,0,0.7071|0.0302,0.3862,1.0138|0.4196,0.1961,0.4863|256|0|1|1|1|1|0.1|1",
"P|Part|-160.8123,115.6452,-6.8743,0,0,-1,0,1,0,1,0,0|2.1426,51.6178,1.0713|0.8745,0.8745,0.8706|256|0|1|1|1|1|0|1",
"P|Part|225.0037,159.5042,144.7148,0,0,-1,0,1,0,1,0,0|0.467,5.7054,0.9339|0.9373,0.7216,0.2196|256|0|1|1|1|1|0.1|1",
"P|Part|-91.323,86.7928,-9.9178,-1,0,0,0,1,0,0,0,-1|2.4348,6.087,1.2174|0.8745,0.8745,0.8706|256|0|1|1|1|1|0|1",
"P|Part|259.0926,153.3564,143.922,1,0,0,0,1,0,0,0,1|0.0481,0.6156,1.616|0.9373,0.7216,0.2196|256|0|1|1|1|1|0.1|1",
"P|EP1|25.0573,83.8603,82.5501,1,0.0001,0.0001,0.0001,0,-1,-0.0001,1,0|0.3911,2.4615,0.3911|0.9725,0.9725,0.9725|256|1|0|1|1|1|0|0|AT:Attachment:0,0,0,0,0,0",
"P|Part|456.5892,131.043,93.8973,0,0,-1,0.5522,-0.8337,0,-0.8337,-0.5522,0|0.8691,4.6011,3.0853|0.9725,0.9725,0.9725|256|0|1|1|1|1|0|1",
"P|Part|250.716,65.9665,148.982,0.7071,0,-0.7071,0,-1,0,-0.7071,0,-0.7071|0.0481,0.6156,1.616|0.9373,0.7216,0.2196|256|0|1|1|1|1|0.1|1",
"P|Part|456.5892,96.1847,117.9095,0,0,-1,0.9383,0.3458,0,0.3458,-0.9383,0|1.2578,0.6176,7.1059|0.9725,0.9725,0.9725|256|0|1|1|1|1|0|1",
"P|Part|251.6896,109.5029,139.5208,0,0.7071,0.7071,1,0,0,0,0.7071,-0.7071|92.9902,0.6058,0.6058|0.9373,0.7216,0.2196|256|0|1|1|1|1|0.1|1",
"P|Part|456.5892,108.8536,105.0976,0,0,-1,-0.9987,-0.0512,0,-0.0512,0.9987,0|0.8691,4.6011,3.0853|0.9725,0.9725,0.9725|256|0|1|1|1|1|0|1",
"M|Right Arm|88.9351,181.2917,142.8713,0.9254,0.3015,0.2295,0.1632,0.2295,-0.9595,-0.342,0.9254,0.1632|6.6446,13.2891,6.6446|0.6392,0.6353,0.6471|256|0|0|1|1|1|0|1|rbxassetid://4906912683|",
"P|Part|-105.9318,86.7928,165.3881,-1,0,0,0,1,0,0,0,-1|2.4348,6.087,1.2174|0.8745,0.8745,0.8706|256|0|1|1|1|1|0|1",
"P|Part|319.3546,139.078,144.7148,0,-1,0,1,0,0,0,0,1|2.2924,0.5094,0.467|0.9373,0.7216,0.2196|256|0|1|1|1|1|0.1|1",
"P|Part|456.589,122.0395,55.4091,0,0,-1,-0.9004,-0.435,0,-0.435,0.9004,0|0.8529,0.4188,4.8188|0.9725,0.9725,0.9725|256|0|1|1|1|1|0|1",
"P|Part|456.5894,90.9576,115.5503,0,0,-1,0.8798,0.4753,0,0.4753,-0.8798,0|1.2578,0.6176,7.1059|0.9725,0.9725,0.9725|256|0|1|1|1|1|0|1",
"P|Part|456.5893,127.4361,101.258,0,0,-1,0.7751,-0.6319,0,-0.6319,-0.7751,0|0.8529,0.4188,4.8188|0.9725,0.9725,0.9725|256|0|1|1|1|1|0|1",
"P|Part|187.4041,146.4309,144.709,0,0,1,0,-1,0,1,0,0|0.467,0.2547,0.9339|0.9373,0.7216,0.2196|256|0|1|1|1|1|0.1|1",
"P|Part|239.8878,140.1037,144.7148,0,0,1,0,-1,0,1,0,0|0.467,0.2547,0.9339|0.9373,0.7216,0.2196|256|0|1|1|1|1|0.1|1",
"P|Part|456.5894,142.8732,103.6424,0,0,-1,0.5847,-0.8113,0,-0.8113,-0.5847,0|1.2578,0.6176,7.1059|0.9725,0.9725,0.9725|256|0|1|1|1|1|0|1",
"P|Part|456.5894,113.8496,116.8492,0,0,-1,-0.9949,0.1004,0,0.1004,0.9949,0|1.2816,6.7849,4.5497|0.9725,0.9725,0.9725|256|0|1|1|1|1|0|1",
"P|Part|338.0926,65.9665,145.538,1,0,0,0,-1,0,0,0,-1|0.0481,0.6156,1.616|0.9373,0.7216,0.2196|256|0|1|1|1|1|0.1|1",
"P|Part|-227.9642,115.6452,165.7533,-1,0,0,0,1,0,0,0,-1|2.1426,51.6178,1.0713|0.8745,0.8745,0.8706|256|0|1|1|1|1|0|1",
"P|Part|319.8217,140.1037,18.0569,0,0,-1,0,-1,0,-1,0,0|0.467,0.2547,0.9339|0.9373,0.7216,0.2196|256|0|1|1|1|1|0.1|1",
"P|Part|314.0819,105.1661,18.0568,0,1,0,1,0,0,0,0,-1|78.1858,1.5065,1.5065|0.9373,0.7216,0.2196|256|0|1|1|1|1|0.1|1",
"P|Part|456.5896,113.1654,120.2788,0,0,-1,0.9972,-0.0751,0,-0.0751,-0.9972,0|1.2578,0.6176,7.1059|0.9725,0.9725,0.9725|256|0|1|1|1|1|0|1",
"P|Part|456.5893,103.6171,40.2587,0,0,-1,0.9868,-0.1617,0,-0.1617,-0.9868,0|1.2578,0.668,7.1059|0.9725,0.9725,0.9725|256|0|1|1|1|1|0|1",
"P|Part|-110.8014,86.7928,-9.9178,-1,0,0,0,1,0,0,0,-1|2.4348,6.087,1.2174|0.8745,0.8745,0.8706|256|0|1|1|1|1|0|1",
"P|Part|456.5892,98.9533,130.9633,0,0,-1,-0.213,0.9771,0,0.9771,0.213,0|0.5199,0.8181,4.424|0.9373,0.7216,0.2196|256|0|1|1|1|1|0.1|1",
"P|Part|416.2346,153.2417,13.9483,0.7071,0,0.7071,0,1,0,-0.7071,0,0.7071|0.0302,0.3862,1.0138|0.4196,0.1961,0.4863|256|0|1|1|1|1|0.1|1",
"P|Part|171.6982,65.9665,140.4574,-0.7071,0,-0.7071,0,-1,0,-0.7071,0,0.7071|0.0481,0.6156,1.616|0.9373,0.7216,0.2196|256|0|1|1|1|1|0.1|1",
"P|Part|-153.4105,147.1759,171.3533,0,0,1,0,1,0,-1,0,0|2.9218,2.6783,1.4609|0.8745,0.8745,0.8706|256|0|1|1|1|1|0|1",
"P|Part|456.5894,160.6872,80.6426,0,0,-1,-0.0117,0.9999,0,0.9999,0.0117,0|0.8691,3.107,3.0853|0.9725,0.9725,0.9725|256|0|1|1|1|1|0.1|1",
"P|Part|155.6152,146.4309,18.0569,0,0,1,0,-1,0,1,0,0|0.467,0.2547,0.9339|0.9373,0.7216,0.2196|256|0|1|1|1|1|0.1|1",
"P|Part|-85.236,147.1759,38.9,0,0,1,0,1,0,-1,0,0|2.9218,2.6783,1.4609|0.8745,0.8745,0.8706|256|0|1|1|1|1|0|1",
"P|Part|456.5892,102.1303,119.5957,0,0,-1,0.9801,0.1984,0,0.1984,-0.9801,0|1.2578,0.6176,7.1059|0.9725,0.9725,0.9725|256|0|1|1|1|1|0|1",
"P|Part|-225.8459,86.7928,17.4737,0,0,1,0,1,0,-1,0,0|2.4348,6.087,1.2174|0.8745,0.8745,0.8706|256|0|1|1|1|1|0|1",
"P|Part|332.3455,152.8554,150.0042,0,0,1,0,-1,0,1,0,0|0.0302,0.3862,1.0138|0.4196,0.1961,0.4863|256|0|1|1|1|1|0.1|1",
"P|Part|456.5869,74.2303,67.9162,1,0,0,0,1,0,0,0,1|17.089,0.8534,0.9479|0.9373,0.7216,0.2196|256|0|1|1|1|1|0.1|1",
"P|Part|-232.7851,115.6452,-9.0169,0,0,-1,0,1,0,1,0,0|2.1426,51.6178,1.0713|0.8745,0.8745,0.8706|256|0|1|1|1|1|0|1",
"P|Part|178.9515,66.4674,14.6652,-0.7071,0,-0.7071,0,1,0,0.7071,0,-0.7071|0.0302,0.3862,1.0138|0.4196,0.1961,0.4863|256|0|1|1|1|1|0.1|1",
"P|Part|174.0438,65.9665,149.9476,0,0,1,0,-1,0,1,0,0|0.0481,0.6156,1.616|0.9373,0.7216,0.2196|256|0|1|1|1|1|0.1|1",
"P|Part|456.5894,104.8348,53.2217,0,0,-1,0.981,-0.1939,0,-0.1939,-0.981,0|0.8529,0.453,4.8188|0.9725,0.9725,0.9725|256|0|1|1|1|1|0|1",
"P|Part|-92.5404,147.1759,44.7436,0,0,-1,0,1,0,1,0,0|2.9218,2.6783,1.4609|0.8745,0.8745,0.8706|256|0|1|1|1|1|0|1",
"P|Part|-183.8456,143.402,-9.9178,-1,0,0,0,1,0,0,0,-1|2.4348,4.8696,1.2174|0.8745,0.8745,0.8706|256|0|1|1|1|1|0|1",
"P|Part|456.5892,111.262,43.0852,0,0,-1,-0.9995,-0.0305,0,-0.0305,0.9995,0|1.2816,6.7849,4.5497|0.9725,0.9725,0.9725|256|0|1|1|1|1|0|1",
"P|Part|412.3455,152.8554,139.3676,0,0,1,0,-1,0,1,0,0|0.0302,0.3862,1.0138|0.4196,0.1961,0.4863|256|0|1|1|1|1|0.1|1",
"P|Part|456.5894,120.7944,54.8665,0,0,-1,0.9209,0.3897,0,0.3897,-0.9209,0|0.8529,0.453,4.8188|0.9725,0.9725,0.9725|256|0|1|1|1|1|0|1",
"P|Part|456.5893,133.3237,33.5151,0,0,-1,0.4471,-0.8945,0,-0.8945,-0.4471,0|0.5199,0.8181,4.424|0.9373,0.7216,0.2196|256|0|1|1|1|1|0.1|1",
"P|Part|456.5893,126.168,57.8963,0,0,-1,0.8101,0.5863,0,0.5863,-0.8101,0|0.8529,0.453,4.8188|0.9725,0.9725,0.9725|256|0|1|1|1|1|0|1",
"P|Part|456.5893,123.3984,29.7638,0,0,-1,0.2565,-0.9665,0,-0.9665,-0.2565,0|0.5199,0.8181,4.424|0.9373,0.7216,0.2196|256|0|1|1|1|1|0.1|1",
"P|Part|253.8542,70.4155,18.0549,0,1,0,1,0,0,0,0,-1|0.4577,12.0518,12.0518|0.9373,0.7216,0.2196|256|0|1|1|1|1|0.1|1",
"M|Right Arm|79.6371,181.2917,19.8793,-0.9254,-0.3015,-0.2295,0.1632,0.2295,-0.9595,0.342,-0.9254,-0.1632|6.6446,13.2891,6.6446|0.6392,0.6353,0.6471|256|0|0|1|1|1|0|1|rbxassetid://4906912683|",
"P|Part|456.5894,140.722,120.316,0,0,-1,-0.7963,0.605,0,0.605,0.7963,0|0.8691,3.107,3.0853|0.9725,0.9725,0.9725|256|0|1|1|1|1|0.1|1",
"P|Part|456.5896,116.8901,53.5493,0,0,-1,0.969,0.2469,0,0.2469,-0.969,0|0.8529,0.453,4.8188|0.9725,0.9725,0.9725|256|0|1|1|1|1|0|1",
"P|Part|248.5606,153.2417,17.566,1,0,0,0,1,0,0,0,1|0.0302,0.3862,1.0138|0.4196,0.1961,0.4863|256|0|1|1|1|1|0.1|1",
"P|Part|-190.5413,143.402,-6.8743,0,0,-1,0,1,0,1,0,0|2.4348,4.8696,1.2174|0.8745,0.8745,0.8706|256|0|1|1|1|1|0|1",
"P|Part|456.5892,104.9615,29.7658,0,0,-1,0.9948,-0.1023,0,-0.1023,-0.9948,0|0.8691,3.107,3.0853|0.9725,0.9725,0.9725|256|0|1|1|1|1|0.1|1",
"P|Part|456.5893,86.565,35.3186,0,0,-1,-0.8847,0.4661,0,0.4661,0.8847,0|0.8691,3.107,3.0853|0.9725,0.9725,0.9725|256|0|1|1|1|1|0.1|1",
"P|Part|-227.0633,86.7928,44.2566,0,0,1,0,1,0,-1,0,0|2.4348,6.087,1.2174|0.8745,0.8745,0.8706|256|0|1|1|1|1|0|1",
"P|Part|-206.9762,147.1759,165.5098,0,0,1,0,1,0,-1,0,0|2.9218,2.6783,1.4609|0.8745,0.8745,0.8706|256|0|1|1|1|1|0|1",
"P|Part|383.5366,118.1851,144.7148,0,-1,0,1,0,0,0,0,1|2.0061,3.0129,3.01|0.9373,0.7216,0.2196|256|0|1|1|1|1|0.1|1",
"P|Part|-232.5416,86.7928,-3.8308,1,0,0,0,1,0,0,0,1|2.4348,6.087,1.2174|0.8745,0.8745,0.8706|256|0|1|1|1|1|0|1",
"P|Part|108.404,146.4309,144.709,0,0,1,0,-1,0,1,0,0|0.467,0.2547,0.9339|0.9373,0.7216,0.2196|256|0|1|1|1|1|0.1|1",
"P|Part|-135.7581,143.402,165.9968,0,0,-1,0,1,0,1,0,0|2.4348,4.8696,1.2174|0.8745,0.8745,0.8706|256|0|1|1|1|1|0|1",
"P|Part|456.5892,161.3434,88.9736,0,0,-1,-0.9853,-0.1706,0,-0.1706,0.9853,0|0.5199,0.8181,4.424|0.9373,0.7216,0.2196|256|0|1|1|1|1|0.1|1",
"P|Part|329.716,153.3564,148.9815,-0.7071,0,-0.7071,0,1,0,0.7071,0,-0.7071|0.0481,0.6156,1.616|0.9373,0.7216,0.2196|256|0|1|1|1|1|0.1|1",
"P|Part|179.1078,66.5821,21.2092,0.7071,0,-0.7071,0,1,0,0.7071,0,0.7071|0.0481,0.6156,1.616|0.9373,0.7216,0.2196|256|0|1|1|1|1|0.1|1",
"P|Part|456.5894,138.2264,109.0226,0,0,-1,0.718,-0.6961,0,-0.6961,-0.718,0|1.2578,0.6176,7.1059|0.9725,0.9725,0.9725|256|0|1|1|1|1|0|1",
"P|Part|-210.6284,147.1759,163.3185,-1,0,0,0,1,0,0,0,-1|2.9218,2.6783,1.4609|0.8745,0.8745,0.8706|256|0|1|1|1|1|0|1",
"P|Part|456.5894,131.4848,32.6406,0,0,-1,0.4118,-0.9113,0,-0.9113,-0.4118,0|0.5199,0.8181,4.424|0.9373,0.7216,0.2196|256|0|1|1|1|1|0.1|1",
"P|Part|249.7147,109.5029,144.7299,0,-1,0,-1,0,0,0,0,-1|92.9901,2.157,4.3139|1,1,1|256|0|1|1|1|1|0|1",
"P|Part|456.5893,89.0782,32.4246,0,0,-1,-0.4026,-0.9154,0,-0.9154,0.4026,0|0.5199,0.8181,4.424|0.9373,0.7216,0.2196|256|0|1|1|1|1|0.1|1",
"P|Part|456.589,119.3837,44.244,0,0,-1,-0.9682,-0.2501,0,-0.2501,0.9682,0|1.2816,6.7849,4.5497|0.9725,0.9725,0.9725|256|0|1|1|1|1|0|1",
"P|Part|456.5892,90.8452,128.494,0,0,-1,0.3687,-0.9296,0,-0.9296,-0.3687,0|0.5199,0.8181,4.424|0.9373,0.7216,0.2196|256|0|1|1|1|1|0.1|1",
"P|Part|456.5892,148.5243,112.9612,0,0,-1,-0.6508,0.7593,0,0.7593,0.6508,0|0.8691,3.107,3.0853|0.9725,0.9725,0.9725|256|0|1|1|1|1|0.1|1",
"P|Part|180.0926,153.3564,143.922,1,0,0,0,1,0,0,0,1|0.0481,0.6156,1.616|0.9373,0.7216,0.2196|256|0|1|1|1|1|0.1|1",
"P|Part|174.0445,65.9665,12.7647,0,0,1,0,-1,0,1,0,0|0.0481,0.6156,1.616|0.9373,0.7216,0.2196|256|0|1|1|1|1|0.1|1",
"P|Part|330.6938,109.5029,23.2805,0,0.7071,0.7071,1,0,0,0,0.7071,-0.7071|92.9902,0.6058,0.6058|0.9373,0.7216,0.2196|256|0|1|1|1|1|0.1|1",
"P|Part|456.5892,123.3004,128.8585,0,0,-1,0.9655,-0.2605,0,-0.2605,-0.9655,0|0.8691,3.107,3.0853|0.9725,0.9725,0.9725|256|0|1|1|1|1|0.1|1",
"P|Part|456.5892,126.4236,60.9771,0,0,-1,-0.7605,-0.6493,0,-0.6493,0.7605,0|0.8691,4.6011,3.0853|0.9725,0.9725,0.9725|256|0|1|1|1|1|0|1",
"P|Part|456.5893,142.5748,41.2812,0,0,-1,0.7669,0.6417,0,0.6417,-0.7669,0|0.8691,3.107,3.0853|0.9725,0.9725,0.9725|256|0|1|1|1|1|0.1|1",
"P|Part|456.5893,99.2693,54.9521,0,0,-1,0.9176,-0.3974,0,-0.3974,-0.9177,0|0.8529,0.453,4.8188|0.9725,0.9725,0.9725|256|0|1|1|1|1|0|1",
"P|Part|456.5893,101.6024,56.4701,0,0,-1,-0.9403,0.3402,0,0.3402,0.9403,0|0.8691,4.6011,3.0853|0.9725,0.9725,0.9725|256|0|1|1|1|1|0|1",
"P|Part|-111.4101,86.7928,170.8664,0,0,-1,0,1,0,1,0,0|2.4348,6.087,1.2174|0.8745,0.8745,0.8706|256|0|1|1|1|1|0|1",
"P|Part|456.5892,109.0017,107.3887,0,0,-1,0.9991,0.0416,0,0.0416,-0.9991,0|0.8529,0.4188,4.8188|0.9725,0.9725,0.9725|256|0|1|1|1|1|0|1",
"P|Part|456.5893,149.6216,71.7365,0,0,-1,-0.206,-0.9786,0,-0.9786,0.206,0|1.2578,0.6176,7.1059|0.9725,0.9725,0.9725|256|0|1|1|1|1|0|1",
"P|Part|308.8093,118.1851,18.0568,0,-1,0,1,0,0,0,0,1|2.0061,3.0129,3.01|0.9373,0.7216,0.2196|256|0|1|1|1|1|0.1|1",
"P|Part|332.8539,156.6846,144.7121,0,1,0,1,0,0,0,0,-1|0.4577,12.0518,12.0518|0.9373,0.7216,0.2196|256|0|1|1|1|1|0.1|1",
"P|Part|-112.0188,147.1759,171.3533,0,0,-1,0,1,0,1,0,0|2.9218,2.6783,1.4609|0.8745,0.8745,0.8706|256|0|1|1|1|1|0|1",
"P|Part|-227.0633,86.7928,146.5183,0,0,1,0,1,0,-1,0,0|2.4348,6.087,1.2174|0.8745,0.8745,0.8706|256|0|1|1|1|1|0|1",
"P|Part|248.6153,66.5821,17.2638,1,0,0,0,1,0,0,0,1|0.0481,0.6156,1.616|0.9373,0.7216,0.2196|256|0|1|1|1|1|0.1|1",
"P|Part|119.4164,118.1851,18.0511,0,1,0,1,0,0,0,0,-1|2.0061,3.0129,3.01|0.9373,0.7216,0.2196|256|0|1|1|1|1|0.1|1",
"P|Part|-207.5849,86.7928,-9.3091,0,0,1,0,1,0,-1,0,0|2.4348,6.087,1.2174|0.8745,0.8745,0.8706|256|0|1|1|1|1|0|1",
"P|Part|456.5893,131.7833,32.7798,0,0,-1,-0.4176,0.9086,0,0.9086,0.4176,0|0.5199,0.8181,4.424|0.9373,0.7216,0.2196|256|0|1|1|1|1|0.1|1",
"P|Part|-233.1503,86.7928,146.5183,0,0,-1,0,1,0,1,0,0|2.4348,6.087,1.2174|0.8745,0.8745,0.8706|256|0|1|1|1|1|0|1",
"P|Part|412.8542,69.9577,18.0549,0,1,0,1,0,0,0,0,-1|0.4577,13.5582,13.5582|0.9373,0.7216,0.2196|256|0|1|1|1|1|0.1|1",
"P|Part|416.2346,152.8554,13.9483,-0.7071,0,0.7071,0,-1,0,0.7071,0,0.7071|0.0302,0.3862,1.0138|0.4196,0.1961,0.4863|256|0|1|1|1|1|0.1|1",
"P|Part|456.5893,112.0439,105.0578,0,0,-1,-0.9971,0.076,0,0.076,0.9971,0|0.8691,4.6011,3.0853|0.9725,0.9725,0.9725|256|0|1|1|1|1|0|1",
"P|Part|156.0819,105.1661,18.0568,0,1,0,1,0,0,0,0,-1|78.1858,1.5065,1.5065|0.9373,0.7216,0.2196|256|0|1|1|1|1|0.1|1",
"P|Part|250.9269,109.5029,141.8077,0,-0.7071,0.7071,-1,0,0,0,-0.7071,-0.7071|92.9901,2.157,4.3139|1,1,1|256|0|1|1|1|1|0|1",
"P|Part|456.5896,120.1567,103.0404,0,0,-1,-0.9168,0.3994,0,0.3994,0.9168,0|0.8691,4.6011,3.0853|0.9725,0.9725,0.9725|256|0|1|1|1|1|0|1",
"P|Object.a66a|-193.9073,107.7927,84.339,0,0,1,0,1,0,-1,0,0|0.3335,24.6936,3.0289|0.9373,0.7216,0.2196|256|0|1|1|1|1|0|1",
"P|Part|456.5893,110.4563,132.1584,0,0,-1,-0.008,-1,0,-1,0.008,0|0.5199,0.8181,4.424|0.9373,0.7216,0.2196|256|0|1|1|1|1|0.1|1",
"P|Part|456.5894,132.8942,95.2473,0,0,-1,0.5554,-0.8316,0,-0.8316,-0.5554,0|0.8529,0.4188,4.8188|0.9725,0.9725,0.9725|256|0|1|1|1|1|0|1",
"P|Part|332.8539,156.2269,18.0542,0,1,0,1,0,0,0,0,-1|0.4577,13.5582,13.5582|0.9373,0.7216,0.2196|256|0|1|1|1|1|0.1|1",
"P|Part|456.589,132.7517,64.6429,0,0,-1,-0.563,-0.8265,0,-0.8265,0.563,0|0.8529,0.4188,4.8188|0.9725,0.9725,0.9725|256|0|1|1|1|1|0|1",
"P|Part|456.5896,116.6603,119.8632,0,0,-1,0.9868,-0.1617,0,-0.1617,-0.9868,0|1.2578,0.6176,7.1059|0.9725,0.9725,0.9725|256|0|1|1|1|1|0|1",
"P|Part|170.5552,65.9665,14.9421,0.7071,0,0.7071,0,-1,0,0.7071,0,-0.7071|0.0481,0.6156,1.616|0.9373,0.7216,0.2196|256|0|1|1|1|1|0.1|1",
"M|Cloud2|490.8358,221.1535,-78.9479,0.9999,-0.0114,0,0.0114,0.9997,-0.0221,0.0003,0.0221,0.9998|13.763,9.0949,24.6667|1,1,1|256|0|1|1|1|1|0|1|rbxassetid://4862430258|",
"P|Part|456.5893,109.4364,39.7293,0,0,-1,0.9998,-0.0174,0,-0.0174,-0.9998,0|1.2578,0.668,7.1059|0.9725,0.9725,0.9725|256|0|1|1|1|1|0|1",
"P|Part|456.5893,110.1016,130.6051,0,0,-1,1,0.0006,0,0.0006,-1,0|0.8691,3.107,3.0853|0.9725,0.9725,0.9725|256|0|1|1|1|1|0.1|1",
"P|Part|456.5892,136.9897,85.3155,0,0,-1,0.1924,-0.9813,0,-0.9813,-0.1924,0|0.8529,0.4188,4.8188|0.9725,0.9725,0.9725|256|0|1|1|1|1|0|1",
"P|Part|256.9651,152.7408,22.3513,0.7071,0,0.7071,0,-1,0,0.7071,0,-0.7071|0.0481,0.6156,1.616|0.9373,0.7216,0.2196|256|0|1|1|1|1|0.1|1",
"P|Part|24.3112,78.966,78.9863,0,0.7071,0.7071,-1,0,0,0,-0.7071,0.7071|0.3106,0.7121,4.5399|0.9373,0.7216,0.2196|256|0|1|1|1|1|0.1|1",
"P|Part|-159.741,115.6452,166.2889,0,0,-1,0,1,0,1,0,0|2.1426,51.6178,1.0713|0.8745,0.8745,0.8706|256|0|1|1|1|1|0|1",
"U|Base|83.3298,66.9758,16.201,0,0,1,0,1,0,-1,0,0|21.3944,13.0983,21.3944|0.9725,0.9725,0.9725|256|0|1|1|1|1|0|1",
"P|Part|-233.0286,147.1759,21.126,1,0,0,0,1,0,0,0,1|2.9218,2.6783,1.4609|0.8745,0.8745,0.8706|256|0|1|1|1|1|0|1",
"P|Part|283.1559,163.1198,18.0511,0,0,-1,0,1,0,1,0,0|0.467,5.7054,0.9339|0.9373,0.7216,0.2196|256|0|1|1|1|1|0.1|1",
"P|Part|166.6273,123.5212,18.0569,0,1,0,1,0,0,0,0,-1|5.3203,3.0129,3.01|0.9373,0.7216,0.2196|256|0|1|1|1|1|0.1|1",
"P|Part|456.589,98.7951,102.4205,0,0,-1,-0.8919,-0.4522,0,-0.4522,0.8919,0|0.8691,4.6011,3.0853|0.9725,0.9725,0.9725|256|0|1|1|1|1|0|1",
"P|Part|456.5892,112.9162,55.1252,0,0,-1,-0.9938,-0.1109,0,-0.1109,0.9938,0|0.8691,4.6011,3.0853|0.9725,0.9725,0.9725|256|0|1|1|1|1|0|1",
"P|Part|456.589,92.4447,31.0867,0,0,-1,-0.338,-0.9412,0,-0.9412,0.338,0|0.5199,0.8181,4.424|0.9373,0.7216,0.2196|256|0|1|1|1|1|0.1|1",
"P|Part|342.0652,143.0838,144.7091,0,0,-1,0,1,0,1,0,0|0.467,5.7054,0.9339|0.9373,0.7216,0.2196|256|0|1|1|1|1|0.1|1",
"P|Part|409.716,66.5821,148.982,-0.7071,0,-0.7071,0,1,0,0.7071,0,-0.7071|0.0481,0.6156,1.616|0.9373,0.7216,0.2196|256|0|1|1|1|1|0.1|1",
"P|Part|456.5893,109.3755,29.505,0,0,-1,0.9999,-0.015,0,-0.015,-0.9999,0|0.8691,3.107,3.0853|0.9725,0.9725,0.9725|256|0|1|1|1|1|0.1|1",
"P|Part|17.3418,77.987,82.6099,0,-1,0,-1,0,0,0,0,-1|0.2028,0.4649,2.9641|0.9373,0.7216,0.2196|256|0|1|1|1|1|0.1|1",
"P|Part|456.589,150.3265,83.6562,0,0,-1,0.0894,-0.996,0,-0.996,-0.0894,0|1.2578,0.6176,7.1059|0.9725,0.9725,0.9725|256|0|1|1|1|1|0|1",
"P|Part|456.5892,116.9401,130.1454,0,0,-1,0.9909,-0.1346,0,-0.1346,-0.9909,0|0.8691,3.107,3.0853|0.9725,0.9725,0.9725|256|0|1|1|1|1|0.1|1",
"P|Part|125.1559,163.1198,18.0511,0,0,-1,0,1,0,1,0,0|0.467,5.7054,0.9339|0.9373,0.7216,0.2196|256|0|1|1|1|1|0.1|1",
"P|Part|456.5889,138.1862,55.9528,0,0,-1,-0.6516,-0.7586,0,-0.7586,0.6516,0|1.2816,6.7849,4.5497|0.9725,0.9725,0.9725|256|0|1|1|1|1|0|1",
"P|Part|-233.0286,147.1759,-3.2221,1,0,0,0,1,0,0,0,1|2.9218,2.6783,1.4609|0.8745,0.8745,0.8706|256|0|1|1|1|1|0|1",
"P|Part|456.5892,108.1772,105.0541,0,0,-1,-0.9969,-0.0781,0,-0.0781,0.9969,0|0.8691,4.6011,3.0853|0.9725,0.9725,0.9725|256|0|1|1|1|1|0|1",
"P|Part|-94.0013,147.1759,144.0835,0,0,-1,0,1,0,1,0,0|2.9218,2.6783,1.4609|0.8745,0.8745,0.8706|256|0|1|1|1|1|0|1",
"P|Part|329.9289,109.5029,147.655,0,-0.7071,-0.7071,-1,0,0,0,0.7071,-0.7071|92.9901,2.157,4.3139|1,1,1|256|0|1|1|1|1|0|1",
"U|CorinthianCapital|90.5932,152.3697,14.7916,-0.933,0.25,-0.2588,0.2588,0.9659,0,0.25,-0.067,-0.9659|2.0992,5.5728,2.2216|0.9725,0.9725,0.9725|256|0|1|1|1|1|0|1",
"P|Part|456.589,86.7598,126.6662,0,0,-1,0.4471,-0.8945,0,-0.8945,-0.4471,0|0.5199,0.8181,4.424|0.9373,0.7216,0.2196|256|0|1|1|1|1|0.1|1",
"P|Part|248.5606,66.0812,17.5661,-1,0,0,0,-1,0,0,0,1|0.0302,0.3862,1.0138|0.4196,0.1961,0.4863|256|0|1|1|1|1|0.1|1",
"P|Part|267.3379,146.4309,18.0511,0,0,-1,0,-1,0,-1,0,0|0.467,0.2547,0.9339|0.9373,0.7216,0.2196|256|0|1|1|1|1|0.1|1",
"P|Part|-210.6284,86.7928,172.6925,1,0,0,0,1,0,0,0,1|2.4348,6.087,1.2174|0.8745,0.8745,0.8706|256|0|1|1|1|1|0|1",
"P|Part|456.5894,135.109,82.3156,0,0,-1,-0.0903,0.9959,0,0.9959,0.0903,0|0.8691,4.6011,3.0853|0.9725,0.9725,0.9725|256|0|1|1|1|1|0|1",
"P|Part|229.3425,152.0048,144.7148,0,0,1,0,-1,0,1,0,0|0.467,0.2547,0.9339|0.9373,0.7216,0.2196|256|0|1|1|1|1|0.1|1",
"P|Object.3812|-193.9073,107.8127,79.7699,0,0,1,0,1,0,-1,0,0|6.0741,24.7332,1.3596|1,0,0|256|0|1|1|1|1|0|1",
"P|Part|337.1078,152.7408,21.2088,-0.7071,0,-0.7071,0,-1,0,-0.7071,0,0.7071|0.0481,0.6156,1.616|0.9373,0.7216,0.2196|256|0|1|1|1|1|0.1|1",
"P|Part|415.0119,109.5029,139.5163,0,0.7071,0.7071,1,0,0,0,0.7071,-0.7071|92.9902,0.6058,0.6058|0.9373,0.7216,0.2196|256|0|1|1|1|1|0.1|1",
"P|Part|240.3546,102.0025,144.7148,0,1,0,1,0,0,0,0,-1|71.8586,1.5065,1.5065|0.9373,0.7216,0.2196|256|0|1|1|1|1|0.1|1",
"P|Part|240.8217,140.1037,18.0569,0,0,-1,0,-1,0,-1,0,0|0.467,0.2547,0.9339|0.9373,0.7216,0.2196|256|0|1|1|1|1|0.1|1",
"P|Part|456.5894,99.8559,119.0642,0,0,-1,0.967,0.2548,0,0.2548,-0.967,0|1.2578,0.6176,7.1059|0.9725,0.9725,0.9725|256|0|1|1|1|1|0|1",
"P|Part|456.5893,96.7839,103.9302,0,0,-1,0.8728,0.488,0,0.488,-0.8728,0|0.8529,0.4188,4.8188|0.9725,0.9725,0.9725|256|0|1|1|1|1|0|1",
"P|Part|456.589,135.5722,125.4837,0,0,-1,0.4902,0.8716,0,0.8716,-0.4902,0|0.5199,0.8181,4.424|0.9373,0.7216,0.2196|256|0|1|1|1|1|0.1|1",
"P|Part|456.5889,145.1979,116.4854,0,0,-1,-0.7205,0.6935,0,0.6935,0.7205,0|0.8691,3.107,3.0853|0.9725,0.9725,0.9725|256|0|1|1|1|1|0.1|1",
"P|Part|332.8542,70.4155,144.7128,0,1,0,1,0,0,0,0,-1|0.4577,12.0518,12.0518|0.9373,0.7216,0.2196|256|0|1|1|1|1|0.1|1",
"P|Part|256.9814,152.7408,140.4316,-0.7071,0,0.7071,0,-1,0,0.7071,0,0.7071|0.0481,0.6156,1.616|0.9373,0.7216,0.2196|256|0|1|1|1|1|0.1|1",
"P|Part|456.5892,130.4444,98.3918,0,0,-1,0.6703,-0.7421,0,-0.7421,-0.6703,0|0.8529,0.4188,4.8188|0.9725,0.9725,0.9725|256|0|1|1|1|1|0|1",
"P|Part|342.0652,140.1037,144.7091,0,0,-1,0,-1,0,-1,0,0|0.467,0.2547,0.9339|0.9373,0.7216,0.2196|256|0|1|1|1|1|0.1|1",
"P|Part|418.0926,152.7408,17.264,-1,0,0,0,-1,0,0,0,1|0.0481,0.6156,1.616|0.9373,0.7216,0.2196|256|0|1|1|1|1|0.1|1",
"P|Part|258.1243,65.9665,14.9162,0.7071,0,-0.7071,0,-1,0,-0.7071,0,-0.7071|0.0481,0.6156,1.616|0.9373,0.7216,0.2196|256|0|1|1|1|1|0.1|1",
"P|Part|-210.6284,86.7928,-11.1352,-1,0,0,0,1,0,0,0,-1|2.4348,6.087,1.2174|0.8745,0.8745,0.8706|256|0|1|1|1|1|0|1",
"P|Part|456.5893,93.3358,30.77,0,0,-1,-0.3208,-0.9471,0,-0.9471,0.3208,0|0.5199,0.8181,4.424|0.9373,0.7216,0.2196|256|0|1|1|1|1|0.1|1",
"P|Part|416.2178,66.0812,22.1796,0.7071,0,0.7071,0,-1,0,0.7071,0,-0.7071|0.0302,0.3862,1.0138|0.4196,0.1961,0.4863|256|0|1|1|1|1|0.1|1",
"P|Part|249.7296,66.4674,14.6909,-0.7071,0,0.7071,0,1,0,-0.7071,0,-0.7071|0.0302,0.3862,1.0138|0.4196,0.1961,0.4863|256|0|1|1|1|1|0.1|1",
"P|Part|456.5894,118.6716,103.6329,0,0,-1,-0.9404,0.3401,0,0.3401,0.9404,0|0.8691,4.6011,3.0853|0.9725,0.9725,0.9725|256|0|1|1|1|1|0|1",
"P|Part|456.5896,76.8094,102.7514,0,0,-1,-0.563,-0.8264,0,-0.8265,0.563,0|1.2578,0.668,7.1059|0.9725,0.9725,0.9725|256|0|1|1|1|1|0|1",
"P|Part|125.1559,160.1397,144.7091,0,0,-1,0,-1,0,-1,0,0|0.467,0.2547,0.9339|0.9373,0.7216,0.2196|256|0|1|1|1|1|0.1|1",
"P|Part|456.5893,76.113,58.3958,0,0,-1,0.5369,-0.8437,0,-0.8437,-0.5369,0|1.2578,0.668,7.1059|0.9725,0.9725,0.9725|256|0|1|1|1|1|0|1",
"P|Part|456.5896,103.6656,40.2498,0,0,-1,0.987,-0.1605,0,-0.1605,-0.987,0|1.2578,0.668,7.1059|0.9725,0.9725,0.9725|256|0|1|1|1|1|0|1",
"P|Part|456.5892,129.6829,64.3396,0,0,-1,-0.6264,-0.7795,0,-0.7795,0.6264,0|0.8691,4.6011,3.0853|0.9725,0.9725,0.9725|256|0|1|1|1|1|0|1",
"P|Part|145.0699,156.5242,18.0569,0,0,1,0,-1,0,1,0,0|0.467,0.2547,0.9339|0.9373,0.7216,0.2196|256|0|1|1|1|1|0.1|1",
"P|Part|456.589,114.724,55.3936,0,0,-1,-0.9831,-0.183,0,-0.183,0.9831,0|0.8691,4.6011,3.0853|0.9725,0.9725,0.9725|256|0|1|1|1|1|0|1",
"P|Part|456.5893,87.7847,68.6807,0,0,-1,-0.4534,0.8913,0,0.8913,0.4534,0|0.8691,4.6011,3.0853|0.9725,0.9725,0.9725|256|0|1|1|1|1|0|1",
"P|Part|456.5893,128.5648,47.9946,0,0,-1,0.8669,0.4984,0,0.4984,-0.8669,0|1.2816,6.7849,4.5497|0.9725,0.9725,0.9725|256|0|1|1|1|1|0|1",
"P|Part|456.5889,92.8307,98.2056,0,0,-1,0.7238,0.69,0,0.69,-0.7238,0|0.8691,4.6011,3.0853|0.9725,0.9725,0.9725|256|0|1|1|1|1|0|1",
"P|Part|456.5893,158.5824,98.963,0,0,-1,0.932,0.3624,0,0.3624,-0.932,0|0.5199,0.8181,4.424|0.9373,0.7216,0.2196|256|0|1|1|1|1|0.1|1",
"P|Part|456.5896,138.0881,36.2244,0,0,-1,-0.5387,0.8425,0,0.8425,0.5387,0|0.5199,0.8181,4.424|0.9373,0.7216,0.2196|256|0|1|1|1|1|0.1|1",
"P|Part|407.6157,152.7408,17.2638,-1,0,0,0,-1,0,0,0,1|0.0481,0.6156,1.616|0.9373,0.7216,0.2196|256|0|1|1|1|1|0.1|1",
"P|Part|456.5894,108.8933,130.5898,0,0,-1,0.9997,0.0245,0,0.0245,-0.9997,0|0.8691,3.107,3.0853|0.9725,0.9725,0.9725|256|0|1|1|1|1|0.1|1",
"P|Part|259.0926,66.5821,18.88,-1,0,0,0,1,0,0,0,-1|0.0481,0.6156,1.616|0.9373,0.7216,0.2196|256|0|1|1|1|1|0.1|1",
"P|Part|456.589,151.5447,111.554,0,0,-1,0.7969,0.6041,0,0.6041,-0.7969,0|0.5199,0.8181,4.424|0.9373,0.7216,0.2196|256|0|1|1|1|1|0.1|1",
"P|Part|456.5894,159.7669,95.574,0,0,-1,0.9548,0.2973,0,0.2973,-0.9548,0|0.5199,0.8181,4.424|0.9373,0.7216,0.2196|256|0|1|1|1|1|0.1|1",
"P|Part|235.549,146.4309,18.0569,0,0,-1,0,-1,0,-1,0,0|0.467,0.2547,0.9339|0.9373,0.7216,0.2196|256|0|1|1|1|1|0.1|1",
"P|Part|456.5893,122.4803,31.0319,0,0,-1,0.9697,0.2443,0,0.2443,-0.9697,0|0.8691,3.107,3.0853|0.9725,0.9725,0.9725|256|0|1|1|1|1|0.1|1",
"P|Part|456.5894,123.0889,58.575,0,0,-1,-0.8563,-0.5165,0,-0.5165,0.8563,0|0.8691,4.6011,3.0853|0.9725,0.9725,0.9725|256|0|1|1|1|1|0|1",
"P|Part|-111.4101,143.402,-9.3091,0,0,-1,0,1,0,1,0,0|2.4348,4.8696,1.2174|0.8745,0.8745,0.8706|256|0|1|1|1|1|0|1",
"P|Part|98.3258,123.5212,144.709,0,-1,0,1,0,0,0,0,1|5.3203,3.0129,3.01|0.9373,0.7216,0.2196|256|0|1|1|1|1|0.1|1",
"P|Part|456.589,159.3198,96.9469,0,0,-1,0.9462,0.3237,0,0.3237,-0.9462,0|0.5199,0.8181,4.424|0.9373,0.7216,0.2196|256|0|1|1|1|1|0.1|1",
"P|Part|456.5892,102.953,131.6749,0,0,-1,0.1361,-0.9907,0,-0.9907,-0.1361,0|0.5199,0.8181,4.424|0.9373,0.7216,0.2196|256|0|1|1|1|1|0.1|1",
"P|Part|177.9817,65.9665,140.4314,-0.7071,0,0.7071,0,-1,0,0.7071,0,0.7071|0.0481,0.6156,1.616|0.9373,0.7216,0.2196|256|0|1|1|1|1|0.1|1",
"P|Part|170.7474,66.0812,148.0926,-0.7071,0,0.7071,0,-1,0,0.7071,0,0.7071|0.0302,0.3862,1.0138|0.4196,0.1961,0.4863|256|0|1|1|1|1|0.1|1",
"P|Part|-189.3239,86.7928,-9.3091,0,0,-1,0,1,0,1,0,0|2.4348,6.087,1.2174|0.8745,0.8745,0.8706|256|0|1|1|1|1|0|1",
"P|Part|456.589,86.9816,89.6935,0,0,-1,-0.3846,-0.9231,0,-0.9231,0.3846,0|0.8691,4.6011,3.0853|0.9725,0.9725,0.9725|256|0|1|1|1|1|0|1",
"P|Part|139.7972,160.1397,144.7148,0,0,1,0,-1,0,1,0,0|0.467,0.2547,0.9339|0.9373,0.7216,0.2196|256|0|1|1|1|1|0.1|1",
"P|Part|367.3438,166.1327,144.7091,0,0,1,0,1,0,-1,0,0|0.467,5.7054,0.9339|0.9373,0.7216,0.2196|256|0|1|1|1|1|0.1|1",
"P|Part|456.5893,147.7067,65.3293,0,0,-1,-0.3648,-0.9311,0,-0.9311,0.3648,0|1.2578,0.6176,7.1059|0.9725,0.9725,0.9725|256|0|1|1|1|1|0|1",
"P|Part|456.5893,110.1339,54.9696,0,0,-1,-1,-0.0001,0,-0.0001,1,0|0.8691,4.6011,3.0853|0.9725,0.9725,0.9725|256|0|1|1|1|1|0|1",
"P|Part|408.7296,153.2417,141.3489,-0.7071,0,0.7071,0,1,0,-0.7071,0,-0.7071|0.0302,0.3862,1.0138|0.4196,0.1961,0.4863|256|0|1|1|1|1|0.1|1",
"U|ColumnSegment|83.3296,130.2838,16.2012,0,0,-1,0,-1,0,-1,0,0|11.764,39.2947,11.764|0.9725,0.9725,0.9725|256|0|1|1|1|1|0|1",
"P|Part|248.6376,109.5029,146.8892,0,0.7071,0.7071,1,0,0,0,0.7071,-0.7071|92.9902,0.6058,0.6058|0.9373,0.7216,0.2196|256|0|1|1|1|1|0.1|1",
"P|Part|456.5894,108.0842,52.7829,0,0,-1,0.9972,-0.0751,0,-0.0751,-0.9972,0|0.8529,0.453,4.8188|0.9725,0.9725,0.9725|256|0|1|1|1|1|0|1",
"P|Part|180.1486,152.8554,17.5663,-1,0,0,0,-1,0,0,0,1|0.0302,0.3862,1.0138|0.4196,0.1961,0.4863|256|0|1|1|1|1|0.1|1",
"P|Part|456.5892,148.9019,47.5978,0,0,-1,0.6419,0.7668,0,0.7668,-0.6419,0|0.8691,3.107,3.0853|0.9725,0.9725,0.9725|256|0|1|1|1|1|0.1|1",
"P|Part|456.5892,148.6815,45.1789,0,0,-1,0.742,-0.6704,0,-0.6704,-0.742,0|0.5199,0.8181,4.424|0.9373,0.7216,0.2196|256|0|1|1|1|1|0.1|1",
"P|EP2|20.6969,79.4281,88.2374,0,-1,0,1,0,0,0,0,1|0.8512,3.4967,0.8512|0.9725,0.9725,0.9725|256|1|0|1|1|1|0|0|PE:ParticleEmitter:rbxassetid://277916207:1:20:1:1:1.1502:1.1502|AT:Attachment:0,0,0,0,0,0",
"U|CorinthianCapital|76.869,149.3139,13.6169,0.8365,-0.2241,-0.5,0.2588,0.9659,0,0.483,-0.1294,0.866|2.0992,5.5728,2.2216|0.9725,0.9725,0.9725|256|0|1|1|1|1|0|1",
"P|Part|456.5896,73.0062,64.3085,0,0,-1,0.3903,-0.9207,0,-0.9207,-0.3903,0|1.2578,0.668,7.1059|0.9725,0.9725,0.9725|256|0|1|1|1|1|0|1",
"P|Part|456.5892,88.2181,109.8414,0,0,-1,-0.8055,-0.5927,0,-0.5927,0.8055,0|1.2816,6.7849,4.5497|0.9725,0.9725,0.9725|256|0|1|1|1|1|0|1",
"P|Part|174.8542,70.4155,144.7128,0,1,0,1,0,0,0,0,-1|0.4577,12.0518,12.0518|0.9373,0.7216,0.2196|256|0|1|1|1|1|0.1|1",
"P|Part|-208.4858,115.6452,-4.196,1,0,0,0,1,0,0,0,1|2.1426,51.6178,1.0713|0.8745,0.8745,0.8706|256|0|1|1|1|1|0|1",
"P|Object.76e9|-193.9073,97.5455,79.7699,0,0,1,0,1,0,-1,0,0|6.0741,4.1988,1.8916|1,1,0|256|0|1|1|1|1|0|1",
"P|Part|456.5892,160.8055,91.7239,0,0,-1,0.9747,0.2234,0,0.2234,-0.9747,0|0.5199,0.8181,4.424|0.9373,0.7216,0.2196|256|0|1|1|1|1|0.1|1",
"P|Part|456.5893,87.0441,70.2707,0,0,-1,-0.39,0.9208,0,0.9208,0.39,0|0.8691,4.6011,3.0853|0.9725,0.9725,0.9725|256|0|1|1|1|1|0|1",
"P|Part|456.5894,126.4657,43.1776,0,0,-1,0.9143,0.4049,0,0.4049,-0.9144,0|1.2578,0.668,7.1059|0.9725,0.9725,0.9725|256|0|1|1|1|1|0|1",
"P|Part|314.0819,145.4051,18.0568,0,-1,0,1,0,0,0,0,1|2.2924,0.5094,0.467|0.9373,0.7216,0.2196|256|0|1|1|1|1|0.1|1",
"P|Part|254.6606,65.9665,12.7649,0,0,-1,0,-1,0,-1,0,0|0.0481,0.6156,1.616|0.9373,0.7216,0.2196|256|0|1|1|1|1|0.1|1",
"P|Part|456.5894,109.6188,130.6037,0,0,-1,0.9999,0.0102,0,0.0102,-1,0|0.8691,3.107,3.0853|0.9725,0.9725,0.9725|256|0|1|1|1|1|0.1|1",
"P|Part|408.7147,109.5029,18.0719,0,-1,0,-1,0,0,0,0,-1|92.9901,2.157,4.3139|1,1,1|256|0|1|1|1|1|0|1",
"P|Part|250.9269,109.5029,15.1498,0,-0.7071,0.7071,-1,0,0,0,-0.7071,-0.7071|92.9901,2.157,4.3139|1,1,1|256|0|1|1|1|1|0|1",
"P|Part|456.5896,150.1395,85.343,0,0,-1,0.1312,-0.9914,0,-0.9914,-0.1312,0|1.2578,0.6176,7.1059|0.9725,0.9725,0.9725|256|0|1|1|1|1|0|1",
"P|Part|456.5892,148.7469,91.7838,0,0,-1,0.2908,-0.9568,0,-0.9568,-0.2908,0|1.2578,0.6176,7.1059|0.9725,0.9725,0.9725|256|0|1|1|1|1|0|1",
"P|Part|456.5893,125.669,129.7632,0,0,-1,-0.3001,-0.9539,0,-0.9539,0.3001,0|0.5199,0.8181,4.424|0.9373,0.7216,0.2196|256|0|1|1|1|1|0.1|1",
"P|Part|456.5889,137.3001,54.9585,0,0,-1,-0.6785,-0.7346,0,-0.7346,0.6785,0|1.2816,6.7849,4.5497|0.9725,0.9725,0.9725|256|0|1|1|1|1|0|1",
"P|Part|20.6877,82.6997,85.3115,0,0,-1,-1,0,0,0,1,0|0.1637,0.3754,2.3934|0.9373,0.7216,0.2196|256|0|1|1|1|1|0.1|1",
"P|Part|-232.5416,143.402,165.3881,-1,0,0,0,1,0,0,0,-1|2.4348,4.8696,1.2174|0.8745,0.8745,0.8706|256|0|1|1|1|1|0|1",
"P|Part|456.5892,115.536,53.2408,0,0,-1,0.9803,0.1974,0,0.1974,-0.9803,0|0.8529,0.453,4.8188|0.9725,0.9725,0.9725|256|0|1|1|1|1|0|1",
"P|Part|-157.0627,115.6452,-3.1247,1,0,0,0,1,0,0,0,1|2.1426,51.6178,1.0713|0.8745,0.8745,0.8706|256|0|1|1|1|1|0|1",
"P|Part|253.3452,66.0812,23.3463,0,0,1,0,-1,0,1,0,0|0.0302,0.3862,1.0138|0.4196,0.1961,0.4863|256|0|1|1|1|1|0.1|1",
"P|Part|-157.0627,86.7928,172.6925,1,0,0,0,1,0,0,0,1|2.4348,6.087,1.2174|0.8745,0.8745,0.8706|256|0|1|1|1|1|0|1",
"P|Part|-213.3066,115.6452,166.2889,0,0,-1,0,1,0,1,0,0|2.1426,51.6178,1.0713|0.8745,0.8745,0.8706|256|0|1|1|1|1|0|1",
"P|Part|-132.7147,147.1759,-1.7612,1,0,0,0,1,0,0,0,1|2.9218,2.6783,1.4609|0.8745,0.8745,0.8706|256|0|1|1|1|1|0|1",
"P|Part|-130.2799,86.7928,171.4751,1,0,0,0,1,0,0,0,1|2.4348,6.087,1.2174|0.8745,0.8745,0.8706|256|0|1|1|1|1|0|1",
"P|Part|336.3258,82.1805,18.0511,0,1,0,1,0,0,0,0,-1|2.0061,3.0129,3.01|0.9373,0.7216,0.2196|256|0|1|1|1|1|0.1|1",
"P|Part|456.5892,160.2058,87.0356,0,0,-1,-0.1381,0.9904,0,0.9904,0.1381,0|0.8691,3.107,3.0853|0.9725,0.9725,0.9725|256|0|1|1|1|1|0.1|1",
"P|Part|456.5892,115.9068,28.3546,0,0,-1,-0.1126,0.9936,0,0.9936,0.1126,0|0.5199,0.8181,4.424|0.9373,0.7216,0.2196|256|0|1|1|1|1|0.1|1",
"P|Part|-191.3934,147.1759,168.4316,0,0,-1,0,1,0,1,0,0|2.9218,2.6783,1.4609|0.8745,0.8745,0.8706|256|0|1|1|1|1|0|1",
"P|Part|251.6938,109.5029,149.9385,0,0.7071,0.7071,1,0,0,0,0.7071,-0.7071|92.9902,0.6058,0.6058|0.9373,0.7216,0.2196|256|0|1|1|1|1|0.1|1",
"P|Part|170.5734,152.7408,147.839,-0.7071,0,0.7071,0,-1,0,0.7071,0,0.7071|0.0481,0.6156,1.616|0.9373,0.7216,0.2196|256|0|1|1|1|1|0.1|1",
"P|Part|456.5892,110.6312,28.0246,0,0,-1,0.0113,-0.9999,0,-0.9999,-0.0113,0|0.5199,0.8181,4.424|0.9373,0.7216,0.2196|256|0|1|1|1|1|0.1|1",
"P|Part|-108.3666,149.002,-6.8743,-1,0,0,0,-1,0,0,0,1|12.174,2.4348,12.174|0.8745,0.8745,0.8706|256|0|1|1|1|1|0|1",
"P|Part|248.5603,153.2417,145.2376,-1,0,0,0,1,0,0,0,-1|0.0302,0.3862,1.0138|0.4196,0.1961,0.4863|256|0|1|1|1|1|0.1|1",
"P|Part|198.8832,156.5242,144.709,0,0,-1,0,-1,0,-1,0,0|0.467,0.2547,0.9339|0.9373,0.7216,0.2196|256|0|1|1|1|1|0.1|1",
"P|Part|-227.0633,86.7928,117.3007,0,0,1,0,1,0,-1,0,0|2.4348,6.087,1.2174|0.8745,0.8745,0.8706|256|0|1|1|1|1|0|1",
"P|Part|341.1314,140.1037,18.0511,0,0,1,0,-1,0,1,0,0|0.467,0.2547,0.9339|0.9373,0.7216,0.2196|256|0|1|1|1|1|0.1|1",
"P|Part|456.5892,149.8843,73.0996,0,0,-1,-0.1722,-0.9851,0,-0.9851,0.1722,0|1.2578,0.6176,7.1059|0.9725,0.9725,0.9725|256|0|1|1|1|1|0|1",
"P|Part|456.5894,126.6576,58.2597,0,0,-1,0.7969,0.6042,0,0.6042,-0.7969,0|0.8529,0.453,4.8188|0.9725,0.9725,0.9725|256|0|1|1|1|1|0|1",
"P|Part|456.5893,131.2487,127.647,0,0,-1,-0.4073,-0.9133,0,-0.9133,0.4073,0|0.5199,0.8181,4.424|0.9373,0.7216,0.2196|256|0|1|1|1|1|0.1|1",
"P|Part|-83.7751,147.1759,168.4316,0,0,1,0,1,0,-1,0,0|2.9218,2.6783,1.4609|0.8745,0.8745,0.8706|256|0|1|1|1|1|0|1",
"P|Part|456.5893,113.848,120.2267,0,0,-1,0.9958,-0.092,0,-0.092,-0.9958,0|1.2578,0.6176,7.1059|0.9725,0.9725,0.9725|256|0|1|1|1|1|0|1",
"P|Part|456.5892,105.2184,28.2458,0,0,-1,-0.0926,-0.9957,0,-0.9957,0.0926,0|0.5199,0.8181,4.424|0.9373,0.7216,0.2196|256|0|1|1|1|1|0.1|1",
"U|CorinthianCapital|76.0405,152.3697,143.7133,0.933,-0.25,-0.2588,0.2588,0.9659,0,0.25,-0.067,0.9659|2.0992,5.5728,2.2216|0.9725,0.9725,0.9725|256|0|1|1|1|1|0|1",
"P|Part|-233.1503,86.7928,-4.4395,0,0,-1,0,1,0,1,0,0|2.4348,6.087,1.2174|0.8745,0.8745,0.8706|256|0|1|1|1|1|0|1",
"P|Part|254.3592,66.4674,23.3463,0,0,-1,0,1,0,1,0,0|0.0302,0.3862,1.0138|0.4196,0.1961,0.4863|256|0|1|1|1|1|0.1|1",
"P|Part|456.5892,137.4944,80.6012,0,0,-1,0.0202,-0.9998,0,-0.9998,-0.0202,0|0.8529,0.4188,4.8188|0.9725,0.9725,0.9725|256|0|1|1|1|1|0|1",
"P|Part|456.5893,136.4971,87.3945,0,0,-1,0.2684,-0.9633,0,-0.9633,-0.2684,0|0.8529,0.4188,4.8188|0.9725,0.9725,0.9725|256|0|1|1|1|1|0|1",
"P|Part|456.5893,136.5621,49.5868,0,0,-1,0.7554,0.6553,0,0.6553,-0.7554,0|1.2578,0.668,7.1059|0.9725,0.9725,0.9725|256|0|1|1|1|1|0|1",
"P|Part|332.8539,155.7692,144.7121,0,1,0,1,0,0,0,0,-1|0.4577,12.0518,12.0518|0.9373,0.7216,0.2196|256|0|1|1|1|1|0.1|1",
"P|Part|456.5889,102.7095,131.6391,0,0,-1,-0.1408,0.99,0,0.99,0.1408,0|0.5199,0.8181,4.424|0.9373,0.7216,0.2196|256|0|1|1|1|1|0.1|1",
"P|Part|328.7296,153.2417,141.3489,-0.7071,0,0.7071,0,1,0,-0.7071,0,-0.7071|0.0302,0.3862,1.0138|0.4196,0.1961,0.4863|256|0|1|1|1|1|0.1|1",
"P|Part|456.5892,120.9727,54.9428,0,0,-1,0.9181,0.3963,0,0.3963,-0.9181,0|0.8529,0.453,4.8188|0.9725,0.9725,0.9725|256|0|1|1|1|1|0|1",
"P|Part|388.3425,154.9849,144.7148,0,0,1,0,1,0,-1,0,0|0.467,5.7054,0.9339|0.9373,0.7216,0.2196|256|0|1|1|1|1|0.1|1",
"P|Part|456.5893,132.8367,126.9072,0,0,-1,-0.4378,-0.8991,0,-0.8991,0.4378,0|0.5199,0.8181,4.424|0.9373,0.7216,0.2196|256|0|1|1|1|1|0.1|1",
"P|Part|456.5894,82.7637,109.69,0,0,-1,0.7347,0.6784,0,0.6784,-0.7347,0|1.2578,0.6176,7.1059|0.9725,0.9725,0.9725|256|0|1|1|1|1|0|1",
"P|Part|456.5892,98.2553,102.1385,0,0,-1,-0.8807,-0.4737,0,-0.4737,0.8807,0|0.8691,4.6011,3.0853|0.9725,0.9725,0.9725|256|0|1|1|1|1|0|1",
"P|Part|332.0438,66.5821,23.2897,0,0,1,0,1,0,-1,0,0|0.0481,0.6156,1.616|0.9373,0.7216,0.2196|256|0|1|1|1|1|0.1|1",
"P|Part|256.7758,109.5029,147.6504,0,0.7071,-0.7071,-1,0,0,0,0.7071,0.7071|92.9901,2.157,4.3139|1,1,1|256|0|1|1|1|1|0|1",
"P|Part|12.4392,66.484,90.8584,0,-0.7071,0.7071,1,0,0,0,0.7071,0.7071|13.9173,1.6212,10.3349|0.9725,0.9725,0.9725|256|0|1|1|1|1|0|1",
"P|Part|-227.4285,115.6452,121.8781,0,0,1,0,1,0,-1,0,0|2.1426,51.6178,1.0713|0.8745,0.8745,0.8706|256|0|1|1|1|1|0|1",
"P|Part|456.5894,93.2509,101.5771,0,0,-1,0.7868,0.6172,0,0.6172,-0.7868,0|0.8529,0.4188,4.8188|0.9725,0.9725,0.9725|256|0|1|1|1|1|0|1",
"P|Part|338.0926,66.5821,17.264,1,0,0,0,1,0,0,0,1|0.0481,0.6156,1.616|0.9373,0.7216,0.2196|256|0|1|1|1|1|0.1|1",
"P|Part|456.5892,76.2409,94.845,0,0,-1,-0.4,-0.9165,0,-0.9165,0.4,0|1.2816,6.7849,4.5497|0.9725,0.9725,0.9725|256|0|1|1|1|1|0|1",
"P|Part|352.6106,154.9849,144.7091,0,0,-1,0,1,0,1,0,0|0.467,5.7054,0.9339|0.9373,0.7216,0.2196|256|0|1|1|1|1|0.1|1",
"P|Part|135.1422,113.527,18.0568,0,1,0,1,0,0,0,0,-1|94.9076,1.5065,1.5065|0.9373,0.7216,0.2196|256|0|1|1|1|1|0.1|1",
"P|Part|456.5894,151.4999,111.5861,0,0,-1,-0.7963,-0.6049,0,-0.6049,0.7963,0|0.5199,0.8181,4.424|0.9373,0.7216,0.2196|256|0|1|1|1|1|0.1|1",
"P|Part|407.6153,65.9665,18.8798,1,0,0,0,-1,0,0,0,-1|0.0481,0.6156,1.616|0.9373,0.7216,0.2196|256|0|1|1|1|1|0.1|1",
"P|Part|456.5892,146.4079,87.2434,0,0,-1,0.1945,-0.9809,0,-0.9809,-0.1945,0|1.2816,6.7849,4.5497|0.9725,0.9725,0.9725|256|0|1|1|1|1|0|1",
"P|Part|456.5892,151.7189,108.8029,0,0,-1,-0.5687,0.8226,0,0.8226,0.5687,0|0.8691,3.107,3.0853|0.9725,0.9725,0.9725|256|0|1|1|1|1|0.1|1",
"P|Part|456.589,158.9999,62.373,0,0,-1,-0.9403,0.3403,0,0.3403,0.9403,0|0.5199,0.8181,4.424|0.9373,0.7216,0.2196|256|0|1|1|1|1|0.1|1",
"P|Part|304.0037,156.5242,144.7148,0,0,-1,0,-1,0,-1,0,0|0.467,0.2547,0.9339|0.9373,0.7216,0.2196|256|0|1|1|1|1|0.1|1",
"P|Part|-159.4975,143.402,165.3881,-1,0,0,0,1,0,0,0,-1|2.4348,4.8696,1.2174|0.8745,0.8745,0.8706|256|0|1|1|1|1|0|1",
"P|Part|456.5894,107.8039,107.3105,0,0,-1,0.9964,0.0853,0,0.0853,-0.9964,0|0.8529,0.4188,4.8188|0.9725,0.9725,0.9725|256|0|1|1|1|1|0|1",
"P|Part|-227.185,147.1759,140.4313,-1,0,0,0,1,0,0,0,-1|2.9218,2.6783,1.4609|0.8745,0.8745,0.8706|256|0|1|1|1|1|0|1",
"P|Part.354c|-186.5856,94.4704,72.2055,0,0,1,0,1,0,-1,0,0|0.1967,0.4945,17.2214|0.8353,0.451,0.2392|256|0|1|1|1|1|0|1",
"P|Part|-132.7146,86.7928,-11.1352,-1,0,0,0,1,0,0,0,-1|2.4348,6.087,1.2174|0.8745,0.8745,0.8706|256|0|1|1|1|1|0|1",
"P|Part|409.4643,152.8554,22.1516,0.7071,0,-0.7071,0,-1,0,-0.7071,0,-0.7071|0.0302,0.3862,1.0138|0.4196,0.1961,0.4863|256|0|1|1|1|1|0.1|1",
"P|Part|179.1078,153.3564,21.2088,0.7071,0,-0.7071,0,1,0,0.7071,0,0.7071|0.0481,0.6156,1.616|0.9373,0.7216,0.2196|256|0|1|1|1|1|0.1|1",
"P|Part|-105.4448,147.1759,164.7794,-1,0,0,0,1,0,0,0,-1|2.9218,2.6783,1.4609|0.8745,0.8745,0.8706|256|0|1|1|1|1|0|1",
"P|Part|408.7474,66.0812,21.4347,-0.7071,0,0.7071,0,-1,0,0.7071,0,0.7071|0.0302,0.3862,1.0138|0.4196,0.1961,0.4863|256|0|1|1|1|1|0.1|1",
"P|Part|456.5892,146.4587,73.1166,0,0,-1,-0.1875,-0.9823,0,-0.9823,0.1875,0|1.2816,6.7849,4.5497|0.9725,0.9725,0.9725|256|0|1|1|1|1|0|1",
"P|Part|456.5892,83.983,125.1718,0,0,-1,0.5004,-0.8658,0,-0.8658,-0.5004,0|0.5199,0.8181,4.424|0.9373,0.7216,0.2196|256|0|1|1|1|1|0.1|1",
"U|CorinthianCapital|76.8694,149.3139,142.6169,0.8365,-0.2241,-0.5,0.2588,0.9659,0,0.483,-0.1294,0.866|2.0992,5.5728,2.2216|0.9725,0.9725,0.9725|256|0|1|1|1|1|0|1",
"P|EP2|26.9697,71.3506,76.2628,0,0.7071,0.7071,1,0,0,0,0.7071,-0.7071|1.7679,5.3516,1.7679|0.9725,0.9725,0.9725|256|1|0|1|1|1|0|0|AT:Attachment:0,0,0,0,0,0|PE:ParticleEmitter:rbxassetid://277916207:1:12:1:1:1.6724:1.6724",
"P|Part|-208.1936,86.7928,165.3881,-1,0,0,0,1,0,0,0,-1|2.4348,6.087,1.2174|0.8745,0.8745,0.8706|256|0|1|1|1|1|0|1",
"P|Part|456.589,107.9156,116.9689,0,0,-1,-0.9982,-0.06,0,-0.06,0.9982,0|1.2816,6.7849,4.5497|0.9725,0.9725,0.9725|256|0|1|1|1|1|0|1",
"P|Part|-230.1068,86.7928,123.9964,1,0,0,0,1,0,0,0,1|2.4348,6.087,1.2174|0.8745,0.8745,0.8706|256|0|1|1|1|1|0|1",
"P|Part|-232.5416,86.7928,-9.9178,-1,0,0,0,1,0,0,0,-1|2.4348,6.087,1.2174|0.8745,0.8745,0.8706|256|0|1|1|1|1|0|1",
"P|Part|456.5896,159.1791,67.7766,0,0,-1,0.2428,0.9701,0,0.9701,-0.2428,0|0.8691,3.107,3.0853|0.9725,0.9725,0.9725|256|0|1|1|1|1|0.1|1",
"P|Part|16.6483,83.4571,82.6099,0,-1,0,-1,0,0,0,0,-1|0.2448,0.5613,3.5786|0.9373,0.7216,0.2196|256|0|1|1|1|1|0.1|1",
"P|Part|456.589,154.1911,52.4732,0,0,-1,0.8478,-0.5303,0,-0.5303,-0.8478,0|0.5199,0.8181,4.424|0.9373,0.7216,0.2196|256|0|1|1|1|1|0.1|1",
"P|Part|229.8096,150.9791,18.0568,0,-1,0,1,0,0,0,0,1|2.2924,0.5094,0.467|0.9373,0.7216,0.2196|256|0|1|1|1|1|0.1|1",
"P|Part|20.6876,83.0167,79.3485,0,0,1,-1,0,0,0,-1,0|0.1977,0.4532,2.8894|0.9373,0.7216,0.2196|256|0|1|1|1|1|0.1|1",
"P|Part|336.9347,66.0812,148.1206,-0.7071,0,-0.7071,0,-1,0,-0.7071,0,0.7071|0.0302,0.3862,1.0138|0.4196,0.1961,0.4863|256|0|1|1|1|1|0.1|1",
"P|Part|-154.3844,115.6452,-9.0169,0,0,1,0,1,0,-1,0,0|2.1426,51.6178,1.0713|0.8745,0.8745,0.8706|256|0|1|1|1|1|0|1",
"P|Part|342.0652,143.0838,18.0511,0,0,-1,0,1,0,1,0,0|0.467,5.7054,0.9339|0.9373,0.7216,0.2196|256|0|1|1|1|1|0.1|1",
"P|Part|177.9651,65.9665,149.0098,0.7071,0,0.7071,0,-1,0,0.7071,0,-0.7071|0.0481,0.6156,1.616|0.9373,0.7216,0.2196|256|0|1|1|1|1|0.1|1",
"P|Part|456.5893,109.1829,105.112,0,0,-1,-0.9993,-0.038,0,-0.038,0.9993,0|0.8691,4.6011,3.0853|0.9725,0.9725,0.9725|256|0|1|1|1|1|0|1",
"P|Part|134.675,163.1526,144.7148,0,0,1,0,-1,0,1,0,0|0.467,0.2547,0.9339|0.9373,0.7216,0.2196|256|0|1|1|1|1|0.1|1",
"P|Part|456.5892,134.4839,112.2297,0,0,-1,0.7975,-0.6034,0,-0.6034,-0.7975,0|1.2578,0.6176,7.1059|0.9725,0.9725,0.9725|256|0|1|1|1|1|0|1",
"P|Part|130.2777,163.1526,144.7091,0,0,-1,0,-1,0,-1,0,0|0.467,0.2547,0.9339|0.9373,0.7216,0.2196|256|0|1|1|1|1|0.1|1",
"P|Part|456.5892,161.7783,86.0478,0,0,-1,0.9934,0.1144,0,0.1144,-0.9934,0|0.5199,0.8181,4.424|0.9373,0.7216,0.2196|256|0|1|1|1|1|0.1|1",
"P|Part|456.589,113.0617,104.961,0,0,-1,-0.9932,0.1165,0,0.1165,0.9932,0|0.8691,4.6011,3.0853|0.9725,0.9725,0.9725|256|0|1|1|1|1|0|1",
"P|Part|177.3258,98.387,144.709,0,-1,0,1,0,0,0,0,1|64.6275,1.5065,1.5065|0.9373,0.7216,0.2196|256|0|1|1|1|1|0.1|1",
"P|Part|327.6157,152.7408,18.8797,1,0,0,0,-1,0,0,0,-1|0.0481,0.6156,1.616|0.9373,0.7216,0.2196|256|0|1|1|1|1|0.1|1",
"P|Part|329.6982,65.9665,140.4574,-0.7071,0,-0.7071,0,-1,0,-0.7071,0,0.7071|0.0481,0.6156,1.616|0.9373,0.7216,0.2196|256|0|1|1|1|1|0.1|1",
"P|Part|7.1227,57.3514,82.3781,-1,0,0,0,1,0,0,0,-1|170.0291,10.3478,127.1736|0.9373,0.7216,0.2196|256|0|1|1|1|1|0.4|1",
"P|Part|456.5896,95.6469,117.7067,0,0,-1,0.9333,0.3591,0,0.3591,-0.9333,0|1.2578,0.6176,7.1059|0.9725,0.9725,0.9725|256|0|1|1|1|1|0|1",
"P|Part|456.5893,119.1887,28.8312,0,0,-1,0.1757,-0.9844,0,-0.9844,-0.1757,0|0.5199,0.8181,4.424|0.9373,0.7216,0.2196|256|0|1|1|1|1|0.1|1",
"P|Part|98.3258,82.1805,144.709,0,1,0,1,0,0,0,0,-1|2.0061,3.0129,3.01|0.9373,0.7216,0.2196|256|0|1|1|1|1|0.1|1",
"P|Part|193.1438,150.9791,144.7091,0,1,0,1,0,0,0,0,-1|2.2924,0.5094,0.467|0.9373,0.7216,0.2196|256|0|1|1|1|1|0.1|1",
"P|Part|341.5985,118.1851,144.709,0,1,0,1,0,0,0,0,-1|2.0061,3.0129,3.01|0.9373,0.7216,0.2196|256|0|1|1|1|1|0.1|1",
"P|Part|456.5896,110.9216,39.7322,0,0,-1,0.9998,0.0195,0,0.0195,-0.9998,0|1.2578,0.668,7.1059|0.9725,0.9725,0.9725|256|0|1|1|1|1|0|1",
"P|Part|177.3258,77.2092,144.709,0,-1,0,1,0,0,0,0,1|5.3203,3.0129,3.01|0.9373,0.7216,0.2196|256|0|1|1|1|1|0.1|1",
"P|Part|18.9405,70.931,80.8627,0,-0.7071,-0.7071,1,0,0,0,-0.7071,0.7071|0.1498,0.3434,2.189|0.9373,0.7216,0.2196|256|0|1|1|1|1|0.1|1",
"P|Part|17.671,77.8007,82.6099,0,-1,0,-1,0,0,0,0,-1|0.1828,0.4192,2.6724|0.9373,0.7216,0.2196|256|0|1|1|1|1|0.1|1",
"P|Part|456.5892,133.5584,89.0189,0,0,-1,0.3576,-0.9339,0,-0.9339,-0.3576,0|0.8691,4.6011,3.0853|0.9725,0.9725,0.9725|256|0|1|1|1|1|0|1",
"P|Part|-88.8882,115.6452,13.7241,-1,0,0,0,1,0,0,0,-1|2.1426,51.6178,1.0713|0.8745,0.8745,0.8706|256|0|1|1|1|1|0|1",
"P|Part|456.5892,133.7713,108.4956,0,0,-1,-0.7691,0.6391,0,0.6391,0.7691,0|1.2816,6.7849,4.5497|0.9725,0.9725,0.9725|256|0|1|1|1|1|0|1",
"P|Part|456.5892,147.2493,114.3936,0,0,-1,-0.6791,0.734,0,0.734,0.6791,0|0.8691,3.107,3.0853|0.9725,0.9725,0.9725|256|0|1|1|1|1|0.1|1",
"P|Part|388.8096,150.9791,18.0568,0,-1,0,1,0,0,0,0,1|2.2924,0.5094,0.467|0.9373,0.7216,0.2196|256|0|1|1|1|1|0.1|1",
"P|Part|418.0926,153.3564,18.8799,-1,0,0,0,1,0,0,0,-1|0.0481,0.6156,1.616|0.9373,0.7216,0.2196|256|0|1|1|1|1|0.1|1",
"P|Part|456.5894,137.3342,77.0385,0,0,-1,-0.11,-0.9939,0,-0.9939,0.11,0|0.8529,0.4188,4.8188|0.9725,0.9725,0.9725|256|0|1|1|1|1|0|1",
"P|Part|456.5894,87.3594,95.1811,0,0,-1,-0.5534,-0.8329,0,-0.8329,0.5534,0|0.8529,0.453,4.8188|0.9725,0.9725,0.9725|256|0|1|1|1|1|0|1",
"P|Part|456.5893,148.3246,115.4018,0,0,-1,0.7351,0.678,0,0.678,-0.7351,0|0.5199,0.8181,4.424|0.9373,0.7216,0.2196|256|0|1|1|1|1|0.1|1",
"P|Part|456.5892,147.1115,80.5306,0,0,-1,0.013,-0.9999,0,-0.9999,-0.013,0|1.2816,6.7849,4.5497|0.9725,0.9725,0.9725|256|0|1|1|1|1|0|1",
"P|Part|333.6599,65.9665,149.9478,0,0,-1,0,-1,0,-1,0,0|0.0481,0.6156,1.616|0.9373,0.7216,0.2196|256|0|1|1|1|1|0.1|1",
"P|Part|456.589,97.6316,129.0368,0,0,-1,0.9689,0.2473,0,0.2473,-0.9689,0|0.8691,3.107,3.0853|0.9725,0.9725,0.9725|256|0|1|1|1|1|0.1|1",
"P|Part|456.5893,99.0904,55.0301,0,0,-1,0.9148,-0.4039,0,-0.4039,-0.9148,0|0.8529,0.453,4.8188|0.9725,0.9725,0.9725|256|0|1|1|1|1|0|1",
"P|Part|456.5889,87.1139,51.1126,0,0,-1,0.7826,-0.6225,0,-0.6225,-0.7826,0|1.2816,6.7849,4.5497|0.9725,0.9725,0.9725|256|0|1|1|1|1|0|1",
"P|Part|266.8712,145.4051,18.0511,0,1,0,1,0,0,0,0,-1|2.2924,0.5094,0.467|0.9373,0.7216,0.2196|256|0|1|1|1|1|0.1|1",
"P|Part|175.6599,66.5821,23.2899,0,0,-1,0,1,0,1,0,0|0.0481,0.6156,1.616|0.9373,0.7216,0.2196|256|0|1|1|1|1|0.1|1",
"P|Part|456.5892,150.4243,112.955,0,0,-1,-0.7756,-0.6312,0,-0.6312,0.7756,0|0.5199,0.8181,4.424|0.9373,0.7216,0.2196|256|0|1|1|1|1|0.1|1",
"P|Part|456.5893,137.4863,80.909,0,0,-1,0.0314,-0.9995,0,-0.9995,-0.0314,0|0.8529,0.4188,4.8188|0.9725,0.9725,0.9725|256|0|1|1|1|1|0|1",
"P|Part|456.5893,137.4532,55.1245,0,0,-1,-0.674,-0.7387,0,-0.7387,0.674,0|1.2816,6.7849,4.5497|0.9725,0.9725,0.9725|256|0|1|1|1|1|0|1",
"P|Part|-91.81,147.1759,-3.2221,1,0,0,0,1,0,0,0,1|2.9218,2.6783,1.4609|0.8745,0.8745,0.8706|256|0|1|1|1|1|0|1",
"P|Part|-225.8459,143.402,-6.8743,0,0,1,0,1,0,-1,0,0|2.4348,4.8696,1.2174|0.8745,0.8745,0.8706|256|0|1|1|1|1|0|1",
"P|Part|22.4289,77.4864,84.3506,0,0.7071,-0.7071,-1,0,0,0,0.7071,0.7071|0.1492,0.3421,2.1808|0.9373,0.7216,0.2196|256|0|1|1|1|1|0.1|1",
"P|Part|-137.8277,147.1759,168.4316,0,0,-1,0,1,0,1,0,0|2.9218,2.6783,1.4609|0.8745,0.8745,0.8706|256|0|1|1|1|1|0|1",
"P|Part|253.8546,149.61,144.7133,0,1,0,1,0,0,0,0,-1|0.4577,12.0518,12.0518|0.9373,0.7216,0.2196|256|0|1|1|1|1|0.1|1",
"P|Part|-157.0627,150.6455,168.4316,-1,0,0,0,-1,0,0,0,1|14.6088,0.8522,14.6088|0.8745,0.8745,0.8706|256|0|1|1|1|1|0|1",
"P|Part|456.5893,119.4941,119.2934,0,0,-1,0.9727,-0.2319,0,-0.2319,-0.9727,0|1.2578,0.6176,7.1059|0.9725,0.9725,0.9725|256|0|1|1|1|1|0|1",
"P|Part|20.6877,84.114,80.1391,0,0,1,-1,0,0,0,-1,0|0.1498,0.3434,2.189|0.9373,0.7216,0.2196|256|0|1|1|1|1|0.1|1",
"P|Part|456.5893,152.3876,52.2887,0,0,-1,0.5491,0.8357,0,0.8357,-0.5491,0|0.8691,3.107,3.0853|0.9725,0.9725,0.9725|256|0|1|1|1|1|0.1|1",
"P|Part|177.9817,66.5821,140.4314,0.7071,0,0.7071,0,1,0,-0.7071,0,0.7071|0.0481,0.6156,1.616|0.9373,0.7216,0.2196|256|0|1|1|1|1|0.1|1",
"P|Part|415.7758,109.5029,147.6504,0,0.7071,-0.7071,-1,0,0,0,0.7071,0.7071|92.9901,2.157,4.3139|1,1,1|256|0|1|1|1|1|0|1",
"P|Part.d03e|-186.5856,94.8957,80.0118,0,0,1,0,1,0,-1,0,0|19.2681,0.2245,17.6333|0.9373,0.7216,0.2196|256|0|1|1|1|1|0|1",
"P|Part|456.5892,87.5594,95.5083,0,0,-1,0.565,0.8251,0,0.8251,-0.565,0|0.8529,0.4188,4.8188|0.9725,0.9725,0.9725|256|0|1|1|1|1|0|1",
"P|Part|456.5892,159.677,90.1279,0,0,-1,-0.1993,0.9799,0,0.9799,0.1993,0|0.8691,3.107,3.0853|0.9725,0.9725,0.9725|256|0|1|1|1|1|0.1|1",
"P|Part|-86.2099,115.6452,166.2889,0,0,1,0,1,0,-1,0,0|2.1426,51.6178,1.0713|0.8745,0.8745,0.8706|256|0|1|1|1|1|0|1",
"P|Part|328.7474,66.4674,148.0926,0.7071,0,0.7071,0,1,0,-0.7071,0,0.7071|0.0302,0.3862,1.0138|0.4196,0.1961,0.4863|256|0|1|1|1|1|0.1|1",
"P|Part|456.5894,141.221,38.3822,0,0,-1,0.5987,-0.8009,0,-0.8009,-0.5987,0|0.5199,0.8181,4.424|0.9373,0.7216,0.2196|256|0|1|1|1|1|0.1|1",
"P|Part|271.6767,152.0048,18.0511,0,0,1,0,-1,0,1,0,0|0.467,0.2547,0.9339|0.9373,0.7216,0.2196|256|0|1|1|1|1|0.1|1",
"P|Part|409.4643,153.2417,148.8095,-0.7071,0,-0.7071,0,1,0,0.7071,0,-0.7071|0.0302,0.3862,1.0138|0.4196,0.1961,0.4863|256|0|1|1|1|1|0.1|1",
"P|Part|456.5892,100.1256,131.2051,0,0,-1,-0.1905,0.9817,0,0.9817,0.1905,0|0.5199,0.8181,4.424|0.9373,0.7216,0.2196|256|0|1|1|1|1|0.1|1",
"P|Part|314.549,146.4309,18.0569,0,0,-1,0,-1,0,-1,0,0|0.467,0.2547,0.9339|0.9373,0.7216,0.2196|256|0|1|1|1|1|0.1|1",
"P|Part|187.8712,105.1661,18.0511,0,-1,0,1,0,0,0,0,1|78.1858,1.5065,1.5065|0.9373,0.7216,0.2196|256|0|1|1|1|1|0.1|1",
"P|Part|249.7474,66.0812,148.0926,-0.7071,0,0.7071,0,-1,0,0.7071,0,0.7071|0.0302,0.3862,1.0138|0.4196,0.1961,0.4863|256|0|1|1|1|1|0.1|1",
"P|Part|456.5893,133.9621,72.234,0,0,-1,0.3117,0.9502,0,0.9502,-0.3117,0|0.8691,4.6011,3.0853|0.9725,0.9725,0.9725|256|0|1|1|1|1|0|1",
"P|Part|404.6273,77.2092,144.7148,0,1,0,1,0,0,0,0,-1|5.3203,3.0129,3.01|0.9373,0.7216,0.2196|256|0|1|1|1|1|0.1|1",
"P|Part|456.589,130.0157,61.244,0,0,-1,-0.6872,-0.7265,0,-0.7265,0.6872,0|0.8529,0.4188,4.8188|0.9725,0.9725,0.9725|256|0|1|1|1|1|0|1",
"P|Part|298.7311,160.1397,144.7148,0,0,-1,0,-1,0,-1,0,0|0.467,0.2547,0.9339|0.9373,0.7216,0.2196|256|0|1|1|1|1|0.1|1",
"P|Part|456.5892,161.1567,70.1341,0,0,-1,0.9816,-0.1912,0,-0.1912,-0.9816,0|0.5199,0.8181,4.424|0.9373,0.7216,0.2196|256|0|1|1|1|1|0.1|1",
"P|Part|276.9493,159.5042,18.0511,0,0,1,0,1,0,-1,0,0|0.467,5.7054,0.9339|0.9373,0.7216,0.2196|256|0|1|1|1|1|0.1|1",
"P|Part|-213.0632,86.7928,165.3881,-1,0,0,0,1,0,0,0,-1|2.4348,6.087,1.2174|0.8745,0.8745,0.8706|256|0|1|1|1|1|0|1",
"P|Part|250.6982,153.3564,13.7997,0.7071,0,-0.7071,0,1,0,0.7071,0,0.7071|0.0481,0.6156,1.616|0.9373,0.7216,0.2196|256|0|1|1|1|1|0.1|1",
"P|Part|-207.5849,86.7928,165.9968,0,0,1,0,1,0,-1,0,0|2.4348,6.087,1.2174|0.8745,0.8745,0.8706|256|0|1|1|1|1|0|1",
"P|Part|456.5894,162.0636,82.201,0,0,-1,-0.9992,-0.0405,0,-0.0405,0.9992,0|0.5199,0.8181,4.424|0.9373,0.7216,0.2196|256|0|1|1|1|1|0.1|1",
"P|Part|352.1438,82.1805,18.0511,0,0,1,0,1,0,-1,0,0|3.0129,1.4035,31.6359|0.9373,0.7216,0.2196|256|0|1|1|1|1|0.1|1",
"P|Part|124.222,160.1397,144.7091,0,0,1,0,-1,0,1,0,0|0.467,0.2547,0.9339|0.9373,0.7216,0.2196|256|0|1|1|1|1|0.1|1",
"P|Part|456.5892,160.2793,93.8263,0,0,-1,0.9646,0.2637,0,0.2637,-0.9646,0|0.5199,0.8181,4.424|0.9373,0.7216,0.2196|256|0|1|1|1|1|0.1|1",
"P|Part|456.5894,81.8685,103.8936,0,0,-1,-0.6447,-0.7644,0,-0.7644,0.6447,0|1.2816,6.7849,4.5497|0.9725,0.9725,0.9725|256|0|1|1|1|1|0|1",
"P|Part|-225.8459,86.7928,41.8218,0,0,1,0,1,0,-1,0,0|2.4348,6.087,1.2174|0.8745,0.8745,0.8706|256|0|1|1|1|1|0|1",
"P|Part|372.675,163.1526,18.0569,0,0,1,0,-1,0,1,0,0|0.467,0.2547,0.9339|0.9373,0.7216,0.2196|256|0|1|1|1|1|0.1|1",
"P|Part|20.6877,79.683,76.2193,0,0,1,-1,0,0,0,-1,0|0.3873,0.8881,5.6617|0.9373,0.7216,0.2196|256|0|1|1|1|1|0.1|1",
"P|Part|-105.6883,115.6452,-9.0169,0,0,1,0,1,0,-1,0,0|2.1426,51.6178,1.0713|0.8745,0.8745,0.8706|256|0|1|1|1|1|0|1",
"P|Part|332.8546,150.5255,144.7133,0,1,0,1,0,0,0,0,-1|0.4577,12.0518,12.0518|0.9373,0.7216,0.2196|256|0|1|1|1|1|0.1|1",
"P|Part|174.8542,69.5,18.0549,0,1,0,1,0,0,0,0,-1|0.4577,12.0518,12.0518|0.9373,0.7216,0.2196|256|0|1|1|1|1|0.1|1",
"M|Cloud|666.1996,282.1442,32.5955,1,0,0,0,-1,0,0,0,-1|51.8872,26.887,72.9216|1,1,1|256|0|1|1|1|1|0|1|rbxassetid://4862430258|",
"P|Part|456.5893,124.4473,100.6421,0,0,-1,0.8211,-0.5707,0,-0.5707,-0.8211,0|0.8691,4.6011,3.0853|0.9725,0.9725,0.9725|256|0|1|1|1|1|0|1",
"M|Cloud|-215.3591,179.1442,453.0496,1,0,0,0,-1,0,0,0,-1|67.6584,35.0593,95.0862|1,1,1|256|0|1|1|1|1|0|1|rbxassetid://4862430258|",
"P|Part|-110.8014,86.7928,171.4751,1,0,0,0,1,0,0,0,1|2.4348,6.087,1.2174|0.8745,0.8745,0.8706|256|0|1|1|1|1|0|1",
"P|Part|456.5893,111.1857,52.7234,0,0,-1,0.9993,0.0384,0,0.0384,-0.9993,0|0.8529,0.453,4.8188|0.9725,0.9725,0.9725|256|0|1|1|1|1|0|1",
"P|Part|18.5545,77.8007,80.4767,0,-0.7071,0.7071,-1,0,0,0,-0.7071,-0.7071|0.1828,0.4192,2.6724|0.9373,0.7216,0.2196|256|0|1|1|1|1|0.1|1",
"P|Part|456.5894,104.1513,43.5555,0,0,-1,-0.9868,0.1617,0,0.1617,0.9868,0|1.2816,6.7849,4.5497|0.9725,0.9725,0.9725|256|0|1|1|1|1|0|1",
"P|Part|416.9515,66.4674,141.3231,-0.7071,0,-0.7071,0,1,0,0.7071,0,-0.7071|0.0302,0.3862,1.0138|0.4196,0.1961,0.4863|256|0|1|1|1|1|0.1|1",
"P|Part|-85.236,147.1759,147.0053,0,0,1,0,1,0,-1,0,0|2.9218,2.6783,1.4609|0.8745,0.8745,0.8706|256|0|1|1|1|1|0|1",
"P|Part|-159.4975,86.7928,-9.9178,-1,0,0,0,1,0,0,0,-1|2.4348,6.087,1.2174|0.8745,0.8745,0.8706|256|0|1|1|1|1|0|1",
"P|Part|456.5893,81.4078,103.3471,0,0,-1,-0.6298,-0.7768,0,-0.7768,0.6298,0|1.2816,6.7849,4.5497|0.9725,0.9725,0.9725|256|0|1|1|1|1|0|1",
"P|Part|456.5894,112.1909,107.3308,0,0,-1,0.9972,-0.0751,0,-0.0751,-0.9972,0|0.8529,0.4188,4.8188|0.9725,0.9725,0.9725|256|0|1|1|1|1|0|1",
"P|Part.b6b9|-193.9073,107.7927,76.1126,0,0,1,0,1,0,-1,0,0|1.4573,0.0246,3.0289|0.9373,0.7216,0.2196|256|0|1|1|1|1|0|1",
"P|Part|456.5893,132.5663,68.8363,0,0,-1,-0.4471,-0.8945,0,-0.8945,0.4471,0|0.8691,4.6011,3.0853|0.9725,0.9725,0.9725|256|0|1|1|1|1|0|1",
"P|Part|-206.3675,86.7928,-6.8743,0,0,1,0,1,0,-1,0,0|2.4348,6.087,1.2174|0.8745,0.8745,0.8706|256|0|1|1|1|1|0|1",
"P|Part|319.3546,139.078,18.0569,0,-1,0,1,0,0,0,0,1|2.2924,0.5094,0.467|0.9373,0.7216,0.2196|256|0|1|1|1|1|0.1|1",
"P|Part|-225.8459,143.402,119.7355,0,0,1,0,1,0,-1,0,0|2.4348,4.8696,1.2174|0.8745,0.8745,0.8706|256|0|1|1|1|1|0|1",
"P|Part|-225.8459,86.7928,168.4315,0,0,1,0,1,0,-1,0,0|2.4348,6.087,1.2174|0.8745,0.8745,0.8706|256|0|1|1|1|1|0|1",
"P|Part|-210.6284,150.6455,-6.8743,-1,0,0,0,-1,0,0,0,1|14.6088,0.8522,14.6088|0.8745,0.8745,0.8706|256|0|1|1|1|1|0|1",
"P|Part|456.5892,103.0975,55.9778,0,0,-1,-0.9598,0.2805,0,0.2805,0.9598,0|0.8691,4.6011,3.0853|0.9725,0.9725,0.9725|256|0|1|1|1|1|0|1",
"P|Part|456.5894,160.4539,84.9382,0,0,-1,-0.0966,0.9953,0,0.9953,0.0966,0|0.8691,3.107,3.0853|0.9725,0.9725,0.9725|256|0|1|1|1|1|0.1|1",
"P|Part|456.5894,138.118,36.2384,0,0,-1,0.5392,-0.8422,0,-0.8422,-0.5392,0|0.5199,0.8181,4.424|0.9373,0.7216,0.2196|256|0|1|1|1|1|0.1|1",
"P|Part|456.5896,110.9216,39.7322,0,0,-1,0.9998,0.0195,0,0.0195,-0.9998,0|1.2578,0.668,7.1059|0.9725,0.9725,0.9725|256|0|1|1|1|1|0|1",
"P|Part|456.5893,89.4982,45.3998,0,0,-1,0.8591,-0.5118,0,-0.5118,-0.8591,0|1.2578,0.668,7.1059|0.9725,0.9725,0.9725|256|0|1|1|1|1|0|1",
"P|Part|169.5606,66.0812,18.5798,1,0,0,0,-1,0,0,0,-1|0.0302,0.3862,1.0138|0.4196,0.1961,0.4863|256|0|1|1|1|1|0.1|1",
"P|Part|456.5893,99.3981,41.183,0,0,-1,0.9639,-0.2663,0,-0.2663,-0.9639,0|1.2578,0.668,7.1059|0.9725,0.9725,0.9725|256|0|1|1|1|1|0|1",
"P|Part|456.5894,137.7788,55.4929,0,0,-1,-0.6641,-0.7476,0,-0.7476,0.6641,0|1.2816,6.7849,4.5497|0.9725,0.9725,0.9725|256|0|1|1|1|1|0|1",
"P|Part|456.5896,136.0565,36.6431,0,0,-1,0.8586,0.5127,0,0.5127,-0.8586,0|0.8691,3.107,3.0853|0.9725,0.9725,0.9725|256|0|1|1|1|1|0.1|1",
"P|Part|456.5896,127.7164,62.1652,0,0,-1,-0.7131,-0.7011,0,-0.7011,0.7131,0|0.8691,4.6011,3.0853|0.9725,0.9725,0.9725|256|0|1|1|1|1|0|1",
"P|Part|248.5606,66.4674,17.5661,1,0,0,0,1,0,0,0,1|0.0302,0.3862,1.0138|0.4196,0.1961,0.4863|256|0|1|1|1|1|0.1|1",
"P|Part|-213.6719,86.7928,-4.4395,0,0,-1,0,1,0,1,0,0|2.4348,6.087,1.2174|0.8745,0.8745,0.8706|256|0|1|1|1|1|0|1",
"P|Part|-232.7851,115.6452,15.3311,0,0,-1,0,1,0,1,0,0|2.1426,51.6178,1.0713|0.8745,0.8745,0.8706|256|0|1|1|1|1|0|1",
"P|Part|456.5893,106.7267,130.4897,0,0,-1,0.9977,0.0674,0,0.0674,-0.9977,0|0.8691,3.107,3.0853|0.9725,0.9725,0.9725|256|0|1|1|1|1|0.1|1",
"P|Part|456.5893,126.9482,127.7262,0,0,-1,0.9431,-0.3326,0,-0.3326,-0.9431,0|0.8691,3.107,3.0853|0.9725,0.9725,0.9725|256|0|1|1|1|1|0.1|1",
"P|Part|-104.617,115.6452,168.4316,0,0,1,0,1,0,-1,0,0|2.1426,51.6178,1.0713|0.8745,0.8745,0.8706|256|0|1|1|1|1|0|1",
"P|Part|456.5892,104.8083,53.2273,0,0,-1,0.9808,-0.1949,0,-0.1949,-0.9808,0|0.8529,0.453,4.8188|0.9725,0.9725,0.9725|256|0|1|1|1|1|0|1",
"P|Part|329.6982,65.9665,13.7994,-0.7071,0,-0.7071,0,-1,0,-0.7071,0,0.7071|0.0481,0.6156,1.616|0.9373,0.7216,0.2196|256|0|1|1|1|1|0.1|1",
"P|Part|456.5892,120.6049,29.1047,0,0,-1,0.2029,-0.9792,0,-0.9792,-0.2029,0|0.5199,0.8181,4.424|0.9373,0.7216,0.2196|256|0|1|1|1|1|0.1|1",
"P|Part|456.5894,86.4822,112.7337,0,0,-1,0.8101,0.5863,0,0.5863,-0.8101,0|1.2578,0.6176,7.1059|0.9725,0.9725,0.9725|256|0|1|1|1|1|0|1",
"P|Part|-157.0627,115.6452,172.1812,1,0,0,0,1,0,0,0,1|2.1426,51.6178,1.0713|0.8745,0.8745,0.8706|256|0|1|1|1|1|0|1",
"P|Part|456.5893,128.4437,47.919,0,0,-1,-0.8688,-0.4951,0,-0.4951,0.8688,0|1.2816,6.7849,4.5497|0.9725,0.9725,0.9725|256|0|1|1|1|1|0|1",
"P|Part|-233.1503,86.7928,39.387,0,0,-1,0,1,0,1,0,0|2.4348,6.087,1.2174|0.8745,0.8745,0.8706|256|0|1|1|1|1|0|1",
"P|Part|-234.3677,143.402,119.7355,0,0,-1,0,1,0,1,0,0|2.4348,4.8696,1.2174|0.8745,0.8745,0.8706|256|0|1|1|1|1|0|1",
"P|Part|413.6606,65.9665,12.7649,0,0,-1,0,-1,0,-1,0,0|0.0481,0.6156,1.616|0.9373,0.7216,0.2196|256|0|1|1|1|1|0.1|1",
"P|Part|456.5894,125.8406,60.4968,0,0,-1,-0.7796,-0.6263,0,-0.6263,0.7796,0|0.8691,4.6011,3.0853|0.9725,0.9725,0.9725|256|0|1|1|1|1|0|1",
"P|Part|456.5893,103.8629,104.3338,0,0,-1,-0.9682,-0.2501,0,-0.2501,0.9682,0|0.8691,4.6011,3.0853|0.9725,0.9725,0.9725|256|0|1|1|1|1|0|1",
"P|Part|-232.2495,115.6452,44.5001,1,0,0,0,1,0,0,0,1|2.1426,51.6178,1.0713|0.8745,0.8745,0.8706|256|0|1|1|1|1|0|1",
"P|Part|456.589,138.7937,123.5159,0,0,-1,0.5521,0.8338,0,0.8338,-0.5521,0|0.5199,0.8181,4.424|0.9373,0.7216,0.2196|256|0|1|1|1|1|0.1|1",
"P|Part|254.3592,152.8554,23.3463,0,0,-1,0,-1,0,-1,0,0|0.0302,0.3862,1.0138|0.4196,0.1961,0.4863|256|0|1|1|1|1|0.1|1",
"P|Part|-159.741,115.6452,-9.0169,0,0,-1,0,1,0,1,0,0|2.1426,51.6178,1.0713|0.8745,0.8745,0.8706|256|0|1|1|1|1|0|1",
"P|Part|456.5893,102.6672,106.3718,0,0,-1,0.962,0.273,0,0.273,-0.962,0|0.8529,0.4188,4.8188|0.9725,0.9725,0.9725|256|0|1|1|1|1|0|1",
"P|Part|-230.1068,84.9667,119.7355,1,0,0,0,1,0,0,0,1|12.174,2.4348,12.174|0.8745,0.8745,0.8706|256|0|1|1|1|1|0|1",
"M|Left Leg|87.6107,166.6736,15.8928,-0.9962,0,-0.0871,0,1,0,0.0871,0,-0.9962|6.6446,13.2891,6.6446|0.6392,0.6353,0.6471|256|0|0|1|1|1|0|1|rbxassetid://4906912683|",
"P|Part|456.589,88.6916,93.0545,0,0,-1,-0.5185,-0.8551,0,-0.8551,0.5185,0|0.8691,4.6011,3.0853|0.9725,0.9725,0.9725|256|0|1|1|1|1|0|1",
"P|Part|337.1078,153.3564,147.8668,0.7071,0,-0.7071,0,1,0,0.7071,0,0.7071|0.0481,0.6156,1.616|0.9373,0.7216,0.2196|256|0|1|1|1|1|0.1|1",
"P|Part|456.589,156.2551,104.1065,0,0,-1,0.8873,0.4611,0,0.4611,-0.8873,0|0.5199,0.8181,4.424|0.9373,0.7216,0.2196|256|0|1|1|1|1|0.1|1",
"P|Part|170.5734,66.5821,147.8392,0.7071,0,0.7071,0,1,0,-0.7071,0,0.7071|0.0481,0.6156,1.616|0.9373,0.7216,0.2196|256|0|1|1|1|1|0.1|1",
"P|Part|171.9289,109.5029,147.655,0,-0.7071,-0.7071,-1,0,0,0,0.7071,-0.7071|92.9901,2.157,4.3139|1,1,1|256|0|1|1|1|1|0|1",
"P|Part|456.5893,135.3314,90.7285,0,0,-1,0.3902,-0.9207,0,-0.9207,-0.3902,0|0.8529,0.4188,4.8188|0.9725,0.9725,0.9725|256|0|1|1|1|1|0|1",
"P|Part|248.6157,152.7408,145.5376,1,0,0,0,-1,0,0,0,-1|0.0481,0.6156,1.616|0.9373,0.7216,0.2196|256|0|1|1|1|1|0.1|1",
"P|Part|407.6153,65.9665,143.9217,-1,0,0,0,-1,0,0,0,1|0.0481,0.6156,1.616|0.9373,0.7216,0.2196|256|0|1|1|1|1|0.1|1",
"P|Part|327.6153,66.5821,18.8798,-1,0,0,0,1,0,0,0,-1|0.0481,0.6156,1.616|0.9373,0.7216,0.2196|256|0|1|1|1|1|0.1|1",
"P|Part|259.1486,153.2417,18.58,-1,0,0,0,1,0,0,0,-1|0.0302,0.3862,1.0138|0.4196,0.1961,0.4863|256|0|1|1|1|1|0.1|1",
"P|Part|254.3595,66.4674,139.3673,0,0,-1,0,1,0,1,0,0|0.0302,0.3862,1.0138|0.4196,0.1961,0.4863|256|0|1|1|1|1|0.1|1",
"P|Part|456.5887,154.905,103.5356,0,0,-1,-0.4645,0.8856,0,0.8856,0.4645,0|0.8691,3.107,3.0853|0.9725,0.9725,0.9725|256|0|1|1|1|1|0.1|1",
"P|Part|17.8315,83.4571,85.4662,0,-0.7071,-0.7071,-1,0,0,0,0.7071,-0.7071|0.2448,0.5613,3.5786|0.9373,0.7216,0.2196|256|0|1|1|1|1|0.1|1",
"P|Part|182.1314,140.1037,144.7091,0,0,1,0,-1,0,1,0,0|0.467,0.2547,0.9339|0.9373,0.7216,0.2196|256|0|1|1|1|1|0.1|1",
"P|Part|456.5894,151.019,47.9542,0,0,-1,0.7869,-0.6171,0,-0.6171,-0.7869,0|0.5199,0.8181,4.424|0.9373,0.7216,0.2196|256|0|1|1|1|1|0.1|1",
"P|Part|282.6891,118.1851,144.7091,0,1,0,1,0,0,0,0,-1|2.0061,3.0129,3.01|0.9373,0.7216,0.2196|256|0|1|1|1|1|0.1|1",
"P|Torso|-34.2135,294.804,-10.6905,-0.186,0.237,-0.9536,0.2703,0.9454,0.1822,0.9447,-0.2238,-0.2399|15.1414,15.1414,7.5707|0.9725,0.9725,0.9725|256|0.5|1|1|1|1|0|1",
"P||-135.3929,115.6452,170.5742,0,0,-1,0,1,0,1,0,0|2.1426,51.6178,1.0713|0.8745,0.8745,0.8706|256|0|1|1|1|1|0|1",
"M|Part|84.2838,179.9627,146.8579,1,0,0,0,0.9962,0.0872,0,-0.0872,0.9962|13.2891,13.2891,6.6446|0.6392,0.6353,0.6471|256|0|0|1|1|1|0|1|rbxassetid://7095981688|",
"P|Part|456.5892,111.1853,29.5114,0,0,-1,0.9998,0.0208,0,0.0208,-0.9998,0|0.8691,3.107,3.0853|0.9725,0.9725,0.9725|256|0|1|1|1|1|0.1|1",
"P|Part|266.8712,82.1805,144.7091,0,1,0,1,0,0,0,0,-1|2.0061,3.0129,3.01|0.9373,0.7216,0.2196|256|0|1|1|1|1|0.1|1",
"P|Part|456.5893,134.8037,84.566,0,0,-1,0.1801,-0.9837,0,-0.9837,-0.1801,0|0.8691,4.6011,3.0853|0.9725,0.9725,0.9725|256|0|1|1|1|1|0|1",
"P|Part|-159.4975,86.7928,165.3881,-1,0,0,0,1,0,0,0,-1|2.4348,6.087,1.2174|0.8745,0.8745,0.8706|256|0|1|1|1|1|0|1",
"P|Part|383.5366,110.2127,18.0568,0,1,0,1,0,0,0,0,-1|88.2791,1.5065,1.5065|0.9373,0.7216,0.2196|256|0|1|1|1|1|0.1|1",
"P|Part|456.5892,143.7235,40.3764,0,0,-1,0.6468,-0.7626,0,-0.7626,-0.6468,0|0.5199,0.8181,4.424|0.9373,0.7216,0.2196|256|0|1|1|1|1|0.1|1",
"P|Part|456.5892,119.1984,105.8638,0,0,-1,0.9436,-0.3312,0,-0.3312,-0.9436,0|0.8529,0.4188,4.8188|0.9725,0.9725,0.9725|256|0|1|1|1|1|0|1",
"P|Part|337.1078,153.3564,21.2088,0.7071,0,-0.7071,0,1,0,0.7071,0,0.7071|0.0481,0.6156,1.616|0.9373,0.7216,0.2196|256|0|1|1|1|1|0.1|1",
"P|Part|456.5896,92.5042,116.3429,0,0,-1,0.8995,0.437,0,0.437,-0.8995,0|1.2578,0.6176,7.1059|0.9725,0.9725,0.9725|256|0|1|1|1|1|0|1",
"P|Part|456.5889,85.0737,107.2485,0,0,-1,-0.7354,-0.6777,0,-0.6777,0.7354,0|1.2816,6.7849,4.5497|0.9725,0.9725,0.9725|256|0|1|1|1|1|0|1",
"P|Part|456.5893,137.1188,75.4955,0,0,-1,-0.1664,-0.9861,0,-0.9861,0.1664,0|0.8529,0.4188,4.8188|0.9725,0.9725,0.9725|256|0|1|1|1|1|0|1",
"P|Part|456.5894,114.528,107.0545,0,0,-1,0.987,-0.1605,0,-0.1605,-0.987,0|0.8529,0.4188,4.8188|0.9725,0.9725,0.9725|256|0|1|1|1|1|0|1",
"P|Part|224.5366,155.4984,18.0568,0,-1,0,1,0,0,0,0,1|2.2924,0.5094,0.467|0.9373,0.7216,0.2196|256|0|1|1|1|1|0.1|1",
"P|Part|456.5893,125.2752,31.8197,0,0,-1,0.9541,0.2995,0,0.2995,-0.9541,0|0.8691,3.107,3.0853|0.9725,0.9725,0.9725|256|0|1|1|1|1|0.1|1",
"P|Part|-136.9755,86.7928,-6.8743,0,0,-1,0,1,0,1,0,0|2.4348,6.087,1.2174|0.8745,0.8745,0.8706|256|0|1|1|1|1|0|1",
"P|Part|418.0926,152.7408,143.922,-1,0,0,0,-1,0,0,0,1|0.0481,0.6156,1.616|0.9373,0.7216,0.2196|256|0|1|1|1|1|0.1|1",
"P|Part|456.5893,127.421,98.2237,0,0,-1,-0.7246,0.6891,0,0.6892,0.7246,0|0.8691,4.6011,3.0853|0.9725,0.9725,0.9725|256|0|1|1|1|1|0|1",
"P|Part|-227.0633,143.402,122.1703,0,0,1,0,1,0,-1,0,0|2.4348,4.8696,1.2174|0.8745,0.8745,0.8706|256|0|1|1|1|1|0|1",
"P|Part|-130.2799,86.7928,-3.8308,1,0,0,0,1,0,0,0,1|2.4348,6.087,1.2174|0.8745,0.8745,0.8706|256|0|1|1|1|1|0|1",
"P|Part|-154.0192,143.402,-4.4395,0,0,1,0,1,0,-1,0,0|2.4348,4.8696,1.2174|0.8745,0.8745,0.8706|256|0|1|1|1|1|0|1",
"P|Part|314.0819,145.4051,144.7148,0,-1,0,1,0,0,0,0,1|2.2924,0.5094,0.467|0.9373,0.7216,0.2196|256|0|1|1|1|1|0.1|1",
"P|Part|456.5892,120.4112,41.0566,0,0,-1,0.967,0.2548,0,0.2548,-0.967,0|1.2578,0.668,7.1059|0.9725,0.9725,0.9725|256|0|1|1|1|1|0|1",
"P|Part|150.3425,152.0048,144.7148,0,0,1,0,-1,0,1,0,0|0.467,0.2547,0.9339|0.9373,0.7216,0.2196|256|0|1|1|1|1|0.1|1",
"P|Part|333.3592,66.4674,23.3463,0,0,-1,0,1,0,1,0,0|0.0302,0.3862,1.0138|0.4196,0.1961,0.4863|256|0|1|1|1|1|0.1|1",
"P|Part|338.1486,66.0812,144.2243,-1,0,0,0,-1,0,0,0,1|0.0302,0.3862,1.0138|0.4196,0.1961,0.4863|256|0|1|1|1|1|0.1|1",
"P|Part.ab7c|-193.8147,126.5654,71.893,0,0,-1,-1,0,0,0,1,0|12.6251,1.6535,3.4154|0.9373,0.7216,0.2196|256|0|1|1|1|1|0|1",
"P|Part|456.5893,121.5747,129.2917,0,0,-1,0.9741,-0.2263,0,-0.2263,-0.9741,0|0.8691,3.107,3.0853|0.9725,0.9725,0.9725|256|0|1|1|1|1|0.1|1",
"P|Part|456.5893,120.6297,102.8295,0,0,-1,-0.9083,0.4184,0,0.4184,0.9083,0|0.8691,4.6011,3.0853|0.9725,0.9725,0.9725|256|0|1|1|1|1|0|1",
"P|Part|408.7474,153.2417,148.0926,0.7071,0,0.7071,0,1,0,-0.7071,0,0.7071|0.0302,0.3862,1.0138|0.4196,0.1961,0.4863|256|0|1|1|1|1|0.1|1",
"P|Part|456.5892,123.4992,118.1173,0,0,-1,0.9436,-0.3312,0,-0.3312,-0.9436,0|1.2578,0.6176,7.1059|0.9725,0.9725,0.9725|256|0|1|1|1|1|0|1",
"P|Part|456.5892,88.4271,96.7025,0,0,-1,0.6087,0.7934,0,0.7934,-0.6087,0|0.8529,0.4188,4.8188|0.9725,0.9725,0.9725|256|0|1|1|1|1|0|1",
"P|Part|337.1243,66.5821,14.9162,-0.7071,0,-0.7071,0,1,0,0.7071,0,-0.7071|0.0481,0.6156,1.616|0.9373,0.7216,0.2196|256|0|1|1|1|1|0.1|1",
"P|Part|-88.8882,115.6452,38.0722,-1,0,0,0,1,0,0,0,-1|2.1426,51.6178,1.0713|0.8745,0.8745,0.8706|256|0|1|1|1|1|0|1",
"P|Part|456.589,123.8623,130.3066,0,0,-1,-0.2654,-0.9641,0,-0.9641,0.2654,0|0.5199,0.8181,4.424|0.9373,0.7216,0.2196|256|0|1|1|1|1|0.1|1",
"P|Part|314.0819,118.1851,18.0568,0,-1,0,1,0,0,0,0,1|2.0061,3.0129,3.01|0.9373,0.7216,0.2196|256|0|1|1|1|1|0.1|1",
"P|Part|426.6725,70.8666,38.4364,0,0,-1,0,1,0,1,0,0|17.9235,5.8741,8.7886|0.9725,0.9725,0.9725|256|0|1|1|1|1|0|1",
"P|Part|456.5893,147.8084,94.5106,0,0,-1,0.3584,-0.9336,0,-0.9336,-0.3584,0|1.2578,0.6176,7.1059|0.9725,0.9725,0.9725|256|0|1|1|1|1|0|1",
"P|Part|412.8542,70.4155,18.0549,0,1,0,1,0,0,0,0,-1|0.4577,12.0518,12.0518|0.9373,0.7216,0.2196|256|0|1|1|1|1|0.1|1",
"P|Part|456.5894,128.6343,128.7307,0,0,-1,-0.3571,-0.9341,0,-0.9341,0.3571,0|0.5199,0.8181,4.424|0.9373,0.7216,0.2196|256|0|1|1|1|1|0.1|1",
"P|Part|-207.5849,86.7928,-4.4395,0,0,1,0,1,0,-1,0,0|2.4348,6.087,1.2174|0.8745,0.8745,0.8706|256|0|1|1|1|1|0|1",
"P|Part|174.3458,66.0812,12.7094,0,0,1,0,-1,0,1,0,0|0.0302,0.3862,1.0138|0.4196,0.1961,0.4863|256|0|1|1|1|1|0.1|1",
"P|Part|332.8501,109.5029,22.2059,0,0,-1,-1,0,0,0,1,0|92.9901,2.157,4.3139|1,1,1|256|0|1|1|1|1|0|1",
"P|Part|219.7311,163.1198,18.0568,0,0,-1,0,1,0,1,0,0|0.467,5.7054,0.9339|0.9373,0.7216,0.2196|256|0|1|1|1|1|0.1|1",
"P|Part|456.5894,96.3482,117.9687,0,0,-1,0.9398,0.3417,0,0.3417,-0.9398,0|1.2578,0.6176,7.1059|0.9725,0.9725,0.9725|256|0|1|1|1|1|0|1",
"P|Part|272.1438,82.1805,144.7091,0,0,1,0,1,0,-1,0,0|3.0129,1.4035,31.6359|0.9373,0.7216,0.2196|256|0|1|1|1|1|0.1|1",
"P|Part|408.7474,66.4674,148.0926,0.7071,0,0.7071,0,1,0,-0.7071,0,0.7071|0.0302,0.3862,1.0138|0.4196,0.1961,0.4863|256|0|1|1|1|1|0.1|1",
"P|Part|456.5892,78.3052,61.2172,0,0,-1,-0.5093,0.8606,0,0.8606,0.5093,0|1.2816,6.7849,4.5497|0.9725,0.9725,0.9725|256|0|1|1|1|1|0|1",
"P|Part|456.5894,102.3181,40.489,0,0,-1,0.981,-0.1939,0,-0.1939,-0.981,0|1.2578,0.668,7.1059|0.9725,0.9725,0.9725|256|0|1|1|1|1|0|1",
"P|Part|456.589,125.5202,129.8049,0,0,-1,-0.2973,-0.9548,0,-0.9548,0.2973,0|0.5199,0.8181,4.424|0.9373,0.7216,0.2196|256|0|1|1|1|1|0.1|1",
"P|Part|456.5892,138.6399,38.303,0,0,-1,0.8258,0.5639,0,0.5639,-0.8258,0|0.8691,3.107,3.0853|0.9725,0.9725,0.9725|256|0|1|1|1|1|0.1|1",
"P|Part|456.5892,152.3538,110.4294,0,0,-1,-0.8127,-0.5827,0,-0.5827,0.8127,0|0.5199,0.8181,4.424|0.9373,0.7216,0.2196|256|0|1|1|1|1|0.1|1",
"P|Part|175.6599,66.5821,149.9478,0,0,-1,0,1,0,1,0,0|0.0481,0.6156,1.616|0.9373,0.7216,0.2196|256|0|1|1|1|1|0.1|1",
"P|Part|407.6153,66.5821,143.9217,1,0,0,0,1,0,0,0,1|0.0481,0.6156,1.616|0.9373,0.7216,0.2196|256|0|1|1|1|1|0.1|1",
"P|EP2|11.724,71.3506,82.5778,0,0,-1,1,0,0,0,-1,0|1.7679,5.3516,1.7679|0.9725,0.9725,0.9725|256|1|0|1|1|1|0|0|PE:ParticleEmitter:rbxassetid://277916207:1:12:1:1:1.6724:1.6724|AT:Attachment:0,0,0,0,0,0",
"P|Part|-91.9317,143.402,-4.4395,0,0,-1,0,1,0,1,0,0|2.4348,4.8696,1.2174|0.8745,0.8745,0.8706|256|0|1|1|1|1|0|1",
"P|Part|-210.6284,82.5319,168.4316,1,0,0,0,1,0,0,0,1|14.6088,2.4348,14.6088|0.8745,0.8745,0.8706|256|0|1|1|1|1|0|1",
"P|Part|456.5893,149.6074,46.2328,0,0,-1,0.7598,-0.6502,0,-0.6502,-0.7598,0|0.5199,0.8181,4.424|0.9373,0.7216,0.2196|256|0|1|1|1|1|0.1|1",
"P|Part|-132.7147,149.002,168.4316,-1,0,0,0,-1,0,0,0,1|12.174,2.4348,12.174|0.8745,0.8745,0.8706|256|0|1|1|1|1|0|1",
"P|Part|412.8539,156.2269,18.0542,0,1,0,1,0,0,0,0,-1|0.4577,13.5582,13.5582|0.9373,0.7216,0.2196|256|0|1|1|1|1|0.1|1",
"P|Part|456.5892,110.8918,130.6014,0,0,-1,0.9999,-0.015,0,-0.015,-0.9999,0|0.8691,3.107,3.0853|0.9725,0.9725,0.9725|256|0|1|1|1|1|0.1|1",
"P|Part|20.6876,82.8303,79.6777,0,0,1,-1,0,0,0,-1,0|0.1777,0.4075,2.5978|0.9373,0.7216,0.2196|256|0|1|1|1|1|0.1|1",
"P|Part|240.8217,140.1037,144.7148,0,0,-1,0,-1,0,-1,0,0|0.467,0.2547,0.9339|0.9373,0.7216,0.2196|256|0|1|1|1|1|0.1|1",
"P|Part|456.5894,90.3421,61.1774,0,0,-1,0.69,-0.7238,0,-0.7238,-0.69,0|0.8529,0.453,4.8188|0.9725,0.9725,0.9725|256|0|1|1|1|1|0|1",
"P|Part|-91.323,143.402,116.692,-1,0,0,0,1,0,0,0,-1|2.4348,4.8696,1.2174|0.8745,0.8745,0.8706|256|0|1|1|1|1|0|1",
"P|Part|-105.3231,143.402,170.8664,0,0,1,0,1,0,-1,0,0|2.4348,4.8696,1.2174|0.8745,0.8745,0.8706|256|0|1|1|1|1|0|1",
"P|Part|234.6152,149.4109,18.0569,0,0,1,0,1,0,-1,0,0|0.467,5.7054,0.9339|0.9373,0.7216,0.2196|256|0|1|1|1|1|0.1|1",
"P|Part|456.589,79.737,106.5446,0,0,-1,-0.657,-0.7538,0,-0.7538,0.657,0|1.2578,0.668,7.1059|0.9725,0.9725,0.9725|256|0|1|1|1|1|0|1",
"P|Part|456.5892,95.2605,30.1623,0,0,-1,-0.2839,-0.9589,0,-0.9589,0.2839,0|0.5199,0.8181,4.424|0.9373,0.7216,0.2196|256|0|1|1|1|1|0.1|1",
"P|Part|410.6938,109.5029,149.9385,0,0.7071,0.7071,1,0,0,0,0.7071,-0.7071|92.9902,0.6058,0.6058|0.9373,0.7216,0.2196|256|0|1|1|1|1|0.1|1",
"P|Part|204.1559,163.1198,18.0511,0,0,-1,0,1,0,1,0,0|0.467,5.7054,0.9339|0.9373,0.7216,0.2196|256|0|1|1|1|1|0.1|1",
"U|CorinthianCapital|83.1207,156.0227,22.6228,-0.5,0,0.866,0,1,0,-0.866,0,-0.5|5.8439,10.4786,7.4869|0.9725,0.9725,0.9725|256|0|1|1|1|1|0|1",
"P|Part|124.6891,159.114,18.0511,0,1,0,1,0,0,0,0,-1|2.2924,0.5094,0.467|0.9373,0.7216,0.2196|256|0|1|1|1|1|0.1|1",
"P|Part|412.0438,65.9665,149.9476,0,0,1,0,-1,0,1,0,0|0.0481,0.6156,1.616|0.9373,0.7216,0.2196|256|0|1|1|1|1|0.1|1",
"P|Part|456.5893,112.7761,28.0932,0,0,-1,0.0525,-0.9986,0,-0.9986,-0.0525,0|0.5199,0.8181,4.424|0.9373,0.7216,0.2196|256|0|1|1|1|1|0.1|1",
"P|Part|456.5896,117.4237,106.4209,0,0,-1,0.9639,-0.2663,0,-0.2663,-0.9639,0|0.8529,0.4188,4.8188|0.9725,0.9725,0.9725|256|0|1|1|1|1|0|1",
"P|Part|456.5892,111.4171,55.0031,0,0,-1,-0.9987,-0.0512,0,-0.0512,0.9987,0|0.8691,4.6011,3.0853|0.9725,0.9725,0.9725|256|0|1|1|1|1|0|1",
"P|Part|22.4348,70.931,80.8628,0,0.7071,-0.7071,1,0,0,0,-0.7071,-0.7071|0.1498,0.3434,2.189|0.9373,0.7216,0.2196|256|0|1|1|1|1|0.1|1",
"P|Part|377.7972,163.1198,144.7148,0,0,1,0,1,0,-1,0,0|0.467,5.7054,0.9339|0.9373,0.7216,0.2196|256|0|1|1|1|1|0.1|1",
"P|Part|456.589,92.6571,32.6193,0,0,-1,0.9383,-0.3457,0,-0.3457,-0.9383,0|0.8691,3.107,3.0853|0.9725,0.9725,0.9725|256|0|1|1|1|1|0.1|1",
"P|Part|-233.0286,147.1759,147.7357,1,0,0,0,1,0,0,0,1|2.9218,2.6783,1.4609|0.8745,0.8745,0.8706|256|0|1|1|1|1|0|1",
"P|Part|456.589,134.0094,93.4247,0,0,-1,0.4888,-0.8724,0,-0.8724,-0.4888,0|0.8529,0.4188,4.8188|0.9725,0.9725,0.9725|256|0|1|1|1|1|0|1",
"P|Part|187.4041,149.4109,144.709,0,0,1,0,1,0,-1,0,0|0.467,5.7054,0.9339|0.9373,0.7216,0.2196|256|0|1|1|1|1|0.1|1",
"P|Part|456.5892,156.5225,100.1535,0,0,-1,-0.3976,0.9176,0,0.9176,0.3976,0|0.8691,3.107,3.0853|0.9725,0.9725,0.9725|256|0|1|1|1|1|0.1|1",
"P|Part|-234.3677,143.402,-6.8743,0,0,-1,0,1,0,1,0,0|2.4348,4.8696,1.2174|0.8745,0.8745,0.8706|256|0|1|1|1|1|0|1",
"P|Part|456.5892,112.9488,116.928,0,0,-1,-0.9971,0.0761,0,0.0761,0.9971,0|1.2816,6.7849,4.5497|0.9725,0.9725,0.9725|256|0|1|1|1|1|0|1",
"P|Part|-135.1494,143.402,-9.9178,-1,0,0,0,1,0,0,0,-1|2.4348,4.8696,1.2174|0.8745,0.8745,0.8706|256|0|1|1|1|1|0|1",
"P|Part|456.5893,127.4752,43.642,0,0,-1,0.9028,0.43,0,0.43,-0.9028,0|1.2578,0.668,7.1059|0.9725,0.9725,0.9725|256|0|1|1|1|1|0|1",
"P|Part|456.5897,95.3176,103.0485,0,0,-1,0.8406,0.5416,0,0.5416,-0.8406,0|0.8529,0.4188,4.8188|0.9725,0.9725,0.9725|256|0|1|1|1|1|0|1",
"P|Part|-227.672,143.402,116.692,-1,0,0,0,1,0,0,0,-1|2.4348,4.8696,1.2174|0.8745,0.8745,0.8706|256|0|1|1|1|1|0|1",
"M|Cloud|-140.6003,288.1442,87.1955,1,0,0,0,-1,0,0,0,-1|51.8872,26.887,72.9216|1,1,1|256|0|1|1|1|1|0|1|rbxassetid://4862430258|",
"P|Part|456.5892,88.3004,127.4015,0,0,-1,-0.4176,0.9086,0,0.9086,0.4176,0|0.5199,0.8181,4.424|0.9373,0.7216,0.2196|256|0|1|1|1|1|0.1|1",
"P|Part|193.1438,107.9531,18.0511,0,-1,0,1,0,0,0,0,1|83.7597,1.5065,1.5065|0.9373,0.7216,0.2196|256|0|1|1|1|1|0.1|1",
"P|Part|456.5893,133.3237,33.5151,0,0,-1,0.4471,-0.8945,0,-0.8945,-0.4471,0|0.5199,0.8181,4.424|0.9373,0.7216,0.2196|256|0|1|1|1|1|0.1|1",
"P|Part|327.6153,65.9665,18.8798,1,0,0,0,-1,0,0,0,-1|0.0481,0.6156,1.616|0.9373,0.7216,0.2196|256|0|1|1|1|1|0.1|1",
"P|Part|456.589,95.6497,128.4953,0,0,-1,0.9581,0.2865,0,0.2865,-0.9581,0|0.8691,3.107,3.0853|0.9725,0.9725,0.9725|256|0|1|1|1|1|0.1|1",
"P|Part|412.3452,66.0812,23.3463,0,0,1,0,-1,0,1,0,0|0.0302,0.3862,1.0138|0.4196,0.1961,0.4863|256|0|1|1|1|1|0.1|1",
"P|Part|193.1438,118.1851,18.0511,0,0,1,0,1,0,-1,0,0|3.0129,1.4035,31.6359|0.9373,0.7216,0.2196|256|0|1|1|1|1|0.1|1",
"P|Part|150.3425,152.0048,18.0568,0,0,1,0,-1,0,1,0,0|0.467,0.2547,0.9339|0.9373,0.7216,0.2196|256|0|1|1|1|1|0.1|1",
"P|Part|456.589,157.1582,102.2824,0,0,-1,0.9047,0.4261,0,0.4261,-0.9047,0|0.5199,0.8181,4.424|0.9373,0.7216,0.2196|256|0|1|1|1|1|0.1|1",
"P|Part|169.6376,109.5029,20.2313,0,0.7071,0.7071,1,0,0,0,0.7071,-0.7071|92.9902,0.6058,0.6058|0.9373,0.7216,0.2196|256|0|1|1|1|1|0.1|1",
"P|Part|456.5893,109.6044,107.4051,0,0,-1,0.9998,0.0195,0,0.0195,-0.9998,0|0.8529,0.4188,4.8188|0.9725,0.9725,0.9725|256|0|1|1|1|1|0|1",
"P|Main|186.2041,60.7741,81.0965,0,0,1,-1,0,0,0,-1,0|3.4948,121.7369,609.7256|0.6392,0.6353,0.6471|256|0|1|1|1|1|0|0|SM:Mesh::rbxassetid://1142495410:FileMesh:3.4948,121.7369,609.7256,0,0,0",
"P|Part|250.4468,66.0812,140.632,-0.7071,0,-0.7071,0,-1,0,-0.7071,0,0.7071|0.0302,0.3862,1.0138|0.4196,0.1961,0.4863|256|0|1|1|1|1|0.1|1",
"P|Part|23.5439,83.4571,79.7537,0,0.7071,0.7071,-1,0,0,0,-0.7071,0.7071|0.2448,0.5613,3.5786|0.9373,0.7216,0.2196|256|0|1|1|1|1|0.1|1",
"P|Part|337.124,152.7408,14.9162,0.7071,0,-0.7071,0,-1,0,-0.7071,0,-0.7071|0.0481,0.6156,1.616|0.9373,0.7216,0.2196|256|0|1|1|1|1|0.1|1",
"P|Part|456.5892,160.3595,66.6697,0,0,-1,0.9662,-0.2577,0,-0.2577,-0.9662,0|0.5199,0.8181,4.424|0.9373,0.7216,0.2196|256|0|1|1|1|1|0.1|1",
"P|Part|248.6157,153.3564,145.5376,-1,0,0,0,1,0,0,0,-1|0.0481,0.6156,1.616|0.9373,0.7216,0.2196|256|0|1|1|1|1|0.1|1",
"P|Part|-110.8014,86.7928,-3.8308,1,0,0,0,1,0,0,0,1|2.4348,6.087,1.2174|0.8745,0.8745,0.8706|256|0|1|1|1|1|0|1",
"P|Part|-233.759,147.1759,44.7436,0,0,-1,0,1,0,1,0,0|2.9218,2.6783,1.4609|0.8745,0.8745,0.8706|256|0|1|1|1|1|0|1",
"P|Part|456.5892,139.8105,102.1148,0,0,-1,0.5967,-0.8025,0,-0.8025,-0.5967,0|1.2816,6.7849,4.5497|0.9725,0.9725,0.9725|256|0|1|1|1|1|0|1",
"P|Part|327.5606,153.2417,144.224,1,0,0,0,1,0,0,0,1|0.0302,0.3862,1.0138|0.4196,0.1961,0.4863|256|0|1|1|1|1|0.1|1",
"P|Part|456.5894,129.4033,33.3087,0,0,-1,0.9245,0.3811,0,0.3811,-0.9245,0|0.8691,3.107,3.0853|0.9725,0.9725,0.9725|256|0|1|1|1|1|0.1|1",
"P|Part|177.7758,109.5029,147.6504,0,0.7071,-0.7071,-1,0,0,0,0.7071,0.7071|92.9901,2.157,4.3139|1,1,1|256|0|1|1|1|1|0|1",
"P|Part|-233.759,147.1759,14.552,0,0,-1,0,1,0,1,0,0|2.9218,2.6783,1.4609|0.8745,0.8745,0.8706|256|0|1|1|1|1|0|1",
"P|Part|114.1438,150.9791,144.7091,0,1,0,1,0,0,0,0,-1|2.2924,0.5094,0.467|0.9373,0.7216,0.2196|256|0|1|1|1|1|0.1|1",
"P|Part|253.3455,153.2417,23.3463,0,0,1,0,1,0,-1,0,0|0.0302,0.3862,1.0138|0.4196,0.1961,0.4863|256|0|1|1|1|1|0.1|1",
"P|Part|258.1243,66.5821,14.9162,-0.7071,0,-0.7071,0,1,0,0.7071,0,-0.7071|0.0481,0.6156,1.616|0.9373,0.7216,0.2196|256|0|1|1|1|1|0.1|1",
"P|Part|456.5893,144.0218,117.5809,0,0,-1,-0.7422,0.6702,0,0.6702,0.7422,0|0.8691,3.107,3.0853|0.9725,0.9725,0.9725|256|0|1|1|1|1|0.1|1",
"P|Part|456.5894,148.5259,67.6197,0,0,-1,-0.308,-0.9514,0,-0.9514,0.308,0|1.2578,0.6176,7.1059|0.9725,0.9725,0.9725|256|0|1|1|1|1|0|1",
"P|Part|249.5552,66.5821,14.9421,-0.7071,0,0.7071,0,1,0,-0.7071,0,-0.7071|0.0481,0.6156,1.616|0.9373,0.7216,0.2196|256|0|1|1|1|1|0.1|1",
"P|Object.a7b5|-186.5856,94.4704,83.2688,0,0,1,0,1,0,-1,0,0|0.1967,0.4945,17.2214|0.8353,0.451,0.2392|256|0|1|1|1|1|0|1",
"P|Part|456.5893,145.7517,118.0009,0,0,-1,0.6857,0.7279,0,0.7279,-0.6857,0|0.5199,0.8181,4.424|0.9373,0.7216,0.2196|256|0|1|1|1|1|0.1|1",
"P|Part|456.5894,159.8799,71.0469,0,0,-1,0.1781,0.984,0,0.984,-0.1781,0|0.8691,3.107,3.0853|0.9725,0.9725,0.9725|256|0|1|1|1|1|0.1|1",
"P|Part|333.6599,65.9665,23.2899,0,0,-1,0,-1,0,-1,0,0|0.0481,0.6156,1.616|0.9373,0.7216,0.2196|256|0|1|1|1|1|0.1|1",
"P|Part|456.5894,123.0497,55.9443,0,0,-1,0.8815,0.4722,0,0.4722,-0.8815,0|0.8529,0.453,4.8188|0.9725,0.9725,0.9725|256|0|1|1|1|1|0|1",
"P|Part|456.5894,139.79,121.0068,0,0,-1,-0.8099,0.5865,0,0.5865,0.8099,0|0.8691,3.107,3.0853|0.9725,0.9725,0.9725|256|0|1|1|1|1|0.1|1",
"P|Part|328.7474,152.8554,21.4347,-0.7071,0,0.7071,0,-1,0,0.7071,0,0.7071|0.0302,0.3862,1.0138|0.4196,0.1961,0.4863|256|0|1|1|1|1|0.1|1",
"P|Part|456.5892,114.4518,131.9721,0,0,-1,-0.0847,-0.9964,0,-0.9964,0.0847,0|0.5199,0.8181,4.424|0.9373,0.7216,0.2196|256|0|1|1|1|1|0.1|1",
"P|Part|22.4349,76.1235,84.357,0,0.7071,-0.7071,-1,0,0,0,0.7071,0.7071|0.1498,0.3434,2.189|0.9373,0.7216,0.2196|256|0|1|1|1|1|0.1|1",
"P|Part|-210.6284,149.002,-6.8743,-1,0,0,0,-1,0,0,0,1|12.174,2.4348,12.174|0.8745,0.8745,0.8706|256|0|1|1|1|1|0|1",
"P|Part|456.5893,129.2356,48.3829,0,0,-1,-0.8563,-0.5165,0,-0.5165,0.8563,0|1.2816,6.7849,4.5497|0.9725,0.9725,0.9725|256|0|1|1|1|1|0|1",
"P|Part|456.5893,108.3132,52.7639,0,0,-1,0.9978,-0.0667,0,-0.0667,-0.9978,0|0.8529,0.453,4.8188|0.9725,0.9725,0.9725|256|0|1|1|1|1|0|1",
"P|Part|456.5893,110.5556,130.6051,0,0,-1,1,-0.0083,0,-0.0083,-1,0|0.8691,3.107,3.0853|0.9725,0.9725,0.9725|256|0|1|1|1|1|0.1|1",
"P|Part|408.7474,152.8554,148.0926,-0.7071,0,0.7071,0,-1,0,0.7071,0,0.7071|0.0302,0.3862,1.0138|0.4196,0.1961,0.4863|256|0|1|1|1|1|0.1|1",
"P|Part|-105.4449,147.1759,-3.2221,1,0,0,0,1,0,0,0,1|2.9218,2.6783,1.4609|0.8745,0.8745,0.8706|256|0|1|1|1|1|0|1",
"M|Cloud|-57.8416,179.1442,449.9201,1,0,0,0,-1,0,0,0,-1|67.6584,35.0593,95.0862|1,1,1|256|0|1|1|1|1|0|1|rbxassetid://4862430258|",
"P|Part|456.5893,140.8842,106.1842,0,0,-1,0.6476,-0.762,0,-0.762,-0.6476,0|1.2578,0.6176,7.1059|0.9725,0.9725,0.9725|256|0|1|1|1|1|0|1",
"P|Part|-135.6364,147.1759,172.0838,1,0,0,0,1,0,0,0,1|2.9218,2.6783,1.4609|0.8745,0.8745,0.8706|256|0|1|1|1|1|0|1",
"P|Part|456.5892,134.2396,93.0083,0,0,-1,0.4736,-0.8808,0,-0.8808,-0.4736,0|0.8529,0.4188,4.8188|0.9725,0.9725,0.9725|256|0|1|1|1|1|0|1",
"P|Part|277.8832,159.5042,18.0511,0,0,-1,0,1,0,1,0,0|0.467,5.7054,0.9339|0.9373,0.7216,0.2196|256|0|1|1|1|1|0.1|1",
"P|Part|178.9515,152.8554,141.323,0.7071,0,-0.7071,0,-1,0,-0.7071,0,-0.7071|0.0302,0.3862,1.0138|0.4196,0.1961,0.4863|256|0|1|1|1|1|0.1|1",
"P|Part|456.5893,96.9671,31.2474,0,0,-1,0.9655,-0.2605,0,-0.2605,-0.9655,0|0.8691,3.107,3.0853|0.9725,0.9725,0.9725|256|0|1|1|1|1|0.1|1",
"P|Part|240.3546,139.078,18.0569,0,-1,0,1,0,0,0,0,1|2.2924,0.5094,0.467|0.9373,0.7216,0.2196|256|0|1|1|1|1|0.1|1",
"P|Part|456.5896,130.2109,126.4454,0,0,-1,0.9177,-0.3972,0,-0.3972,-0.9177,0|0.8691,3.107,3.0853|0.9725,0.9725,0.9725|256|0|1|1|1|1|0.1|1",
"P|Part|456.5892,125.2174,42.6212,0,0,-1,-0.9275,-0.3737,0,-0.3737,0.9275,0|1.2578,0.6176,7.1059|0.9725,0.9725,0.9725|256|0|1|1|1|1|0|1",
"P|Part|456.5892,145.1265,100.1493,0,0,-1,0.4981,-0.8671,0,-0.8671,-0.4981,0|1.2578,0.6176,7.1059|0.9725,0.9725,0.9725|256|0|1|1|1|1|0|1",
"P|Part|456.5892,79.8757,58.7867,0,0,-1,-0.575,0.8181,0,0.8181,0.575,0|1.2816,6.7849,4.5497|0.9725,0.9725,0.9725|256|0|1|1|1|1|0|1",
"P|Part|332.8546,150.5255,18.0554,0,1,0,1,0,0,0,0,-1|0.4577,12.0518,12.0518|0.9373,0.7216,0.2196|256|0|1|1|1|1|0.1|1",
"P|Part|456.5893,129.5171,126.7392,0,0,-1,0.9236,-0.3835,0,-0.3835,-0.9236,0|0.8691,3.107,3.0853|0.9725,0.9725,0.9725|256|0|1|1|1|1|0.1|1",
"P|Part|456.5893,80.4657,52.7364,0,0,-1,0.6772,-0.7358,0,-0.7358,-0.6772,0|1.2578,0.668,7.1059|0.9725,0.9725,0.9725|256|0|1|1|1|1|0|1",
"P|Part|175.8192,123.5212,144.7081,0,0,-1,0,1,0,1,0,0|3.0129,4.7177,3.0129|0.9373,0.7216,0.2196|256|0|1|1|1|1|0.1|1",
"P|Part|456.5894,124.7531,56.9379,0,0,-1,0.8452,0.5345,0,0.5345,-0.8452,0|0.8529,0.453,4.8188|0.9725,0.9725,0.9725|256|0|1|1|1|1|0|1",
"P|Part|-159.4646,61.4038,145.2573,0,0,-1,0,1,0,1,0,0|84.1125,8.0748,178.3186|0.8745,0.8745,0.8706|256|0|1|1|1|1|0|1",
"P|Part|456.589,126.7505,129.405,0,0,-1,-0.3209,-0.9471,0,-0.9471,0.3209,0|0.5199,0.8181,4.424|0.9373,0.7216,0.2196|256|0|1|1|1|1|0.1|1",
"P|Part|456.5892,106.3841,116.8444,0,0,-1,-0.9948,-0.1015,0,-0.1015,0.9948,0|1.2816,6.7849,4.5497|0.9725,0.9725,0.9725|256|0|1|1|1|1|0|1",
"P|Part|456.5894,101.062,105.863,0,0,-1,0.9434,0.3316,0,0.3316,-0.9434,0|0.8529,0.4188,4.8188|0.9725,0.9725,0.9725|256|0|1|1|1|1|0|1",
"M|Right Leg|87.6061,166.6736,146.858,0.9962,0,-0.0872,0,1,0,0.0872,0,0.9962|6.6446,13.2891,6.6446|0.6392,0.6353,0.6471|256|0|0|1|1|1|0|1|rbxassetid://4906912683|",
"P|Part|456.589,152.1582,51.9506,0,0,-1,0.5559,0.8313,0,0.8313,-0.5559,0|0.8691,3.107,3.0853|0.9725,0.9725,0.9725|256|0|1|1|1|1|0.1|1",
"P|Part|456.5893,131.9759,46.153,0,0,-1,0.8406,0.5416,0,0.5416,-0.8406,0|1.2578,0.668,7.1059|0.9725,0.9725,0.9725|256|0|1|1|1|1|0|1",
"P|Part|18.347,77.5517,82.6099,0,-1,0,1,0,0,0,0,1|13.3911,0.3253,2.0737|0.9725,0.9725,0.9725|256|0|1|1|1|1|0|1",
"P|Part|456.589,146.688,74.4504,0,0,-1,-0.1514,-0.9885,0,-0.9885,0.1514,0|1.2816,6.7849,4.5497|0.9725,0.9725,0.9725|256|0|1|1|1|1|0|1",
"P|Part|103.5985,102.0025,18.0511,0,-1,0,1,0,0,0,0,1|71.8586,1.5065,1.5065|0.9373,0.7216,0.2196|256|0|1|1|1|1|0.1|1",
"P|Part|456.589,144.5473,58.9751,0,0,-1,-0.5223,-0.8528,0,-0.8528,0.5223,0|1.2578,0.6176,7.1059|0.9725,0.9725,0.9725|256|0|1|1|1|1|0|1",
"P|Part.ffa6|-193.3425,116.3648,81.7375,0,0,1,0,1,0,-1,0,0|0.7746,0.7746,0.7746|0.9373,0.7216,0.2196|256|0|1|1|1|1|0|1",
"P|Part|187.8712,82.1805,144.7091,0,1,0,1,0,0,0,0,-1|2.0061,3.0129,3.01|0.9373,0.7216,0.2196|256|0|1|1|1|1|0.1|1",
"P|Part|-227.0633,86.7928,39.387,0,0,1,0,1,0,-1,0,0|2.4348,6.087,1.2174|0.8745,0.8745,0.8706|256|0|1|1|1|1|0|1",
"P|Part|456.589,147.1147,80.1531,0,0,-1,0.0028,-1,0,-1,-0.0028,0|1.2816,6.7849,4.5497|0.9725,0.9725,0.9725|256|0|1|1|1|1|0|1",
"P|Part|308.8096,150.9791,18.0568,0,-1,0,1,0,0,0,0,1|2.2924,0.5094,0.467|0.9373,0.7216,0.2196|256|0|1|1|1|1|0.1|1",
"P|Part|170.5734,153.3564,147.839,0.7071,0,0.7071,0,1,0,-0.7071,0,0.7071|0.0481,0.6156,1.616|0.9373,0.7216,0.2196|256|0|1|1|1|1|0.1|1",
"P|Part|150.8093,82.1805,144.7148,0,-1,0,1,0,0,0,0,1|2.0061,3.0129,3.01|0.9373,0.7216,0.2196|256|0|1|1|1|1|0.1|1",
"P|Part|456.5892,86.6039,35.2978,0,0,-1,-0.8851,0.4654,0,0.4654,0.8851,0|0.8691,3.107,3.0853|0.9725,0.9725,0.9725|256|0|1|1|1|1|0.1|1",
"P|Part|456.5892,157.1135,61.3788,0,0,-1,0.3693,0.9293,0,0.9293,-0.3693,0|0.8691,3.107,3.0853|0.9725,0.9725,0.9725|256|0|1|1|1|1|0.1|1",
"P|Object.c56d|-194.0414,130.786,88.1052,0,0,1,-1,0,0,0,-1,0|0.3615,1.8405,3.4154|0.8353,0.451,0.2392|256|0|1|1|1|1|0|1",
"P|Part|327.5606,152.8554,144.224,-1,0,0,0,-1,0,0,0,1|0.0302,0.3862,1.0138|0.4196,0.1961,0.4863|256|0|1|1|1|1|0.1|1",
"P|Part|456.5896,133.9302,87.9642,0,0,-1,-0.3156,0.9489,0,0.9489,0.3156,0|0.8691,4.6011,3.0853|0.9725,0.9725,0.9725|256|0|1|1|1|1|0|1",
"P|Part|399.3546,118.1851,144.7148,0,-1,0,1,0,0,0,0,1|2.0061,3.0129,3.01|0.9373,0.7216,0.2196|256|0|1|1|1|1|0.1|1",
"P|EP1|17.6006,83.86,79.496,-0.7072,0.7071,0,0,0,-1,-0.707,-0.7072,0|0.3911,2.4615,0.3911|0.9725,0.9725,0.9725|256|1|0|1|1|1|0|0|AT:Attachment:0,0,0,0,0,0",
"P|Part|456.5892,104.5648,130.2972,0,0,-1,0.9939,0.1102,0,0.1102,-0.9939,0|0.8691,3.107,3.0853|0.9725,0.9725,0.9725|256|0|1|1|1|1|0.1|1",
"P|Part|456.5887,87.4279,90.6934,0,0,-1,-0.4244,-0.9055,0,-0.9055,0.4244,0|0.8691,4.6011,3.0853|0.9725,0.9725,0.9725|256|0|1|1|1|1|0|1",
"P|Part|456.5894,107.7451,132.1073,0,0,-1,-0.0441,0.999,0,0.999,0.0441,0|0.5199,0.8181,4.424|0.9373,0.7216,0.2196|256|0|1|1|1|1|0.1|1",
"P|Part|456.5892,74.3134,98.5657,0,0,-1,-0.4592,-0.8883,0,-0.8883,0.4592,0|1.2578,0.668,7.1059|0.9725,0.9725,0.9725|256|0|1|1|1|1|0|1",
"P|Part|-91.323,86.7928,171.4751,1,0,0,0,1,0,0,0,1|2.4348,6.087,1.2174|0.8745,0.8745,0.8706|256|0|1|1|1|1|0|1",
"P|Part|-91.5665,115.6452,117.5929,0,0,-1,0,1,0,1,0,0|2.1426,51.6178,1.0713|0.8745,0.8745,0.8706|256|0|1|1|1|1|0|1",
"P|Part|-233.0286,147.1759,38.1696,-1,0,0,0,1,0,0,0,-1|2.9218,2.6783,1.4609|0.8745,0.8745,0.8706|256|0|1|1|1|1|0|1",
"P|Part|250.6982,65.9665,13.7994,-0.7071,0,-0.7071,0,-1,0,-0.7071,0,0.7071|0.0481,0.6156,1.616|0.9373,0.7216,0.2196|256|0|1|1|1|1|0.1|1",
"P|Part|-230.1068,147.1759,163.3185,-1,0,0,0,1,0,0,0,-1|2.9218,2.6783,1.4609|0.8745,0.8745,0.8706|256|0|1|1|1|1|0|1",
"P|Part|-105.9318,143.402,171.4751,1,0,0,0,1,0,0,0,1|2.4348,4.8696,1.2174|0.8745,0.8745,0.8706|256|0|1|1|1|1|0|1",
"P|Part|-86.7456,115.6452,165.7533,-1,0,0,0,1,0,0,0,-1|2.1426,51.6178,1.0713|0.8745,0.8745,0.8706|256|0|1|1|1|1|0|1",
"P|Part|456.5892,98.4644,29.3276,0,0,-1,0.2224,0.975,0,0.975,-0.2224,0|0.5199,0.8181,4.424|0.9373,0.7216,0.2196|256|0|1|1|1|1|0.1|1",
"P|Part|456.5893,96.7479,29.7456,0,0,-1,-0.2553,-0.9669,0,-0.9669,0.2553,0|0.5199,0.8181,4.424|0.9373,0.7216,0.2196|256|0|1|1|1|1|0.1|1",
"P|Part|456.5893,134.4453,67.4832,0,0,-1,-0.4592,-0.8883,0,-0.8883,0.4592,0|0.8529,0.4188,4.8188|0.9725,0.9725,0.9725|256|0|1|1|1|1|0|1",
"P|Part|418.0926,66.5821,18.88,-1,0,0,0,1,0,0,0,-1|0.0481,0.6156,1.616|0.9373,0.7216,0.2196|256|0|1|1|1|1|0.1|1",
"P|Part|456.589,140.5582,37.9058,0,0,-1,-0.5861,0.8102,0,0.8102,0.5861,0|0.5199,0.8181,4.424|0.9373,0.7216,0.2196|256|0|1|1|1|1|0.1|1",
"P|Part|20.6886,83.7247,82.609,-1,0,0,0,1,0,0,0,-1|4.9673,4.9673,4.9673|0.9373,0.7216,0.2196|256|0|1|1|1|1|0.4|1",
"P|Part|-85.8447,86.7928,44.2566,0,0,1,0,1,0,-1,0,0|2.4348,6.087,1.2174|0.8745,0.8745,0.8706|256|0|1|1|1|1|0|1",
"P|Part|456.5894,146.9131,83.8873,0,0,-1,0.1037,-0.9946,0,-0.9946,-0.1037,0|1.2816,6.7849,4.5497|0.9725,0.9725,0.9725|256|0|1|1|1|1|0|1",
"P|Part|456.5893,162.0289,83.2245,0,0,-1,0.9982,0.0602,0,0.0602,-0.9982,0|0.5199,0.8181,4.424|0.9373,0.7216,0.2196|256|0|1|1|1|1|0.1|1",
"P|Part|356.9493,156.5242,18.0511,0,0,1,0,-1,0,1,0,0|0.467,0.2547,0.9339|0.9373,0.7216,0.2196|256|0|1|1|1|1|0.1|1",
"P|Part|456.5893,83.9974,53.8848,0,0,-1,-0.7076,0.7066,0,0.7066,0.7076,0|1.2816,6.7849,4.5497|0.9725,0.9725,0.9725|256|0|1|1|1|1|0|1",
"P|Part|22.8213,77.8007,84.7429,0,0.7071,-0.7071,-1,0,0,0,0.7071,0.7071|0.1828,0.4192,2.6724|0.9373,0.7216,0.2196|256|0|1|1|1|1|0.1|1",
"P|Part|456.5892,97.9215,130.7303,0,0,-1,0.2328,-0.9725,0,-0.9725,-0.2328,0|0.5199,0.8181,4.424|0.9373,0.7216,0.2196|256|0|1|1|1|1|0.1|1",
"P|Part|456.5892,161.746,86.2077,0,0,-1,-0.9931,-0.1175,0,-0.1175,0.9931,0|0.5199,0.8181,4.424|0.9373,0.7216,0.2196|256|0|1|1|1|1|0.1|1",
"P|Part|98.3258,77.2092,18.0511,0,-1,0,1,0,0,0,0,1|5.3203,3.0129,3.01|0.9373,0.7216,0.2196|256|0|1|1|1|1|0.1|1",
"P|Part|-225.8459,143.402,17.4738,0,0,1,0,1,0,-1,0,0|2.4348,4.8696,1.2174|0.8745,0.8745,0.8706|256|0|1|1|1|1|0|1",
"P|Part|456.5894,132.0204,34.4829,0,0,-1,0.9014,0.433,0,0.433,-0.9014,0|0.8691,3.107,3.0853|0.9725,0.9725,0.9725|256|0|1|1|1|1|0.1|1",
"P|Part|456.589,104.0841,28.366,0,0,-1,0.1144,0.9934,0,0.9934,-0.1144,0|0.5199,0.8181,4.424|0.9373,0.7216,0.2196|256|0|1|1|1|1|0.1|1",
"P|Part|456.5894,132.8427,69.4081,0,0,-1,-0.4244,-0.9055,0,-0.9055,0.4244,0|0.8691,4.6011,3.0853|0.9725,0.9725,0.9725|256|0|1|1|1|1|0|1",
"P|Part|248.5606,66.0812,145.2378,1,0,0,0,-1,0,0,0,-1|0.0302,0.3862,1.0138|0.4196,0.1961,0.4863|256|0|1|1|1|1|0.1|1",
"P|Part|140.264,159.114,18.0568,0,-1,0,1,0,0,0,0,1|2.2924,0.5094,0.467|0.9373,0.7216,0.2196|256|0|1|1|1|1|0.1|1",
"P|Part|161.3546,139.078,144.7148,0,-1,0,1,0,0,0,0,1|2.2924,0.5094,0.467|0.9373,0.7216,0.2196|256|0|1|1|1|1|0.1|1",
"P|Part|394.0819,145.4051,18.0568,0,-1,0,1,0,0,0,0,1|2.2924,0.5094,0.467|0.9373,0.7216,0.2196|256|0|1|1|1|1|0.1|1",
"P|Part|456.5892,102.5568,30.0728,0,0,-1,0.9887,-0.1499,0,-0.1499,-0.9887,0|0.8691,3.107,3.0853|0.9725,0.9725,0.9725|256|0|1|1|1|1|0.1|1",
"P|Part|456.5892,145.4394,91.0546,0,0,-1,0.2975,-0.9547,0,-0.9547,-0.2975,0|1.2816,6.7849,4.5497|0.9725,0.9725,0.9725|256|0|1|1|1|1|0|1",
"P|Part|174.8539,156.6846,18.0542,0,1,0,1,0,0,0,0,-1|0.4577,12.0518,12.0518|0.9373,0.7216,0.2196|256|0|1|1|1|1|0.1|1",
"P|Part|145.0699,156.5242,144.7148,0,0,1,0,-1,0,1,0,0|0.467,0.2547,0.9339|0.9373,0.7216,0.2196|256|0|1|1|1|1|0.1|1",
"P|Part|456.5893,122.7169,114.8243,0,0,-1,-0.9403,0.3402,0,0.3402,0.9403,0|1.2816,6.7849,4.5497|0.9725,0.9725,0.9725|256|0|1|1|1|1|0|1",
"M|Cloud|439.3997,164.1442,-149.8045,1,0,0,0,-1,0,0,0,-1|51.8872,26.887,72.9216|1,1,1|256|0|1|1|1|1|0|1|rbxassetid://4862430258|",
"P|Part|-183.2368,143.402,-4.4395,0,0,1,0,1,0,-1,0,0|2.4348,4.8696,1.2174|0.8745,0.8745,0.8706|256|0|1|1|1|1|0|1",
"P|Part|-157.0627,149.002,168.4316,-1,0,0,0,-1,0,0,0,1|12.174,2.4348,12.174|0.8745,0.8745,0.8706|256|0|1|1|1|1|0|1",
"P|Part|456.5894,148.7089,68.2004,0,0,-1,-0.2936,-0.9559,0,-0.9559,0.2936,0|1.2578,0.6176,7.1059|0.9725,0.9725,0.9725|256|0|1|1|1|1|0|1",
"P|Part|456.5894,117.2133,55.9889,0,0,-1,-0.9593,-0.2822,0,-0.2822,0.9593,0|0.8691,4.6011,3.0853|0.9725,0.9725,0.9725|256|0|1|1|1|1|0|1",
"P|Part|456.5892,133.5693,88.9799,0,0,-1,0.3561,-0.9345,0,-0.9345,-0.3561,0|0.8691,4.6011,3.0853|0.9725,0.9725,0.9725|256|0|1|1|1|1|0|1",
"P|Part|456.5893,96.5889,130.3904,0,0,-1,-0.2584,0.966,0,0.966,0.2584,0|0.5199,0.8181,4.424|0.9373,0.7216,0.2196|256|0|1|1|1|1|0.1|1",
"P|Part|-233.1503,86.7928,141.6487,0,0,-1,0,1,0,1,0,0|2.4348,6.087,1.2174|0.8745,0.8745,0.8706|256|0|1|1|1|1|0|1",
"P|Part|247.1332,123.5212,18.0557,0,0,1,0,1,0,-1,0,0|3.0129,4.7177,3.0129|0.9373,0.7216,0.2196|256|0|1|1|1|1|0.1|1",
"P|EP1|24.9113,79.8766,86.7794,0.7071,-0.7071,0,0,0,-1,0.7071,0.7071,0|0.8123,5.1126,0.8123|0.9725,0.9725,0.9725|256|1|0|1|1|1|0|0|AT:Attachment:0,0,0,0,0,0",
"P|Part|456.5892,145.113,118.572,0,0,-1,-0.6736,-0.7391,0,-0.7391,0.6736,0|0.5199,0.8181,4.424|0.9373,0.7216,0.2196|256|0|1|1|1|1|0.1|1",
"P|Part|456.5892,138.317,38.0846,0,0,-1,0.8302,0.5575,0,0.5575,-0.8302,0|0.8691,3.107,3.0853|0.9725,0.9725,0.9725|256|0|1|1|1|1|0.1|1",
"P|Part|219.264,159.114,144.7148,0,-1,0,1,0,0,0,0,1|2.2924,0.5094,0.467|0.9373,0.7216,0.2196|256|0|1|1|1|1|0.1|1",
"P|Part|456.589,117.3096,28.5311,0,0,-1,0.1396,-0.9902,0,-0.9902,-0.1396,0|0.5199,0.8181,4.424|0.9373,0.7216,0.2196|256|0|1|1|1|1|0.1|1",
"P|Part|456.5896,88.1118,63.8376,0,0,-1,0.5927,-0.8054,0,-0.8054,-0.5927,0|0.8529,0.453,4.8188|0.9725,0.9725,0.9725|256|0|1|1|1|1|0|1",
"P|Part|456.5892,162.1078,81.1592,0,0,-1,0.9998,0.0205,0,0.0205,-0.9998,0|0.5199,0.8181,4.424|0.9373,0.7216,0.2196|256|0|1|1|1|1|0.1|1",
"P|Part|456.5892,153.142,109.3274,0,0,-1,0.8276,0.5614,0,0.5614,-0.8276,0|0.5199,0.8181,4.424|0.9373,0.7216,0.2196|256|0|1|1|1|1|0.1|1",
"P|Part|456.5893,109.6964,54.978,0,0,-1,-0.9998,0.0175,0,0.0175,0.9998,0|0.8691,4.6011,3.0853|0.9725,0.9725,0.9725|256|0|1|1|1|1|0|1",
"P|Part|18.7475,77.6461,80.6696,0,-0.7071,0.7071,-1,0,0,0,-0.7071,-0.7071|0.1663,0.3813,2.4307|0.9373,0.7216,0.2196|256|0|1|1|1|1|0.1|1",
"P|Part|456.5894,149.7971,87.4884,0,0,-1,0.1843,-0.9829,0,-0.9829,-0.1843,0|1.2578,0.6176,7.1059|0.9725,0.9725,0.9725|256|0|1|1|1|1|0|1",
"P|Part|456.5892,141.9633,98.8868,0,0,-1,-0.5092,0.8606,0,0.8606,0.5092,0|1.2816,6.7849,4.5497|0.9725,0.9725,0.9725|256|0|1|1|1|1|0|1",
"P|Part|25.3574,78.7081,82.6098,0,1,0,-1,0,0,0,0,1|0.283,0.6488,4.1363|0.9373,0.7216,0.2196|256|0|1|1|1|1|0.1|1",
"P|Part|209.2777,163.1526,144.7091,0,0,-1,0,-1,0,-1,0,0|0.467,0.2547,0.9339|0.9373,0.7216,0.2196|256|0|1|1|1|1|0.1|1",
"P|Part|416.9515,66.0812,141.3231,0.7071,0,-0.7071,0,-1,0,-0.7071,0,-0.7071|0.0302,0.3862,1.0138|0.4196,0.1961,0.4863|256|0|1|1|1|1|0.1|1",
"P|Part|-189.9326,147.1759,171.3533,0,0,-1,0,1,0,1,0,0|2.9218,2.6783,1.4609|0.8745,0.8745,0.8706|256|0|1|1|1|1|0|1",
"P|Part|456.5893,146.5646,73.6978,0,0,-1,-0.1718,-0.9851,0,-0.9851,0.1718,0|1.2816,6.7849,4.5497|0.9725,0.9725,0.9725|256|0|1|1|1|1|0|1",
"P|Part|282.6891,159.114,144.7091,0,1,0,1,0,0,0,0,-1|2.2924,0.5094,0.467|0.9373,0.7216,0.2196|256|0|1|1|1|1|0.1|1",
"P|Part|20.6877,77.5517,84.9507,0,0,1,1,0,0,0,1,0|13.3911,0.3253,2.0737|0.9725,0.9725,0.9725|256|0|1|1|1|1|0|1",
"P|Part|456.5892,132.3573,125.4723,0,0,-1,-0.8982,0.4396,0,0.4396,0.8982,0|0.8691,3.107,3.0853|0.9725,0.9725,0.9725|256|0|1|1|1|1|0.1|1",
"P|Part|24.3037,83.2175,82.61,0,1,0,-1,0,0,0,0,1|0.2192,0.5025,3.2036|0.9373,0.7216,0.2196|256|0|1|1|1|1|0.1|1",
"P|Part|18.6141,82.8303,80.5365,0,-0.7071,0.7071,-1,0,0,0,-0.7071,-0.7071|0.1777,0.4075,2.5978|0.9373,0.7216,0.2196|256|0|1|1|1|1|0.1|1",
"P|Part|156.0819,82.1805,18.0568,0,-1,0,1,0,0,0,0,1|2.0061,3.0129,3.01|0.9373,0.7216,0.2196|256|0|1|1|1|1|0.1|1",
"P|Part|27.0785,79.683,82.6101,0,1,0,-1,0,0,0,0,1|0.3873,0.8881,5.6617|0.9373,0.7216,0.2196|256|0|1|1|1|1|0.1|1",
"P|Part|456.5892,92.5805,62.1378,0,0,-1,-0.7143,0.6999,0,0.6999,0.7143,0|0.8691,4.6011,3.0853|0.9725,0.9725,0.9725|256|0|1|1|1|1|0|1",
"P|Part|-210.6284,82.5319,-6.8743,1,0,0,0,1,0,0,0,1|14.6088,2.4348,14.6088|0.8745,0.8745,0.8706|256|0|1|1|1|1|0|1",
"P|Part|175.6602,152.7408,139.423,0,0,-1,0,-1,0,-1,0,0|0.0481,0.6156,1.616|0.9373,0.7216,0.2196|256|0|1|1|1|1|0.1|1",
"P|Part|336.3258,77.2092,144.709,0,-1,0,1,0,0,0,0,1|5.3203,3.0129,3.01|0.9373,0.7216,0.2196|256|0|1|1|1|1|0.1|1",
"P|Part|456.589,107.1741,29.5882,0,0,-1,0.9983,-0.0585,0,-0.0585,-0.9983,0|0.8691,3.107,3.0853|0.9725,0.9725,0.9725|256|0|1|1|1|1|0.1|1",
"P|Part|180.1486,66.4674,145.238,-1,0,0,0,1,0,0,0,-1|0.0302,0.3862,1.0138|0.4196,0.1961,0.4863|256|0|1|1|1|1|0.1|1",
"P|Part|456.5896,98.3717,104.7523,0,0,-1,0.9028,0.43,0,0.43,-0.9028,0|0.8529,0.4188,4.8188|0.9725,0.9725,0.9725|256|0|1|1|1|1|0|1",
"P|Part|203.6891,112.0205,144.7091,0,-1,0,1,0,0,0,0,1|91.8946,1.5065,1.5065|0.9373,0.7216,0.2196|256|0|1|1|1|1|0.1|1",
"P|Object.5c83|-194.0414,126.5654,88.1052,0,0,1,-1,0,0,0,-1,0|12.6251,1.6535,3.4154|0.9373,0.7216,0.2196|256|0|1|1|1|1|0|1",
"P|Part|-91.81,147.1759,172.0838,1,0,0,0,1,0,0,0,1|2.9218,2.6783,1.4609|0.8745,0.8745,0.8706|256|0|1|1|1|1|0|1",
"P|Part|456.5892,76.5482,102.3636,0,0,-1,-0.5534,-0.8329,0,-0.8329,0.5534,0|1.2578,0.668,7.1059|0.9725,0.9725,0.9725|256|0|1|1|1|1|0|1",
"P|Part|456.5896,132.389,125.455,0,0,-1,-0.8979,0.4401,0,0.4402,0.8979,0|0.8691,3.107,3.0853|0.9725,0.9725,0.9725|256|0|1|1|1|1|0.1|1",
"P|Part|456.5894,132.4917,127.0695,0,0,-1,-0.4312,-0.9023,0,-0.9023,0.4312,0|0.5199,0.8181,4.424|0.9373,0.7216,0.2196|256|0|1|1|1|1|0.1|1",
"P|Part|456.5897,139.2119,123.2179,0,0,-1,-0.5603,-0.8283,0,-0.8283,0.5603,0|0.5199,0.8181,4.424|0.9373,0.7216,0.2196|256|0|1|1|1|1|0.1|1",
"P||-91.5665,115.6452,121.8781,0,0,-1,0,1,0,1,0,0|2.1426,51.6178,1.0713|0.8745,0.8745,0.8706|256|0|1|1|1|1|0|1",
"P|Part|332.3455,152.8554,23.3463,0,0,1,0,-1,0,1,0,0|0.0302,0.3862,1.0138|0.4196,0.1961,0.4863|256|0|1|1|1|1|0.1|1",
"P|Part|456.5896,129.1783,44.5038,0,0,-1,0.8815,0.4722,0,0.4722,-0.8815,0|1.2578,0.668,7.1059|0.9725,0.9725,0.9725|256|0|1|1|1|1|0|1",
"P|Part|-86.4534,86.7928,-9.9178,-1,0,0,0,1,0,0,0,-1|2.4348,6.087,1.2174|0.8745,0.8745,0.8706|256|0|1|1|1|1|0|1",
"P|Part|456.5893,138.5142,103.7596,0,0,-1,0.6411,-0.7674,0,-0.7674,-0.6411,0|1.2816,6.7849,4.5497|0.9725,0.9725,0.9725|256|0|1|1|1|1|0|1",
"P|Part|336.3258,118.1851,144.709,0,1,0,1,0,0,0,0,-1|2.0061,3.0129,3.01|0.9373,0.7216,0.2196|256|0|1|1|1|1|0.1|1",
"P|Part|-230.1068,86.7928,164.1707,-1,0,0,0,1,0,0,0,-1|2.4348,6.087,1.2174|0.8745,0.8745,0.8706|256|0|1|1|1|1|0|1",
"P|Part|388.3425,152.0048,18.0568,0,0,1,0,-1,0,1,0,0|0.467,0.2547,0.9339|0.9373,0.7216,0.2196|256|0|1|1|1|1|0.1|1",
"P|Part|250.6982,66.5821,140.4574,0.7071,0,-0.7071,0,1,0,0.7071,0,0.7071|0.0481,0.6156,1.616|0.9373,0.7216,0.2196|256|0|1|1|1|1|0.1|1",
"P|Part|346.8712,105.1661,144.7091,0,-1,0,1,0,0,0,0,1|78.1858,1.5065,1.5065|0.9373,0.7216,0.2196|256|0|1|1|1|1|0.1|1",
"P|Part|456.5893,121.5242,130.8797,0,0,-1,-0.2205,-0.9754,0,-0.9754,0.2205,0|0.5199,0.8181,4.424|0.9373,0.7216,0.2196|256|0|1|1|1|1|0.1|1",
"P|Part|456.5892,156.2303,59.2847,0,0,-1,0.4108,0.9117,0,0.9117,-0.4108,0|0.8691,3.107,3.0853|0.9725,0.9725,0.9725|256|0|1|1|1|1|0.1|1",
"P|Part|-227.4285,115.6452,-9.0169,0,0,1,0,1,0,-1,0,0|2.1426,51.6178,1.0713|0.8745,0.8745,0.8706|256|0|1|1|1|1|0|1",
"P|Part|456.5894,121.4124,104.9796,0,0,-1,0.9111,-0.4121,0,-0.4121,-0.9112,0|0.8529,0.4188,4.8188|0.9725,0.9725,0.9725|256|0|1|1|1|1|0|1",
"P|Part|98.3258,123.5212,18.0511,0,-1,0,1,0,0,0,0,1|5.3203,3.0129,3.01|0.9373,0.7216,0.2196|256|0|1|1|1|1|0.1|1",
"P|Part|303.5366,155.4984,18.0568,0,-1,0,1,0,0,0,0,1|2.2924,0.5094,0.467|0.9373,0.7216,0.2196|256|0|1|1|1|1|0.1|1",
"P|Part|174.0438,152.7408,23.2896,0,0,1,0,-1,0,1,0,0|0.0481,0.6156,1.616|0.9373,0.7216,0.2196|256|0|1|1|1|1|0.1|1",
"M|Cloud|178.1996,276.1442,-184.4045,1,0,0,0,-1,0,0,0,-1|51.8872,26.887,72.9216|1,1,1|256|0|1|1|1|1|0|1|rbxassetid://4862430258|",
"P|Part|338.0926,65.9665,143.922,-1,0,0,0,-1,0,0,0,1|0.0481,0.6156,1.616|0.9373,0.7216,0.2196|256|0|1|1|1|1|0.1|1",
"P|Part|-186.2803,86.7928,-11.1352,-1,0,0,0,1,0,0,0,-1|2.4348,6.087,1.2174|0.8745,0.8745,0.8706|256|0|1|1|1|1|0|1",
"P|Part|456.5892,145.2625,91.6055,0,0,-1,0.3125,-0.9499,0,-0.9499,-0.3125,0|1.2816,6.7849,4.5497|0.9725,0.9725,0.9725|256|0|1|1|1|1|0|1",
"P|Part|456.5894,147.7715,115.9696,0,0,-1,-0.7247,-0.6891,0,-0.6891,0.7247,0|0.5199,0.8181,4.424|0.9373,0.7216,0.2196|256|0|1|1|1|1|0.1|1",
"P|Part|456.5892,128.5825,97.0376,0,0,-1,0.6774,-0.7356,0,-0.7356,-0.6774,0|0.8691,4.6011,3.0853|0.9725,0.9725,0.9725|256|0|1|1|1|1|0|1",
"P|Part|253.0438,65.9665,23.2897,0,0,1,0,-1,0,1,0,0|0.0481,0.6156,1.616|0.9373,0.7216,0.2196|256|0|1|1|1|1|0.1|1",
"P|Part|-159.4975,143.402,-3.8308,1,0,0,0,1,0,0,0,1|2.4348,4.8696,1.2174|0.8745,0.8745,0.8706|256|0|1|1|1|1|0|1",
"P|Part|456.5892,142.601,97.7642,0,0,-1,-0.479,0.8778,0,0.8778,0.479,0|1.2816,6.7849,4.5497|0.9725,0.9725,0.9725|256|0|1|1|1|1|0|1",
"P|Part|456.5893,121.8817,130.7971,0,0,-1,-0.2274,-0.9738,0,-0.9738,0.2274,0|0.5199,0.8181,4.424|0.9373,0.7216,0.2196|256|0|1|1|1|1|0.1|1",
"P|Part|-86.7456,115.6452,171.1099,1,0,0,0,1,0,0,0,1|2.1426,51.6178,1.0713|0.8745,0.8745,0.8706|256|0|1|1|1|1|0|1",
"P|Object.eded|-186.5856,94.4704,80.6373,0,0,1,0,1,0,-1,0,0|0.1967,0.4945,17.2214|0.8353,0.451,0.2392|256|0|1|1|1|1|0|1",
"P|Part|456.589,162.0857,78.618,0,0,-1,-0.9996,0.0283,0,0.0283,0.9996,0|0.5199,0.8181,4.424|0.9373,0.7216,0.2196|256|0|1|1|1|1|0.1|1",
"P|Part|248.6157,153.3564,17.2638,1,0,0,0,1,0,0,0,1|0.0481,0.6156,1.616|0.9373,0.7216,0.2196|256|0|1|1|1|1|0.1|1",
"P|Part|456.5894,149.8753,87.057,0,0,-1,0.1736,-0.9848,0,-0.9848,-0.1736,0|1.2578,0.6176,7.1059|0.9725,0.9725,0.9725|256|0|1|1|1|1|0|1",
"P|Part|218.7972,163.1198,18.0568,0,0,1,0,1,0,-1,0,0|0.467,5.7054,0.9339|0.9373,0.7216,0.2196|256|0|1|1|1|1|0.1|1",
"P|Part|335.0119,109.5029,12.8584,0,0.7071,0.7071,1,0,0,0,0.7071,-0.7071|92.9902,0.6058,0.6058|0.9373,0.7216,0.2196|256|0|1|1|1|1|0.1|1",
"P|Part|187.8712,105.1661,144.7091,0,-1,0,1,0,0,0,0,1|78.1858,1.5065,1.5065|0.9373,0.7216,0.2196|256|0|1|1|1|1|0.1|1",
"P|Part|129.8109,162.127,18.0511,0,1,0,1,0,0,0,0,-1|2.2924,0.5094,0.467|0.9373,0.7216,0.2196|256|0|1|1|1|1|0.1|1",
"P|Part|456.5896,109.3513,120.3896,0,0,-1,0.9998,0.0195,0,0.0195,-0.9998,0|1.2578,0.6176,7.1059|0.9725,0.9725,0.9725|256|0|1|1|1|1|0|1",
"P|Part|18.9405,81.3159,80.8627,0,-0.7071,-0.7071,1,0,0,0,-0.7071,0.7071|0.1498,0.3434,2.189|0.9373,0.7216,0.2196|256|0|1|1|1|1|0.1|1",
"P|Part|383.5366,155.4984,144.7148,0,-1,0,1,0,0,0,0,1|2.2924,0.5094,0.467|0.9373,0.7216,0.2196|256|0|1|1|1|1|0.1|1",
"P|Part|456.5892,140.5555,53.5361,0,0,-1,-0.657,-0.7538,0,-0.7538,0.657,0|1.2578,0.6176,7.1059|0.9725,0.9725,0.9725|256|0|1|1|1|1|0|1",
"P|Part|456.5894,116.2202,29.869,0,0,-1,0.9927,0.1204,0,0.1204,-0.9927,0|0.8691,3.107,3.0853|0.9725,0.9725,0.9725|256|0|1|1|1|1|0.1|1",
"P|Part|456.589,99.5434,131.088,0,0,-1,-0.2016,0.9795,0,0.9795,0.2016,0|0.5199,0.8181,4.424|0.9373,0.7216,0.2196|256|0|1|1|1|1|0.1|1",
"P|Part|456.5894,86.7813,94.2744,0,0,-1,-0.5202,-0.854,0,-0.854,0.5202,0|0.8529,0.453,4.8188|0.9725,0.9725,0.9725|256|0|1|1|1|1|0|1",
"P|Part|-188.7151,143.402,-3.8308,1,0,0,0,1,0,0,0,1|2.4348,4.8696,1.2174|0.8745,0.8745,0.8706|256|0|1|1|1|1|0|1",
"P|Part|-88.8882,143.402,-11.1352,-1,0,0,0,1,0,0,0,-1|2.4348,4.8696,1.2174|0.8745,0.8745,0.8706|256|0|1|1|1|1|0|1",
"P|Part|456.5894,134.0912,124.5825,0,0,-1,-0.8806,0.4738,0,0.4738,0.8806,0|0.8691,3.107,3.0853|0.9725,0.9725,0.9725|256|0|1|1|1|1|0.1|1",
"P|Part|287.8109,162.127,144.7091,0,1,0,1,0,0,0,0,-1|2.2924,0.5094,0.467|0.9373,0.7216,0.2196|256|0|1|1|1|1|0.1|1",
"P|Part|-161.3236,86.7928,-6.8743,0,0,-1,0,1,0,1,0,0|2.4348,6.087,1.2174|0.8745,0.8745,0.8706|256|0|1|1|1|1|0|1",
"P|Part|-212.771,115.6452,-4.196,1,0,0,0,1,0,0,0,1|2.1426,51.6178,1.0713|0.8745,0.8745,0.8706|256|0|1|1|1|1|0|1",
"P|Part|456.5893,106.6511,55.214,0,0,-1,-0.9903,0.1389,0,0.1389,0.9903,0|0.8691,4.6011,3.0853|0.9725,0.9725,0.9725|256|0|1|1|1|1|0|1",
"P|Part|456.5894,127.4398,61.8946,0,0,-1,0.7238,0.69,0,0.69,-0.7238,0|0.8691,4.6011,3.0853|0.9725,0.9725,0.9725|256|0|1|1|1|1|0|1",
"P|Part|338.1486,66.4674,17.5663,1,0,0,0,1,0,0,0,1|0.0302,0.3862,1.0138|0.4196,0.1961,0.4863|256|0|1|1|1|1|0.1|1",
"P|Part|456.5893,128.7654,31.5036,0,0,-1,0.3596,-0.9331,0,-0.9331,-0.3596,0|0.5199,0.8181,4.424|0.9373,0.7216,0.2196|256|0|1|1|1|1|0.1|1",
"P|Part|-188.7151,86.7928,165.3881,-1,0,0,0,1,0,0,0,-1|2.4348,6.087,1.2174|0.8745,0.8745,0.8706|256|0|1|1|1|1|0|1",
"P|Part|-186.2803,147.1759,173.5447,1,0,0,0,1,0,0,0,1|2.9218,2.6783,1.4609|0.8745,0.8745,0.8706|256|0|1|1|1|1|0|1",
"P|Part|456.5893,87.8237,95.8581,0,0,-1,-0.5781,-0.8159,0,-0.8159,0.5781,0|0.8529,0.453,4.8188|0.9725,0.9725,0.9725|256|0|1|1|1|1|0|1",
"P|Part|456.5892,139.1342,36.9052,0,0,-1,0.5587,-0.8294,0,-0.8294,-0.5587,0|0.5199,0.8181,4.424|0.9373,0.7216,0.2196|256|0|1|1|1|1|0.1|1",
"P|Part|456.589,110.6122,107.4064,0,0,-1,0.9998,-0.0174,0,-0.0174,-0.9999,0|0.8529,0.4188,4.8188|0.9725,0.9725,0.9725|256|0|1|1|1|1|0|1",
"P|Part|18.9404,76.1235,80.8627,0,-0.7071,0.7071,-1,0,0,0,-0.7071,-0.7071|0.1498,0.3434,2.189|0.9373,0.7216,0.2196|256|0|1|1|1|1|0.1|1",
"P|Part|383.5366,118.1851,18.0568,0,-1,0,1,0,0,0,0,1|2.0061,3.0129,3.01|0.9373,0.7216,0.2196|256|0|1|1|1|1|0.1|1",
"P|Part|-85.236,147.1759,171.3533,0,0,1,0,1,0,-1,0,0|2.9218,2.6783,1.4609|0.8745,0.8745,0.8706|256|0|1|1|1|1|0|1",
"P|Part|456.5894,128.3444,100.4783,0,0,-1,0.7465,-0.6653,0,-0.6653,-0.7465,0|0.8529,0.4188,4.8188|0.9725,0.9725,0.9725|256|0|1|1|1|1|0|1",
"M|Cloud|541.7997,164.1442,279.7955,1,0,0,0,-1,0,0,0,-1|51.8872,26.887,72.9216|1,1,1|256|0|1|1|1|1|0|1|rbxassetid://4862430258|",
"P|Part|456.5892,113.357,132.052,0,0,-1,0.0637,0.998,0,0.998,-0.0637,0|0.5199,0.8181,4.424|0.9373,0.7216,0.2196|256|0|1|1|1|1|0.1|1",
"P|Part|456.589,107.2468,116.9224,0,0,-1,-0.9969,-0.0781,0,-0.0781,0.9969,0|1.2816,6.7849,4.5497|0.9725,0.9725,0.9725|256|0|1|1|1|1|0|1",
"P|Part|-227.4285,115.6452,43.9644,0,0,1,0,1,0,-1,0,0|2.1426,51.6178,1.0713|0.8745,0.8745,0.8706|256|0|1|1|1|1|0|1",
"P|Part|257.2346,152.8554,13.9483,-0.7071,0,0.7071,0,-1,0,0.7071,0,0.7071|0.0302,0.3862,1.0138|0.4196,0.1961,0.4863|256|0|1|1|1|1|0.1|1",
"P|Part.26d6|-186.5856,94.4704,78.4316,0,0,1,0,1,0,-1,0,0|0.1967,0.4945,17.2214|0.8353,0.451,0.2392|256|0|1|1|1|1|0|1",
"P|Part|456.589,90.735,128.4506,0,0,-1,0.3708,-0.9287,0,-0.9287,-0.3708,0|0.5199,0.8181,4.424|0.9373,0.7216,0.2196|256|0|1|1|1|1|0.1|1",
"P|Part|456.5893,145.9718,42.399,0,0,-1,0.69,-0.7238,0,-0.7238,-0.69,0|0.5199,0.8181,4.424|0.9373,0.7216,0.2196|256|0|1|1|1|1|0.1|1",
"P|Part|-91.0308,115.6452,171.1099,1,0,0,0,1,0,0,0,1|2.1426,51.6178,1.0713|0.8745,0.8745,0.8706|256|0|1|1|1|1|0|1",
"P|Part|456.5892,112.8276,120.3083,0,0,-1,0.9978,-0.0667,0,-0.0667,-0.9978,0|1.2578,0.6176,7.1059|0.9725,0.9725,0.9725|256|0|1|1|1|1|0|1",
"P|Part|456.5893,124.3783,128.5555,0,0,-1,0.9595,-0.2818,0,-0.2818,-0.9595,0|0.8691,3.107,3.0853|0.9725,0.9725,0.9725|256|0|1|1|1|1|0.1|1",
"P|Part|456.5892,114.4465,116.7837,0,0,-1,-0.9932,0.1165,0,0.1165,0.9932,0|1.2816,6.7849,4.5497|0.9725,0.9725,0.9725|256|0|1|1|1|1|0|1",
"P|Part|170.5734,65.9665,147.8392,-0.7071,0,0.7071,0,-1,0,0.7071,0,0.7071|0.0481,0.6156,1.616|0.9373,0.7216,0.2196|256|0|1|1|1|1|0.1|1",
"P|Part|319.3546,82.1805,18.0569,0,-1,0,1,0,0,0,0,1|2.0061,3.0129,3.01|0.9373,0.7216,0.2196|256|0|1|1|1|1|0.1|1",
"P|Part|288.2777,163.1526,18.0511,0,0,-1,0,-1,0,-1,0,0|0.467,0.2547,0.9339|0.9373,0.7216,0.2196|256|0|1|1|1|1|0.1|1",
"P|Part|336.9347,153.2417,21.4627,0.7071,0,-0.7071,0,1,0,0.7071,0,0.7071|0.0302,0.3862,1.0138|0.4196,0.1961,0.4863|256|0|1|1|1|1|0.1|1",
"P|Part|456.5892,105.091,130.3533,0,0,-1,0.995,0.0998,0,0.0998,-0.995,0|0.8691,3.107,3.0853|0.9725,0.9725,0.9725|256|0|1|1|1|1|0.1|1",
"P|Part|456.5892,152.6703,50.1971,0,0,-1,-0.8187,0.5741,0,0.5742,0.8188,0|0.5199,0.8181,4.424|0.9373,0.7216,0.2196|256|0|1|1|1|1|0.1|1",
"P|Part|-88.8882,147.1759,163.3185,-1,0,0,0,1,0,0,0,-1|2.9218,2.6783,1.4609|0.8745,0.8745,0.8706|256|0|1|1|1|1|0|1",
"P|Part|456.5896,97.8891,118.492,0,0,-1,0.9528,0.3036,0,0.3036,-0.9528,0|1.2578,0.6176,7.1059|0.9725,0.9725,0.9725|256|0|1|1|1|1|0|1",
"P|Part|337.1078,66.5821,147.8672,0.7071,0,-0.7071,0,1,0,0.7071,0,0.7071|0.0481,0.6156,1.616|0.9373,0.7216,0.2196|256|0|1|1|1|1|0.1|1",
"P|Part|456.5893,130.6627,33.8469,0,0,-1,0.9139,0.406,0,0.406,-0.9139,0|0.8691,3.107,3.0853|0.9725,0.9725,0.9725|256|0|1|1|1|1|0.1|1",
"P|Part|456.589,161.4918,88.0682,0,0,-1,-0.9882,-0.1532,0,-0.1532,0.9882,0|0.5199,0.8181,4.424|0.9373,0.7216,0.2196|256|0|1|1|1|1|0.1|1",
"P|Part|456.5894,130.9911,110.5936,0,0,-1,-0.8259,0.5639,0,0.5639,0.8259,0|1.2816,6.7849,4.5497|0.9725,0.9725,0.9725|256|0|1|1|1|1|0|1",
"P|Part|-132.7147,143.402,172.6925,1,0,0,0,1,0,0,0,1|2.4348,4.8696,1.2174|0.8745,0.8745,0.8706|256|0|1|1|1|1|0|1",
"P|Part|-135.6364,147.1759,-10.5265,-1,0,0,0,1,0,0,0,-1|2.9218,2.6783,1.4609|0.8745,0.8745,0.8706|256|0|1|1|1|1|0|1",
"P|Part|456.5893,88.3632,46.103,0,0,-1,0.8417,-0.5399,0,-0.5399,-0.8417,0|1.2578,0.668,7.1059|0.9725,0.9725,0.9725|256|0|1|1|1|1|0|1",
"P|Part|456.589,131.2121,66.4603,0,0,-1,-0.5419,-0.8405,0,-0.8405,0.5419,0|0.8691,4.6011,3.0853|0.9725,0.9725,0.9725|256|0|1|1|1|1|0|1",
"P|Part|456.5894,108.9968,54.9943,0,0,-1,-0.999,0.0452,0,0.0452,0.999,0|0.8691,4.6011,3.0853|0.9725,0.9725,0.9725|256|0|1|1|1|1|0|1",
"P|Part|464.6617,80.6007,108.6787,0,0,1,0,1,0,-1,0,0|32.1977,0.8534,0.9479|0.9373,0.7216,0.2196|256|0|1|1|1|1|0.1|1",
"P|Part|456.5893,126.1196,32.0859,0,0,-1,0.9487,0.3162,0,0.3162,-0.9487,0|0.8691,3.107,3.0853|0.9725,0.9725,0.9725|256|0|1|1|1|1|0.1|1",
"P|Part|456.5892,85.6905,124.3136,0,0,-1,0.8754,0.4834,0,0.4834,-0.8754,0|0.8691,3.107,3.0853|0.9725,0.9725,0.9725|256|0|1|1|1|1|0.1|1",
"P|Part|456.5892,123.3004,128.8585,0,0,-1,0.9655,-0.2605,0,-0.2605,-0.9655,0|0.8691,3.107,3.0853|0.9725,0.9725,0.9725|256|0|1|1|1|1|0.1|1",
"U|CorinthianCapital|90.2417,149.3139,145.3189,-0.9659,0.2588,0,0.2588,0.9659,0,0,0,-1|2.0992,5.5728,2.2216|0.9725,0.9725,0.9725|256|0|1|1|1|1|0|1",
"P|Part|-233.759,147.1759,122.6573,0,0,-1,0,1,0,1,0,0|2.9218,2.6783,1.4609|0.8745,0.8745,0.8706|256|0|1|1|1|1|0|1",
"P|Part|456.589,122.8209,29.614,0,0,-1,0.2454,-0.9694,0,-0.9694,-0.2454,0|0.5199,0.8181,4.424|0.9373,0.7216,0.2196|256|0|1|1|1|1|0.1|1",
"P|Part|456.5893,127.627,101.0941,0,0,-1,0.7691,-0.6392,0,-0.6392,-0.7691,0|0.8529,0.4188,4.8188|0.9725,0.9725,0.9725|256|0|1|1|1|1|0|1",
"P|Part|456.5893,145.81,89.7783,0,0,-1,-0.263,0.9648,0,0.9648,0.263,0|1.2816,6.7849,4.5497|0.9725,0.9725,0.9725|256|0|1|1|1|1|0|1",
"P|Part|418.0926,153.3564,145.5378,-1,0,0,0,1,0,0,0,-1|0.0481,0.6156,1.616|0.9373,0.7216,0.2196|256|0|1|1|1|1|0.1|1",
"P|Part|22.9937,83.0167,80.3037,0,0.7071,0.7071,-1,0,0,0,-0.7071,0.7071|0.1977,0.4532,2.8894|0.9373,0.7216,0.2196|256|0|1|1|1|1|0.1|1",
"P|Part|193.6106,154.9849,144.7091,0,0,-1,0,1,0,1,0,0|0.467,5.7054,0.9339|0.9373,0.7216,0.2196|256|0|1|1|1|1|0.1|1",
"P|Part|-86.7456,115.6452,-4.196,1,0,0,0,1,0,0,0,1|2.1426,51.6178,1.0713|0.8745,0.8745,0.8706|256|0|1|1|1|1|0|1",
"P|Part|20.688,78.2,78.8878,0,0,1,-1,0,0,0,-1,0|0.2256,0.5172,3.2973|0.9373,0.7216,0.2196|256|0|1|1|1|1|0.1|1",
"P|Part|412.0438,66.5821,23.2897,0,0,1,0,1,0,-1,0,0|0.0481,0.6156,1.616|0.9373,0.7216,0.2196|256|0|1|1|1|1|0.1|1",
"P|Part|119.8832,156.5242,18.0511,0,0,-1,0,-1,0,-1,0,0|0.467,0.2547,0.9339|0.9373,0.7216,0.2196|256|0|1|1|1|1|0.1|1",
"P|Part|192.6767,152.0048,144.7091,0,0,1,0,-1,0,1,0,0|0.467,0.2547,0.9339|0.9373,0.7216,0.2196|256|0|1|1|1|1|0.1|1",
"P|Part|456.5892,88.0126,32.9089,0,0,-1,-0.4231,-0.9061,0,-0.9061,0.4231,0|0.5199,0.8181,4.424|0.9373,0.7216,0.2196|256|0|1|1|1|1|0.1|1",
"P|Object.66df|-186.5856,94.4704,71.8345,0,0,1,0,1,0,-1,0,0|0.1967,0.4945,17.2214|0.8353,0.451,0.2392|256|0|1|1|1|1|0|1",
"P|Part|327.5606,66.0812,144.224,-1,0,0,0,-1,0,0,0,1|0.0302,0.3862,1.0138|0.4196,0.1961,0.4863|256|0|1|1|1|1|0.1|1",
"P|Part|456.5892,151.2259,50.6037,0,0,-1,0.5825,0.8128,0,0.8128,-0.5825,0|0.8691,3.107,3.0853|0.9725,0.9725,0.9725|256|0|1|1|1|1|0.1|1",
"P|Part|456.5892,123.2647,41.8928,0,0,-1,-0.9456,-0.3253,0,-0.3253,0.9456,0|1.2578,0.6176,7.1059|0.9725,0.9725,0.9725|256|0|1|1|1|1|0|1",
"P|Part|456.5892,131.5817,34.2665,0,0,-1,0.9056,0.4242,0,0.4242,-0.9056,0|0.8691,3.107,3.0853|0.9725,0.9725,0.9725|256|0|1|1|1|1|0.1|1",
"P|Part|456.5892,154.6456,53.2144,0,0,-1,0.8565,-0.5161,0,-0.5161,-0.8565,0|0.5199,0.8181,4.424|0.9373,0.7216,0.2196|256|0|1|1|1|1|0.1|1",
"P|Part|-230.1068,147.1759,173.5447,1,0,0,0,1,0,0,0,1|2.9218,2.6783,1.4609|0.8745,0.8745,0.8706|256|0|1|1|1|1|0|1",
"P|Part|-111.4101,143.402,-4.4395,0,0,-1,0,1,0,1,0,0|2.4348,4.8696,1.2174|0.8745,0.8745,0.8706|256|0|1|1|1|1|0|1",
"P|Part|335.0036,109.5029,149.942,0,0.7071,0.7071,1,0,0,0,0.7071,-0.7071|92.9902,0.6058,0.6058|0.9373,0.7216,0.2196|256|0|1|1|1|1|0.1|1",
"P|Part|-227.672,86.7928,-9.9178,-1,0,0,0,1,0,0,0,-1|2.4348,6.087,1.2174|0.8745,0.8745,0.8706|256|0|1|1|1|1|0|1",
"P|Part|245.6273,98.387,144.7148,0,1,0,1,0,0,0,0,-1|64.6275,1.5065,1.5065|0.9373,0.7216,0.2196|256|0|1|1|1|1|0.1|1",
"P|Part|456.5893,137.2813,50.2298,0,0,-1,0.7395,0.6732,0,0.6732,-0.7395,0|1.2578,0.668,7.1059|0.9725,0.9725,0.9725|256|0|1|1|1|1|0|1",
"P|Part|-111.2884,147.1759,172.0838,1,0,0,0,1,0,0,0,1|2.9218,2.6783,1.4609|0.8745,0.8745,0.8706|256|0|1|1|1|1|0|1",
"P|Part|456.5894,128.7808,96.8182,0,0,-1,-0.6687,0.7436,0,0.7436,0.6687,0|0.8691,4.6011,3.0853|0.9725,0.9725,0.9725|256|0|1|1|1|1|0|1",
"P|Part|388.3425,152.0048,144.7148,0,0,1,0,-1,0,1,0,0|0.467,0.2547,0.9339|0.9373,0.7216,0.2196|256|0|1|1|1|1|0.1|1",
"M|Object.edd1|-193.0545,111.625,72.1599,0,0,-1,0,1,0,1,0,0|2.4354,9.8679,1.008|0.9373,0.7216,0.2196|256|0|0|1|1|1|0|1|rbxassetid://1619396280|",
"P|Part|456.5894,108.8517,39.7443,0,0,-1,0.9995,-0.0319,0,-0.0319,-0.9995,0|1.2578,0.668,7.1059|0.9725,0.9725,0.9725|256|0|1|1|1|1|0|1",
"P|Part|180.0926,152.7408,18.8799,1,0,0,0,-1,0,0,0,-1|0.0481,0.6156,1.616|0.9373,0.7216,0.2196|256|0|1|1|1|1|0.1|1",
"P|Part|456.589,91.2964,31.5156,0,0,-1,0.36,0.9329,0,0.9329,-0.36,0|0.5199,0.8181,4.424|0.9373,0.7216,0.2196|256|0|1|1|1|1|0.1|1",
"P|Part|456.5892,132.3225,113.7559,0,0,-1,0.8353,-0.5498,0,-0.5498,-0.8353,0|1.2578,0.6176,7.1059|0.9725,0.9725,0.9725|256|0|1|1|1|1|0|1",
"P|Part|-159.3758,169.3529,81.3874,1,0,0,0,1,0,0,0,1|158.2622,2.4348,82.7833|0.8745,0.8745,0.8706|256|0|1|1|1|1|0|1",
"P|Part|-226.3572,115.6452,17.4738,0,0,1,0,1,0,-1,0,0|2.1426,51.6178,1.0713|0.8745,0.8745,0.8706|256|0|1|1|1|1|0|1",
"P|Part|456.5892,152.9391,53.1462,0,0,-1,0.5322,0.8466,0,0.8466,-0.5322,0|0.8691,3.107,3.0853|0.9725,0.9725,0.9725|256|0|1|1|1|1|0.1|1",
"P|Part|456.5893,133.4937,89.2033,0,0,-1,-0.3649,0.931,0,0.931,0.3649,0|0.8691,4.6011,3.0853|0.9725,0.9725,0.9725|256|0|1|1|1|1|0|1",
"P|Part|456.5894,94.905,128.259,0,0,-1,0.9535,0.3012,0,0.3012,-0.9535,0|0.8691,3.107,3.0853|0.9725,0.9725,0.9725|256|0|1|1|1|1|0.1|1",
"P|Part|20.6877,83.2175,86.226,0,0,-1,-1,0,0,0,1,0|0.2192,0.5025,3.2036|0.9373,0.7216,0.2196|256|0|1|1|1|1|0.1|1",
"P|Part|456.5894,94.905,128.259,0,0,-1,0.9535,0.3012,0,0.3012,-0.9535,0|0.8691,3.107,3.0853|0.9725,0.9725,0.9725|256|0|1|1|1|1|0.1|1",
"P|Part|18.9405,70.931,84.357,0,-0.7071,0.7071,1,0,0,0,0.7071,0.7071|0.1498,0.3434,2.189|0.9373,0.7216,0.2196|256|0|1|1|1|1|0.1|1",
"P|Part|456.5892,146.5096,86.71,0,0,-1,0.1801,-0.9837,0,-0.9837,-0.1801,0|1.2816,6.7849,4.5497|0.9725,0.9725,0.9725|256|0|1|1|1|1|0|1",
"P|Part|146.0037,159.5042,144.7148,0,0,-1,0,1,0,1,0,0|0.467,5.7054,0.9339|0.9373,0.7216,0.2196|256|0|1|1|1|1|0.1|1",
"P|Part|456.5892,90.0106,65.0888,0,0,-1,0.5967,-0.8025,0,-0.8025,-0.5967,0|0.8691,4.6011,3.0853|0.9725,0.9725,0.9725|256|0|1|1|1|1|0|1",
"P|Part|-92.6378,115.6452,41.8218,0,0,-1,0,1,0,1,0,0|2.1426,51.6178,1.0713|0.8745,0.8745,0.8706|256|0|1|1|1|1|0|1",
"P|Part|456.5892,119.3088,105.8286,0,0,-1,0.9422,-0.335,0,-0.335,-0.9422,0|0.8529,0.4188,4.8188|0.9725,0.9725,0.9725|256|0|1|1|1|1|0|1",
"P|Part|456.5894,161.568,72.6247,0,0,-1,-0.9897,0.1434,0,0.1434,0.9897,0|0.5199,0.8181,4.424|0.9373,0.7216,0.2196|256|0|1|1|1|1|0.1|1",
"P|Object.75d5|-193.9073,107.7927,82.7978,0,0,1,0,1,0,-1,0,0|0.6266,24.6936,1.8916|1,1,0|256|0|1|1|1|1|0|1",
"P|Part|456.589,123.0979,128.9146,0,0,-1,0.9666,-0.2565,0,-0.2565,-0.9666,0|0.8691,3.107,3.0853|0.9725,0.9725,0.9725|256|0|1|1|1|1|0.1|1",
"P|Part|456.589,144.178,40.7638,0,0,-1,0.6555,-0.7552,0,-0.7552,-0.6555,0|0.5199,0.8181,4.424|0.9373,0.7216,0.2196|256|0|1|1|1|1|0.1|1",
"P|Part|456.5892,138.3999,56.2095,0,0,-1,-0.6447,-0.7644,0,-0.7644,0.6447,0|1.2816,6.7849,4.5497|0.9725,0.9725,0.9725|256|0|1|1|1|1|0|1",
"P|Part|456.5892,136.5756,105.9022,0,0,-1,0.6991,-0.715,0,-0.715,-0.6991,0|1.2816,6.7849,4.5497|0.9725,0.9725,0.9725|256|0|1|1|1|1|0|1",
"P|Part|456.5892,98.2015,29.3842,0,0,-1,-0.2274,-0.9738,0,-0.9738,0.2274,0|0.5199,0.8181,4.424|0.9373,0.7216,0.2196|256|0|1|1|1|1|0.1|1",
"P|Part|456.5889,132.911,69.5435,0,0,-1,-0.4191,-0.908,0,-0.908,0.4191,0|0.8691,4.6011,3.0853|0.9725,0.9725,0.9725|256|0|1|1|1|1|0|1",
"P|Part|456.5892,137.3472,77.1591,0,0,-1,-0.1056,-0.9944,0,-0.9944,0.1056,0|0.8529,0.4188,4.8188|0.9725,0.9725,0.9725|256|0|1|1|1|1|0|1",
"P|Part|-233.0286,147.1759,164.7794,-1,0,0,0,1,0,0,0,-1|2.9218,2.6783,1.4609|0.8745,0.8745,0.8706|256|0|1|1|1|1|0|1",
"P|Part|456.5892,106.0941,39.9269,0,0,-1,0.995,-0.1003,0,-0.1003,-0.995,0|1.2578,0.668,7.1059|0.9725,0.9725,0.9725|256|0|1|1|1|1|0|1",
"P|Part|-227.9642,115.6452,-4.196,1,0,0,0,1,0,0,0,1|2.1426,51.6178,1.0713|0.8745,0.8745,0.8706|256|0|1|1|1|1|0|1",
"P|Part|-230.1068,86.7928,21.7347,1,0,0,0,1,0,0,0,1|2.4348,6.087,1.2174|0.8745,0.8745,0.8706|256|0|1|1|1|1|0|1",
"P|Part|456.5892,114.7273,55.3986,0,0,-1,0.9831,0.1831,0,0.1831,-0.9831,0|0.8691,4.6011,3.0853|0.9725,0.9725,0.9725|256|0|1|1|1|1|0|1",
"P|Part|-207.5849,143.402,165.9968,0,0,1,0,1,0,-1,0,0|2.4348,4.8696,1.2174|0.8745,0.8745,0.8706|256|0|1|1|1|1|0|1",
"P|Part|-106.224,115.6452,-9.5526,-1,0,0,0,1,0,0,0,-1|2.1426,51.6178,1.0713|0.8745,0.8745,0.8706|256|0|1|1|1|1|0|1",
"P|Part|412.8542,154.5785,144.7245,0,0,1,0,1,0,-1,0,0|10.3946,10.3946,10.3946|0.9373,0.7216,0.2196|256|0|1|1|1|1|0.1|1",
"P|Part|456.5892,142.3344,98.2338,0,0,-1,-0.4917,0.8708,0,0.8708,0.4917,0|1.2816,6.7849,4.5497|0.9725,0.9725,0.9725|256|0|1|1|1|1|0|1",
"P|Part|103.5985,102.0025,144.709,0,-1,0,1,0,0,0,0,1|71.8586,1.5065,1.5065|0.9373,0.7216,0.2196|256|0|1|1|1|1|0.1|1",
"P|Part|259.0681,109.5029,15.9142,0,0.7071,0.7071,1,0,0,0,0.7071,-0.7071|92.9902,0.6058,0.6058|0.9373,0.7216,0.2196|256|0|1|1|1|1|0.1|1",
"P|Part|151.2764,152.0048,144.7148,0,0,-1,0,-1,0,-1,0,0|0.467,0.2547,0.9339|0.9373,0.7216,0.2196|256|0|1|1|1|1|0.1|1",
"P|Part|456.5894,110.4212,52.7029,0,0,-1,0.9999,0.0105,0,0.0105,-0.9999,0|0.8529,0.453,4.8188|0.9725,0.9725,0.9725|256|0|1|1|1|1|0|1",
"P|Part|456.5894,123.687,56.2949,0,0,-1,0.8686,0.4955,0,0.4955,-0.8686,0|0.8529,0.453,4.8188|0.9725,0.9725,0.9725|256|0|1|1|1|1|0|1",
"P|Part|418.0607,109.5029,20.233,0,0.7071,0.7071,1,0,0,0,0.7071,-0.7071|92.9902,0.6058,0.6058|0.9373,0.7216,0.2196|256|0|1|1|1|1|0.1|1",
"P|Part|180.1486,66.0812,145.238,1,0,0,0,-1,0,0,0,-1|0.0302,0.3862,1.0138|0.4196,0.1961,0.4863|256|0|1|1|1|1|0.1|1",
"P|Part|-90.3668,54.0796,77.6005,1,0,0,0,1,0,0,0,1|369.3939,12.1592,279.201|0.9294,0.9176,0.9176|256|0|1|1|1|1|0|1",
"P|Part|456.589,106.4189,43.2546,0,0,-1,-0.9949,0.1004,0,0.1004,0.9949,0|1.2816,6.7849,4.5497|0.9725,0.9725,0.9725|256|0|1|1|1|1|0|1",
"P|Part|-134.8573,115.6452,-9.5526,-1,0,0,0,1,0,0,0,-1|2.1426,51.6178,1.0713|0.8745,0.8745,0.8706|256|0|1|1|1|1|0|1",
"P|Part|-91.9317,86.7928,141.6487,0,0,-1,0,1,0,1,0,0|2.4348,6.087,1.2174|0.8745,0.8745,0.8706|256|0|1|1|1|1|0|1",
"P|Part|362.6891,159.114,18.0511,0,1,0,1,0,0,0,0,-1|2.2924,0.5094,0.467|0.9373,0.7216,0.2196|256|0|1|1|1|1|0.1|1",
"P|Part|-153.4105,147.1759,165.5098,0,0,1,0,1,0,-1,0,0|2.9218,2.6783,1.4609|0.8745,0.8745,0.8706|256|0|1|1|1|1|0|1",
"P|Part|-230.1068,147.1759,-1.7612,1,0,0,0,1,0,0,0,1|2.9218,2.6783,1.4609|0.8745,0.8745,0.8706|256|0|1|1|1|1|0|1",
"P|Part|-130.2799,143.402,171.4751,1,0,0,0,1,0,0,0,1|2.4348,4.8696,1.2174|0.8745,0.8745,0.8706|256|0|1|1|1|1|0|1",
"P|Part|-210.6284,147.1759,-11.9874,-1,0,0,0,1,0,0,0,-1|2.9218,2.6783,1.4609|0.8745,0.8745,0.8706|256|0|1|1|1|1|0|1",
"P|Part|456.589,148.0518,115.6717,0,0,-1,-0.73,-0.6834,0,-0.6834,0.73,0|0.5199,0.8181,4.424|0.9373,0.7216,0.2196|256|0|1|1|1|1|0.1|1",
"P|Part|171.4468,66.0812,140.632,-0.7071,0,-0.7071,0,-1,0,-0.7071,0,0.7071|0.0302,0.3862,1.0138|0.4196,0.1961,0.4863|256|0|1|1|1|1|0.1|1",
"P|Part|-232.5416,86.7928,20.5173,1,0,0,0,1,0,0,0,1|2.4348,6.087,1.2174|0.8745,0.8745,0.8706|256|0|1|1|1|1|0|1",
"P|Part|254.3595,66.0812,139.3673,0,0,-1,0,-1,0,-1,0,0|0.0302,0.3862,1.0138|0.4196,0.1961,0.4863|256|0|1|1|1|1|0.1|1",
"P|Part|456.5893,104.5762,104.5062,0,0,-1,-0.9751,-0.2217,0,-0.2217,0.9751,0|0.8691,4.6011,3.0853|0.9725,0.9725,0.9725|256|0|1|1|1|1|0|1",
"P|Part|-232.5416,143.402,171.4751,1,0,0,0,1,0,0,0,1|2.4348,4.8696,1.2174|0.8745,0.8745,0.8706|256|0|1|1|1|1|0|1",
"P|Part|456.5894,150.4849,79.6544,0,0,-1,-0.0098,-1,0,-1,0.0098,0|1.2578,0.6176,7.1059|0.9725,0.9725,0.9725|256|0|1|1|1|1|0|1",
"P|Part|456.5894,149.8211,72.747,0,0,-1,-0.181,-0.9835,0,-0.9835,0.181,0|1.2578,0.6176,7.1059|0.9725,0.9725,0.9725|256|0|1|1|1|1|0|1",
"P|Part|456.5893,136.7295,86.5022,0,0,-1,0.2358,-0.9718,0,-0.9718,-0.2358,0|0.8529,0.4188,4.8188|0.9725,0.9725,0.9725|256|0|1|1|1|1|0|1",
"P|Part|357.8832,156.5242,18.0511,0,0,-1,0,-1,0,-1,0,0|0.467,0.2547,0.9339|0.9373,0.7216,0.2196|256|0|1|1|1|1|0.1|1",
"P|Part|248.6153,65.9665,18.8798,1,0,0,0,-1,0,0,0,-1|0.0481,0.6156,1.616|0.9373,0.7216,0.2196|256|0|1|1|1|1|0.1|1",
"P|Part|456.589,99.4728,102.7508,0,0,-1,-0.9051,-0.4252,0,-0.4252,0.9051,0|0.8691,4.6011,3.0853|0.9725,0.9725,0.9725|256|0|1|1|1|1|0|1",
"P|Part|456.589,72.3601,65.9287,0,0,-1,0.3501,-0.9367,0,-0.9367,-0.3501,0|1.2578,0.668,7.1059|0.9725,0.9725,0.9725|256|0|1|1|1|1|0|1",
"P|Part|456.5894,87.7316,95.7574,0,0,-1,0.5741,0.8188,0,0.8188,-0.5741,0|0.8529,0.4188,4.8188|0.9725,0.9725,0.9725|256|0|1|1|1|1|0|1",
"P|Part|456.5892,91.4386,115.8015,0,0,-1,0.8861,0.4634,0,0.4634,-0.8861,0|1.2578,0.6176,7.1059|0.9725,0.9725,0.9725|256|0|1|1|1|1|0|1",
"P|Part|351.6767,152.0048,18.0511,0,0,1,0,-1,0,1,0,0|0.467,0.2547,0.9339|0.9373,0.7216,0.2196|256|0|1|1|1|1|0.1|1",
"P|Part|456.589,105.0535,55.4906,0,0,-1,-0.9793,0.2026,0,0.2026,0.9793,0|0.8691,4.6011,3.0853|0.9725,0.9725,0.9725|256|0|1|1|1|1|0|1",
"P|Part|140.264,82.1805,18.0568,0,-1,0,1,0,0,0,0,1|2.0061,3.0129,3.01|0.9373,0.7216,0.2196|256|0|1|1|1|1|0.1|1",
}

-- Auto-generated MapSpawner LocalScript
-- Creates map parts entirely from code - no Workspace or ReplicatedStorage parts needed

local function getMaterial(num)
    local ok, mat = pcall(function() return Enum.Material:GetEnumItem(num) end)
    if ok and mat then return mat end
    return Enum.Material.Plastic
end

local function buildCFrame(cf)
    return CFrame.new(cf[1],cf[2],cf[3],cf[4],cf[5],cf[6],cf[7],cf[8],cf[9],cf[10],cf[11],cf[12])
end

local function split(str, sep)
    local parts = {}
    for s in str:gmatch("[^" .. sep .. "]+") do
        table.insert(parts, s)
    end
    return parts
end

local function splitNum(str)
    local parts = {}
    for s in str:gmatch("[^,]+") do
        table.insert(parts, tonumber(s) or 0)
    end
    return parts
end

-- Ensure the model exists
local model = workspace:FindFirstChild("MyCustomMap")
if not model then
    model = Instance.new("Model")
    model.Name = "MyCustomMap"
    model.Parent = workspace
end

local count = 0
for _, line in ipairs(DATA) do
    local f = split(line, "|")
    local cn = f[1]
    local name = f[2]
    local cf = splitNum(f[3])
    local sz = splitNum(f[4])
    local col = splitNum(f[5])
    local matNum = tonumber(f[6]) or 256
    local trans = tonumber(f[7]) or 0
    local cc = f[8] == "1"
    local cq = f[9] == "1"
    local ct = f[10] == "1"
    local anchored = f[11] == "1"
    local ref = tonumber(f[12]) or 0
    local cs = f[13] == "1"
    
    local actualClass = "Part"
    if cn == "M" then actualClass = "MeshPart"
    elseif cn == "U" then actualClass = "Part"
    elseif cn == "S" then actualClass = "Seat"
    elseif cn == "L" then actualClass = "SpawnLocation"
    elseif cn == "W" then actualClass = "WedgePart"
    elseif cn == "C" then actualClass = "CornerWedgePart"
    elseif cn == "T" then actualClass = "TrussPart"
    end
    
    local part = Instance.new(actualClass)
    part.Name = name
    part.CFrame = buildCFrame(cf)
    part.Size = Vector3.new(sz[1], sz[2], sz[3])
    part.Color = Color3.new(col[1], col[2], col[3])
    part.Material = getMaterial(matNum)
    part.Transparency = trans
    part.CanCollide = cc
    part.CanQuery = cq
    part.CanTouch = ct
    part.Anchored = anchored
    part.Reflectance = ref
    part.CastShadow = cs
    
    local idx = 14
    if cn == "M" then
        local mid = f[14] or ""
        local tid = f[15] or ""
        if mid ~= "" then part.MeshId = mid end
        if tid ~= "" then part.TextureId = tid end
        idx = 16
    end
    
    -- Children
    for i = idx, #f do
        local childStr = f[i]
        if childStr:sub(1, 3) == "SM:" then
            local cf2 = split(childStr:sub(4), ":")
            local mesh = Instance.new("SpecialMesh")
            mesh.Name = cf2[1] or "Mesh"
            mesh.MeshId = cf2[2] or ""
            mesh.TextureId = cf2[3] or ""
            local mt = cf2[4] or "Brick"
            if mt == "FileMesh" then mesh.MeshType = Enum.MeshType.FileMesh
            elseif mt == "Head" then mesh.MeshType = Enum.MeshType.Head
            elseif mt == "Sphere" then mesh.MeshType = Enum.MeshType.Sphere
            elseif mt == "Cylinder" then mesh.MeshType = Enum.MeshType.Cylinder
            elseif mt == "Brick" then mesh.MeshType = Enum.MeshType.Brick
            elseif mt == "Wedge" then mesh.MeshType = Enum.MeshType.Wedge
            elseif mt == "Torso" then mesh.MeshType = Enum.MeshType.Torso
            else mesh.MeshType = Enum.MeshType.Brick end
            local sc = splitNum(cf2[5] or "1,1,1")
            local of = splitNum(cf2[6] or "0,0,0")
            mesh.Scale = Vector3.new(sc[1],sc[2],sc[3])
            mesh.Offset = Vector3.new(of[1],of[2],of[3])
            mesh.Parent = part
        elseif childStr:sub(1, 3) == "CM:" then
            local cf2 = split(childStr:sub(4), ":")
            local mesh = Instance.new("CylinderMesh")
            mesh.Name = cf2[1] or "Mesh"
            local sc = splitNum(cf2[2] or "1,1,1")
            local of = splitNum(cf2[3] or "0,0,0")
            mesh.Scale = Vector3.new(sc[1],sc[2],sc[3])
            mesh.Offset = Vector3.new(of[1],of[2],of[3])
            mesh.Parent = part
        elseif childStr:sub(1, 3) == "AT:" then
            local cf2 = split(childStr:sub(4), ":")
            local att = Instance.new("Attachment")
            att.Name = cf2[1] or "Attachment"
            local v = splitNum(cf2[2] or "0,0,0,0,0,0")
            att.CFrame = CFrame.new(v[1],v[2],v[3]) * CFrame.Angles(v[4],v[5],v[6])
            att.Parent = part
        elseif childStr:sub(1, 3) == "PE:" then
            local cf2 = split(childStr:sub(4), ":")
            local pe = Instance.new("ParticleEmitter")
            pe.Name = cf2[1] or "ParticleEmitter"
            pe.Texture = cf2[2] or ""
            pe.Enabled = cf2[3] == "1"
            pe.Rate = tonumber(cf2[4]) or 0
            local ltMin, ltMax = tonumber(cf2[5]) or 0, tonumber(cf2[6]) or 0
            local spMin, spMax = tonumber(cf2[7]) or 0, tonumber(cf2[8]) or 0
            pe.Lifetime = NumberRange.new(ltMin, ltMax)
            pe.Speed = NumberRange.new(spMin, spMax)
            pe.Parent = part
        elseif childStr:sub(1, 3) == "BM:" then
            local cf2 = split(childStr:sub(4), ":")
            local beam = Instance.new("Beam")
            beam.Name = cf2[1] or "Beam"
            beam.Texture = cf2[2] or ""
            beam.Width0 = tonumber(cf2[3]) or 0
            beam.Width1 = tonumber(cf2[4]) or 0
            beam.Parent = part
        end
    end
    
    if cn == "L" then
        part.Parent = workspace
    else
        part.Parent = model
    end
    
    count = count + 1
end

print("[MapSpawner] Created " .. count .. " parts")
